"","response","2,5-pyrazinediol (NIST)","3-phosphoglycerate","4-guanidinobutyric acid","adenine","adenosine","carbonate ion","citric acid","D-fructose","D-glucose","DL-isoleucine","D-malic acid","D-ribose-5-phosphate","fumaric acid","gluconic acid","glycerol 3-phosphate","glycine","hypotaurine","inosine","L-(+) lactic acid","lactose","L-alanine","L-aspartic acid","L-cysteine","L-glutamic acid","L-glutamine","L-lysine","L-methionine","L-ornithine","L-phenylalanine","L-pyroglutamic acid","L-serine","L-threonine","L-tryptophan","L-tyrosine","L-valine","methyl phosphate (NIST)","myo-inositol","myristic acid","oleic acid","palmitic acid","pantothenic acid","phosphoric acid","putrescine","pyruvic acid","scyllo-inositol (NIST)","stearic acid","succinic acid","thymine","uracil","?-ketoglutaric acid","Unknown 01","Unknown 02","Unknown 03","Unknown 04","Unknown 05","Unknown 06","Unknown 07","Unknown 08","Unknown 09","Unknown 10","Unknown 11","Unknown 12","Unknown 13","Unknown 14","Unknown 15","Unknown 16","Unknown 17","Unknown 18","Unknown 19","Unknown 20","Unknown 21","Unknown 22","Unknown 23","Unknown 24","Unknown 25","Unknown 26","Unknown 27","Unknown 28","Unknown 29","Unknown 30"
"Mock_0hr_2",0,17.4919942014722,17.4715026227857,17.6122407515452,20.0335883864548,20.577192423553,23.4567208357948,21.1266366017018,18.8372805211251,23.3612517381183,20.217483091593,23.1149119165506,17.9517528835915,19.9055953105735,16.0355464424103,20.6651252887181,20.285681130191,19.0876755638812,18.4079525676904,23.5442959513887,16.6232356525921,21.4688452512351,20.5460989324257,19.0625452884562,22.8200469126587,21.1227761691363,18.3584494580807,18.0036800376027,19.2844176008125,19.1688273893679,24.3448651403474,21.0610095413522,21.1468004489538,21.0124255556981,19.1312923646711,20.4010368108499,17.9169257640868,23.5670430529336,24.0126891091837,18.2450694475462,21.8437612757738,15.1825750335913,26.4810810939511,18.4754403177487,17.2610103290462,18.4908515479906,22.2982354422184,20.4203341957268,15.0178734533877,19.5343878390453,20.0829339986802,18.9975191954215,21.5940447401252,17.81975926466,15.7884554417415,18.0439407355788,18.0869906699478,15.3350274020077,18.515244436965,19.792178733949,21.0009474604427,20.632081669503,16.4579286386112,17.1625708784722,19.2757275263837,18.6243332410883,18.5067711235902,17.9390162076708,17.8176944492539,19.1556405345598,18.3185870662292,18.9563442295201,17.9197533695571,16.6458433573215,17.4263571948695,17.1463300099307,16.025020882274,16.1064081239679,17.5985186414938,17.0698519123378,20.8564344955913
"Mock_0hr_3",0,17.5833632043578,18.7821204919456,18.2879706245452,19.7443687329938,20.3859486515385,23.8533236060761,21.3889465173956,19.0233864155224,23.5760977786023,20.3227684616565,23.346877644358,18.4042889953077,19.9887531088292,14.416690101795,20.957124010881,20.503706829093,19.2582036715824,19.7404663614873,23.5769682596882,17.5057962720245,21.6885119591705,20.8185638338158,19.3584817755282,23.1757695024801,21.5854263926723,18.4548092183295,18.367471303807,18.5885006998541,19.3930700077612,24.4495005545987,21.3331936375327,21.4017723946327,17.9796240780614,19.2795722374203,20.4701458376539,17.9037981421946,23.7779310078067,24.5325610274049,18.84307516762,22.2428427320812,15.3747028122357,26.5193226338211,18.5422594533572,17.6698414065721,18.5097335903359,22.5972291146441,20.6701886121164,14.8348857849425,19.1458093542392,20.4309098849229,19.903488666619,22.3063405612689,18.2929248635922,15.6825471195033,18.128622560091,18.126468403563,15.6702689707127,18.8449796127986,20.1572976224207,21.6551231493456,20.2009334891065,16.5085358267945,18.3398567120167,19.7179043504354,18.3036367956234,18.600455854505,18.1603873652022,18.1943282872849,19.5002111271379,18.3652091952689,19.1846011486827,18.1572245474379,16.807228763749,17.7089856998648,17.6570059569711,16.7791741087618,16.0548253466064,18.0020759773845,17.460554627853,22.5787826147492
"Mock_0hr_4",0,17.5521426469562,16.3086940323355,17.611126097042,20.0582810603706,18.6451658552881,21.6768586719281,20.8204759588968,19.3439859826066,22.2407501963,19.9318234089931,22.9613482741249,17.6816784395514,19.6822714506865,13.992389611288,20.5417553838464,20.212363590333,18.7584994797709,18.9843570238456,23.1960785738413,15.9080152500447,21.6339130866233,20.503788782512,18.4671356190118,22.7362126600681,20.5866856738859,18.0546294505517,17.765794364468,19.0243071275527,19.0195476042551,24.1946940078458,20.8522228167898,20.9593029800047,17.3780848314861,19.0237518784833,20.2321704488655,16.9824053997697,23.4868721993659,24.0070352739828,18.3815493483813,21.8597741335107,14.8600227752233,26.3004919085026,18.3642033106041,16.8003177588282,18.3103517106429,22.1021434158901,20.3072591080954,14.9076833767724,19.5981199171291,19.8641054189064,18.7574159612094,20.8882977557273,17.783774199112,15.7086613026587,17.9784235079372,19.091946382116,15.1395148093371,17.3589548041281,18.6764117600524,20.1462694136067,20.9136896587151,16.0390885656336,17.6707467307255,19.1628219026436,19.1895577841454,18.3129632074829,17.9718607380968,17.8155823619356,19.2114617995555,18.3067361164252,18.7605798992715,17.8011480799658,16.5193549974049,17.1892647574857,16.9753214946608,15.251554264719,14.8326894377307,17.3868264839918,16.6393063848782,20.9295224696234
"Mock_3hr_2",0,16.77392364305,16.976183071164,18.6100649765695,20.0642831000548,20.5651320226016,22.6582642339952,20.3686694765558,18.6950548353036,24.8764885091656,18.6443708431753,22.5114161923614,17.6282805489444,19.1918202886687,13.6455201258538,20.0435970951539,20.0258880035869,17.8804931595304,19.2445132276354,23.7027530283803,14.9070422101002,20.6406965101694,19.7382297945803,18.4807097476552,21.8249010882254,19.0216271083701,18.9337203716816,17.8556350077976,18.824615810546,19.0721334268545,23.6764149695826,19.9486899178557,20.3492487663882,16.2715766197998,18.9835406358526,19.3155460421093,18.0397620824463,22.5220447098925,23.1364288261195,18.3250654811358,20.9848003021782,14.7469746121733,25.6591671798905,18.8820787038946,16.786225689991,18.9923078851452,21.2258001754802,18.5605744433798,15.1997139670153,19.4538879752418,19.4346980301407,19.3897392386685,19.5677724025138,17.0610146098416,15.5346850119613,17.9287541367484,18.0479444294014,14.1438614818679,17.2663810706428,19.0418839288482,19.7251882078462,20.3968990998185,15.8380206509767,16.5957753012819,18.7728676637056,15.7464070988488,18.0821368609728,17.8605183934793,17.3645956367699,19.3476186500615,18.0997590225219,18.6787716555872,17.2941653219059,15.7486241556471,17.9923722229228,17.9040603297342,17.7089953185885,17.4967601738948,17.2513682818199,16.9152658579859,19.0895771298347
"Mock_3hr_3",0,16.6445753447309,16.9632983258988,17.5674718131269,19.8273987084115,20.684840081004,22.1672230943907,20.1768804608862,18.4206344032867,24.5460611295599,19.4822830150283,22.1180931958781,18.0172451071159,18.9449560547478,15.5078948756782,19.7815082788728,19.3720165064735,17.4928557378938,19.5805765135127,23.3297771849082,15.4007727241226,20.799314555934,19.6664226074903,18.8372666158183,21.4780554674215,19.3954988121543,18.6696061079152,17.4935921376027,19.6159110010438,18.7632183885154,23.4275134193649,19.9535955443213,20.2407632206194,17.0596064072058,18.6604571695014,19.9397751819253,17.7726717274223,22.2545569603292,23.4725930519914,18.5941917032437,21.2468705147438,13.7889862716932,25.8263061172853,17.822428746424,16.706344537293,18.9441322574938,21.6413697114016,19.95092376836,15.061243399713,19.5929985886451,18.9240875880357,19.0278508585732,20.7743627010003,17.6287364158162,15.472006277773,17.8408086513349,18.7365547269543,14.5892414977833,17.9380677996541,18.865407061965,19.5844379008288,19.7418518381374,15.9695837413178,16.2394584166128,18.8462981377925,17.0244001246531,17.6746411484315,17.6775810319705,17.2800519770806,19.090464394005,18.0057612804565,18.6765035538785,16.9693884483822,15.3759528543031,17.6280080985065,18.1486597162608,16.2318768801201,17.6738086977854,16.7365589736247,16.9973729386031,20.9657454194276
"Mock_3hr_4",0,16.1342102802381,17.8260701509462,16.6787753888903,18.1156253068421,19.2273540518637,23.2300118721184,19.6661417094431,17.564885674986,25.2091382240411,19.4472276251365,21.2214306319022,17.1140307433319,18.0431707398986,15.0421069365137,18.7775153011958,19.1077218564527,16.2719772465292,18.6617580205437,22.3415184510724,14.7562778231873,20.1288614770317,18.8483668692436,18.3564981494281,20.1537969621615,18.2850967590009,16.4533243813104,16.548313621807,18.7152355165405,17.9865918752265,22.8713851044829,19.546658837739,19.7079331155091,19.8770733261745,17.1355313565601,19.7018730463024,16.3760977656828,21.1478119762217,23.0462827988606,17.0184290282916,20.5625019472954,13.9580658659941,25.4438306348513,17.5407961665768,16.4999095145179,19.2206812957096,20.801107787417,19.4427221987965,14.3124150242935,17.9951660184515,18.5116220711416,19.6073044065274,18.43541517197,17.7413847837021,14.4997800563929,17.0503412326498,17.7160923660788,13.927193295702,18.3321008780696,19.8146895222498,18.5337564352983,18.3516461923287,15.9128345499118,15.4097555418409,18.2965874837858,16.7614436379019,16.71099356815,16.8746946130501,17.0851650674112,18.7536558822454,17.1694634072552,18.508793560794,16.2561170531381,14.7709528984634,18.3511801906819,24.0881191023984,17.9147501647866,17.8316873728374,15.7150610967883,17.116086023949,19.7576460201247
"Mock_7hr_1",0,19.028900738994,20.9686200708504,18.8783977123079,20.0818651198208,20.0993643958143,25.7573138600284,22.5784480238006,19.7132381989588,26.5599276975518,22.0025694211691,24.4616680796156,18.6917149957606,21.0409120483217,16.7684431816586,21.7542192818223,21.0544823971667,19.8949977524266,18.6786443461956,25.5604091144605,18.2887574395396,23.0160216337963,21.2647638416438,20.5893324772812,23.4003504497987,20.9042709689303,19.7975288179579,18.861051412946,20.0962899092855,20.9163768602521,25.1427720976781,22.0371937327932,22.5017898165444,19.5893580819374,20.546856304677,22.1350365873223,18.5470413678974,24.8516137408619,22.9428140968006,19.2320026021789,20.9284851848287,15.961734551516,25.4898297090944,20.8513688676805,20.5028025638884,20.5451734461151,20.8696863099164,21.1292798721159,14.9324494158596,18.6391511124562,21.2255216310552,20.6543040964065,21.2979842641023,17.7158373465694,15.6418944981466,18.2626906614564,20.2506596976589,15.9007462099615,20.589881653539,22.285669222143,21.6624937044412,21.2554830165575,18.0466855437009,15.9953841963751,20.417683898536,21.872889529434,19.015253717271,18.6184274967236,18.9943976363975,19.6733418105995,18.7706051815902,19.8265220649279,18.7361184754201,17.5508206359539,19.9840320424115,25.4112612017992,22.6485638960325,19.445076235832,18.3884012672628,17.8761390253586,19.7380948520268
"Mock_7hr_3",0,17.1357181596535,17.916587937731,17.3831362890741,18.0381942396886,20.0665354425951,21.9423594749021,20.6569681869473,16.1502289502555,22.1818322328048,18.5169044185242,22.2962308661161,17.330754603425,18.9118153636267,13.9346333879746,19.2281129364718,18.2897035983536,16.7479119816357,19.6898593671157,22.657320780123,15.7770732788027,16.2480202000633,18.6663077365124,17.8872636316952,20.7062332245897,18.5099884386227,16.9450889461192,16.0801007358943,16.5345603967695,17.4324605752322,22.9617425845615,19.4352848777318,19.5638969912338,17.5529617250554,17.2850196566608,18.5590995288504,16.652095508032,22.3223441583301,23.1823086080575,17.4485297905979,21.0206525835231,14.2491219205204,25.9729943805805,19.2812826529394,16.7508016109226,17.0659723294874,21.2102562114134,19.5028085005257,14.1405855893084,17.5558440943204,19.4023200517013,20.3494135399246,20.3220112726553,17.7294086960605,14.9141742118224,16.4666618933887,17.9280138445904,13.5871178211741,17.0626006218847,18.7118812602603,19.613513749885,18.0924561646173,15.9447996322529,15.8816302093119,19.3377803574427,16.5771042323471,17.6837955187368,16.834048433399,17.1351352427806,19.0617764235245,17.6443363371158,18.497147251659,17.093941560379,15.9203435500765,17.4769979306798,17.3689024892418,15.8552564365786,15.6007715212393,16.2400645852695,17.5109407325972,19.1845011832411
"Mock_7hr_5",0,16.7718357755895,16.4582111389126,16.9886625796542,19.571139026616,20.2640916302634,21.7685050153551,20.2684654389308,17.6989821053905,21.0833284697482,17.3471413329381,21.8807386510198,17.7034499955756,18.5594430314138,12.7191382038597,18.8302714091182,17.7971641022758,16.426296114925,19.302127741089,22.2558445237884,15.0976277257406,18.5575013103071,18.1502045116777,17.6055603331691,20.5378230557922,17.0046706741637,16.103079937559,15.8911306816044,16.6714672204077,17.3009696736634,22.5481643028926,18.9339743790305,19.1265247238557,16.0391559007006,16.5509751940162,18.0806725623815,16.1756909974402,21.8591901401439,23.1056654861841,17.9453729618774,20.9248317190612,13.8314401505135,25.8586510966712,18.8572578944872,16.1584459962539,16.6733343175346,21.1376026536457,18.5399752338917,14.9378952802452,19.3766032668842,18.9861938563906,19.4846816479723,19.798916128822,17.2443489680299,15.2425436018536,17.7168307504227,17.7865241657356,14.2355356067105,16.9424389048188,18.4919867104561,19.6594781232127,18.468993750576,15.5253993325943,16.4028517131293,18.5585130698067,16.3278087418213,16.7998027030144,16.7277822180207,16.8210058874113,19.0878352885892,17.6777737052228,18.128423198927,16.7759794753354,15.5173196376578,16.6020115656286,15.872929047041,15.2168844055798,15.5526893439361,16.2623801338221,16.7200835202141,18.7857824884079
"Mock_12hr_1",0,18.2729102648387,19.2738445662465,18.5838857301156,19.6712233453648,20.5003505832675,24.0643281916864,21.7585715118098,19.0743230786737,24.2267483720164,21.2027008781581,24.0573605830776,17.670913455175,20.8209135625843,16.1833523659197,21.2135739459239,20.8788978542464,19.518432964151,18.1981516217377,25.1525279054093,17.6261117320136,22.8856323850777,20.9282961466045,19.9335637967049,23.0387521006285,17.2654101990582,18.2979136948263,18.92803714992,20.2260496612229,20.1377279330235,24.8044222601865,21.6167551490097,21.918854899668,18.9297510305998,19.3888560621664,21.3625400855279,18.4413642910369,24.4389075376458,22.4312681889842,18.4575430300592,20.3700597794316,16.0971574001582,26.6402632602324,20.5585142439239,18.1720492476932,18.7249156685566,20.6465862318677,20.9187555294743,14.1791648973212,18.1578214427583,20.9940224891535,20.5640541434993,21.2748182288946,18.3647496306269,15.8142913399169,17.9020264587461,19.7290927013875,15.8762298315161,19.0123139319469,20.4950002449004,21.8334772817289,20.1790804574837,16.5003460693955,16.9186300123784,20.3125254692474,18.7319186402352,18.4380514340447,18.1285187119687,17.6153404174199,19.3660057604687,18.2057230335967,19.4148910019034,18.2439694071789,17.1357290368651,19.0965528805127,16.6486103685724,16.8520612792792,16.4144360833532,18.0541442880774,17.1874937480452,18.6049649634186
"Mock_12hr_3",0,17.9547694881573,17.6520164575168,17.3776644485936,19.9712828437473,19.4670290896114,21.2215595941171,21.0153082688011,19.0239203858201,23.1659922830072,20.7386502132895,23.6587395827434,17.6595097800802,20.183990041757,15.6147468112644,21.0853926901429,20.7294678991544,19.0944745707183,17.9604642105924,24.5540588645241,16.0326859543101,23.1197390720966,20.4006854789834,19.123189330914,22.4772890757176,21.1194882498701,18.8322463400078,18.2016294143016,19.6028170587516,19.7602057676015,24.358675186827,21.1770117982624,21.4532762901277,17.8359571605236,19.9603420280318,21.0316016946287,16.8055801492138,24.0257538930843,22.1666197538635,17.2275490647443,20.0552408953981,15.564304328403,26.3513770616973,20.4470176541863,17.6354725795878,18.1020578611614,20.1510899996173,20.3422363872857,14.9258232975719,19.3976695601291,19.9962335616471,16.0960915459337,20.7865807742961,17.8961869254561,15.9404728827177,17.9766683201365,19.2684668100786,15.7608016128152,18.2691086722936,18.420060191831,20.9370301543384,20.3994102302373,15.7845180044567,16.3501045220273,18.8474495157085,17.0444740146239,18.470281534293,18.1012100970727,16.7986764679298,19.1298545072426,18.1611743511039,19.1101954784628,17.8215803951517,16.7085381431759,17.7629475661067,21.7571414423904,15.9918995018739,14.7254012564603,17.4590427516593,16.9828440071696,18.1439847242391
"Mock_12hr_4",0,17.8778168145259,18.732978898898,17.9065265885397,19.7663152844544,19.8686341032356,24.1932247732371,21.3361283180656,19.2923877579551,22.4935062013825,20.9071521587005,23.8111303078566,18.1507739335706,20.3246085480356,15.8617418981463,21.2396661668122,20.7548174754473,19.3645161295674,18.9957213373411,24.8335140885677,16.7992223466988,23.3025829160205,20.5539954686165,19.173655806772,22.6773075775291,21.1032105009923,18.6754415153646,18.7250695906034,19.8034898352615,19.8816313188384,24.4239225247396,21.2770543407781,21.5757412004396,18.2547199464848,19.935005793989,21.1479987425204,17.1319430620687,24.1550355115691,23.4992894964698,18.3664100378533,20.9975787334153,15.7393112356983,26.4223317307477,20.441915270235,17.5005106996628,18.5485116686587,21.1497724903173,20.8365936125658,14.8643727164401,19.2409629826795,20.3790378016086,19.2698268726079,21.9016647151903,18.3675222531409,15.9740854798141,19.218808690657,19.5517555140504,16.27840589793,19.2525160238773,20.6882627755492,21.7371999197961,20.0242738461901,16.0475834471881,16.6246339216778,18.9000832468899,18.9556255848861,17.053675022022,17.978402598557,17.4455947997089,19.3107857673391,18.2425992897971,19.2173188363449,17.9325777732763,16.7440724739157,17.8776027042883,21.0899083668251,15.3520858039949,14.9337683613672,17.851645179297,16.687527609806,20.4818294109813
"Mock_18hr_2",0,18.2349589301691,19.4158846826856,18.0749031708389,19.9856119874892,21.7365792516586,23.3626849592215,21.4663525339946,18.9415519391678,21.4848489902938,19.323597973945,23.5594016383806,18.6902450285739,20.0812143978402,15.3456675995077,21.1343548001446,20.0254537938951,20.2171392768419,20.4116573067326,24.1409974370035,16.6866556722994,21.6261423849437,20.2149063401751,19.1606215365646,22.7236705436876,20.3544621978207,18.4680595274478,17.9880349333335,18.8333089986615,19.3749187863362,24.1005873883599,20.5439291301598,21.0761534010707,18.2457340024103,19.6612361603785,20.0188937973823,17.6108396799725,23.5784203163568,22.6169953350468,18.6310688285521,20.4551480172625,15.8039537856906,26.4637165996898,18.7190648443528,17.4753832518673,18.2812252686063,20.6975795445428,20.2010903881565,15.7025082071684,18.8400745185135,20.3812605736961,20.5538179095908,21.8180122268024,18.2039221623499,15.9422592148915,17.8210489651272,19.2157495887071,16.1007444572874,17.1528750158461,19.6975491972234,21.8687125847165,19.337474318096,15.0361625716004,17.020531072813,19.7812761387927,17.4126218242038,18.4238554752752,18.0033972831699,17.250325385828,19.3583019655902,18.0920617479482,19.3423425881394,18.1817586058689,16.9590102816787,17.9138763014676,16.5677205796518,17.0567885922549,14.7848699595187,18.0170525872452,17.7112844039381,19.3124150242935
"Mock_18hr_3",0,18.192639849454,19.4083602492168,18.8698941554776,18.6238530213904,20.3695671630914,21.9733307922171,21.7477990813594,18.3752472323985,20.4722307515788,20.5316125747869,24.0737296572764,18.0926354899367,20.4670447598466,15.9133602786156,21.4897808601447,20.3042379258922,18.60988035412,20.2463209701298,24.3481861819151,17.334339136973,22.8113990986343,20.6885449607749,19.2519785792549,22.9775439897316,19.8536837436322,15.9268883027636,18.1477233754183,19.9543573570477,19.4010234732997,24.7508614658789,20.9931558641239,21.4886266317994,18.5831738735454,16.6788979709119,20.837227561929,17.3792901201349,24.137618301187,22.5220655696243,17.6061666138697,20.2635359186685,16.1186914197572,26.3073251402845,18.99921932164,17.7870961603081,18.4652142693042,20.4990441195231,20.4412536995554,14.3129275121249,17.3840014650754,20.8336055988682,20.3137275309694,21.8177320732954,18.2519125563712,15.3168744505497,17.7052071292034,19.3590477364468,15.9017120578078,18.0461995296147,18.9794905888567,21.6407243327873,19.3499110804251,16.0025638981567,16.3538778554647,19.9447147572878,17.4997702701778,18.5696722303301,17.9375028889771,17.4445827892927,19.1768699937391,18.0276551986561,19.5963454581315,18.4701806288315,17.3509737019757,19.1862122965646,19.0728899165862,16.113236943701,15.2282088512715,18.1967770578663,17.5073626216268,17.9044042939435
"Mock_18hr_5",0,18.4540357694793,16.3073299203707,17.2894613594569,20.1622179041533,18.9992411112199,21.637915336778,20.9111686101053,18.8567404898336,20.3684614565147,19.9666651712624,23.645566294792,17.6942953066813,20.2164245026251,15.3475086660722,20.9959048193905,19.7672772681298,17.6643534303438,18.621812729198,23.7263394945971,15.4079173695611,22.2398265243142,20.34835495647,18.2354951388858,22.6462976019513,19.9674850096518,18.4404761909264,17.887896672133,19.7282105088652,19.0075189910251,24.2843603588629,20.3863897546623,20.8725088105023,16.2626758511089,19.7019358790618,20.3277761993191,16.8843909819893,23.4127021869949,22.7268816235914,18.0781981730184,20.5402110305972,15.6437160998209,26.3459456314986,18.3461170768791,16.7415637225454,18.1248122412925,20.6815368030349,20.1587578412384,15.1031765571703,19.374321838591,19.8856523743002,18.0313664434515,21.1161179963327,17.8276358155537,16.3373570862892,17.9876145542601,19.0439485906742,16.2302006111788,17.1500915033843,18.5177373730591,21.2056435935665,20.7665045530151,15.956883666601,15.4099269220822,18.9087318686674,19.276596336001,18.2360063147569,17.9779172939085,16.9095924468499,19.2557626355445,18.2116280132849,19.1629991519138,18.1137501585071,17.0225090042609,17.3125039127264,19.0002943255742,15.2087808623029,14.1822679747055,17.6172028065494,16.7591960420419,18.5472238787546
"Mock_24hr_2",0,11.8904162916718,14.1148949686462,16.2899811654283,19.7012889098068,19.6951978459,21.2788456541098,19.5604784867716,17.6580723810443,22.9257532838706,17.4386463747389,19.7793308699424,17.089325151265,17.4217931747268,15.0007199268179,17.3114082553117,18.7691723270456,15.7130368120209,17.9880679117592,22.7058838190179,12.5408061105915,20.008855560896,17.3920008684824,17.3998090985939,18.8334962531564,13.1065395730124,16.8241061586661,15.2173288664584,18.7830151144444,16.9675395691497,21.9837063018912,18.9529648798279,18.4104763140662,15.6166637034615,16.0326318441688,18.4125164497108,16.7251322776518,19.7027558846538,23.1254576156142,17.912850752227,20.9008539445077,15.0007199268179,25.3920009232799,16.7063275737439,15.5540888208896,18.258415000288,21.214684831683,19.3698215084857,15.1067323432986,19.6979398362433,16.7098173313278,19.6762544274133,19.4074786217255,17.1456740434289,14.8707211106328,17.9964646616441,17.9693205074271,14.6042586771513,17.5879775420827,18.4014756165006,18.3880498486537,18.3288982776327,15.5107235547763,16.2043042165809,18.1248644444602,16.7098173313278,17.3701602414106,16.5576337884697,17.0829491412984,19.0683546891236,17.6530541773166,18.0510817620091,15.6165217682971,14.7184503115231,16.7824980801599,17.5624074768453,15.3457200641333,16.4497630899887,15.5267053237955,16.8948231750617,20.1335979795532
"Mock_24hr_3",0,11.3507971458677,15.1022311626292,16.1116484412833,19.4659491918664,19.5355877707068,21.2070896492892,20.4042153882381,18.0809560862431,22.4765049859166,17.8048240838229,19.1104950345205,17.7529807109753,17.0412832985469,14.9184393578445,16.883665405133,19.2106216116572,15.1429696397297,18.4258954026263,22.9311245271062,14.5144994096658,19.9392382877484,14.540141879886,16.9450521872196,18.4166736103504,16.5500176804605,16.7215840384437,14.8465708414305,18.8956604783911,16.5435018386883,21.7271767076154,19.7004628928765,18.3637761746769,15.6508802518913,15.2088679352661,18.2533830907876,16.376450532833,19.4352869127604,22.8817242119216,17.4204990664448,20.7734742401785,14.9184393578445,25.0672927857189,16.3332621905388,15.6917389397148,17.6515410621456,20.9706418326799,19.2662604012096,14.8425145064436,19.1380145389078,16.3412294014747,19.5781396797873,18.6459363124325,17.3876819989497,14.4960869415805,17.7847785104912,17.698696722757,14.5381334904336,17.4296953489156,18.2956544129974,18.5792822606743,17.1903488658352,15.3531074327954,15.9398605532745,17.9024045579029,16.3412294014747,17.2008720656254,16.0360871218961,16.8594463902134,19.0575718291353,17.2988977116588,18.1044049669548,14.7735116094404,13.5470597708758,16.6079300734839,17.2894765406556,16.26932656413,15.7123128095084,16.9181376521073,16.9141745454476,19.5438309006648
"Mock_24hr_5",0,15.4048954073257,13.9511754157479,16.6041763523157,19.8710229077098,19.7665370425638,21.8145000001521,19.5696928892408,17.4969816923415,22.2503000208267,17.3419064485505,19.780940876364,16.9193571765569,17.5302678511767,14.7989990338904,17.6389416998251,18.5040305407284,13.493866168115,18.7527180386362,22.6215604085571,15.1249628702469,19.997142140949,14.6094046778261,17.2763700624529,19.0252457169462,13.0788751192053,16.5153672114335,15.1643861987243,18.5330171205977,17.0435064332515,21.8372465169102,18.8703728046763,18.3771773583601,16.1322977474221,16.098596700445,18.1406017075582,16.9740870803096,19.9723823441268,23.0123603663769,17.8090121018658,20.9930834243466,14.7989990338904,25.4900592738764,16.6109164887807,15.7565312273824,17.0629983582929,21.2210763577903,18.9314681542548,15.2303003413906,19.4739157219405,16.9568415432839,19.1705084232537,19.3727969368343,17.2981756194017,14.885189750793,17.9094869739722,18.308535841068,12.9395005083419,17.7359694101153,18.5111298541701,18.1355067505664,18.4123577828175,15.5815410697429,15.8670504733757,18.2370150484498,16.9568415432839,17.3271262983876,16.5349962857485,17.0410256455761,19.1646190906418,17.6685931888232,18.3021804103645,15.9249357445453,14.2224758018396,16.2782461656112,16.6932212968712,15.8996772315179,14.8669352917491,15.2294647529693,16.6709079243443,18.7974089453634
"AH1_0hr_1",1,17.930046589144,19.144984858854,19.0235220149782,19.1967468063345,19.7800597088683,23.7867657533616,21.6377080309808,18.938062547423,23.0286167400231,20.43426234939,23.7574603937523,17.8942050318343,20.2602145427331,14.7763713423413,21.2871469126269,20.5724936564803,19.4227780673057,18.4576941715643,23.3321974213512,17.8878867952212,22.4873392135094,21.1007058552199,19.1474231449856,23.2939673343313,19.2444539635777,17.3369971177143,18.3770203250914,17.7134567112932,19.3020235442206,24.8039119851818,21.3890721941539,21.5714292813736,18.41287436097,18.4017222562084,20.6289493485961,17.5804945490726,24.1319186159239,24.6366374465552,18.5734683060922,22.4280214520041,15.7802255754468,26.2966294263286,18.4463095466818,16.6443270824039,18.7686095117829,22.9346572446923,20.7131536521926,14.4971015745475,18.3655538945536,20.745313612537,19.9678885444772,22.1215106800567,18.3903756695045,15.1956281607858,18.0590922771859,18.0730716155678,15.270881380404,19.0685430329909,20.5327060446473,21.4187115359426,19.5287773039231,15.934780140893,18.4514810166772,19.9197586888687,18.5411059086448,18.5486790516738,18.2251685616377,18.3497575917855,19.3247952119278,18.2082421165777,19.623576978149,18.2702907632847,16.9366011350882,17.8464050965474,16.6213765424129,16.4940733949718,15.4980442405163,18.1682879252392,17.3317991904982,22.79712712605
"AH1_0hr_2",1,18.1623216383176,18.7723404429842,18.7040170903959,19.907428428312,19.8211838878953,23.4336142271826,21.7143187151895,19.9861391248903,22.8316682232651,20.2379734800448,23.8854877895706,18.4131763315418,20.4083366721593,14.7222921910626,21.2895575269763,20.5706189035626,19.7652406752684,18.2398917626957,23.8756033112478,19.36803430076,22.0164733673834,21.1781120634879,19.0239887418865,23.5948371269373,22.2403098284406,18.3617292750092,18.5966352568803,18.738596050827,19.4951550436187,24.7720127081298,21.2696966105566,21.5920041895279,18.2366399590671,19.5277511201768,20.6464499233216,17.8498291760501,24.1293613186192,24.3422744599088,18.9947674387183,22.2797973942877,15.7621773488393,26.4727447459688,18.7042576087077,17.8317360119018,18.3603672650127,22.5650787030537,20.8055004172873,14.8673642441778,19.1341487430378,20.8747614568005,19.9367255903571,22.5954563165785,18.2082671597858,15.6289223020239,18.2285869441586,19.4560293687983,16.0228476820455,18.6895087028449,19.8751919464686,22.0759481936841,20.2772913894971,16.2326061561512,17.9026242710278,19.9282013084555,18.5755515921322,18.4211062204185,18.5137304595839,18.3014285719798,19.5136988508139,18.5964699449822,19.6247596119967,18.2318243921933,16.9594463556038,17.5185218791729,17.4076852997266,15.5559996128225,16.4745814035693,18.4088755957006,17.2515928322211,22.5390180107329
"AH1_0hr_3",1,18.1362624991572,19.8344934473287,19.9573105041662,19.4689876729497,19.4826685386182,22.6396443717801,22.2170112381249,19.6334577878912,23.5604942133049,21.1775222543528,24.4386691392547,18.4959444522097,20.8397428284857,15.502709289721,21.8192900445566,21.0768082917189,19.9657577974397,19.2343149899082,24.0775946304399,18.6234572581329,22.5425841569683,21.8581798535246,19.8026057050293,24.1622487361951,20.6669987831356,17.7397497247746,18.977951114757,20.530778806336,20.0770598569216,25.4709278297578,22.2414443600303,22.3831701079314,18.9974127922096,18.859871942614,21.1669797858904,17.8968197598236,24.8159751222447,24.4186543955828,18.6895274226383,21.7935891128395,16.3670675701966,26.4426284150061,19.2504801762781,18.4083860874886,19.2968920800794,21.6630934605927,21.1976222422751,14.683452091832,19.4960676653641,21.6551032912924,20.8228707578024,22.8739214355336,18.5903068649953,15.4774420731709,18.0666709502977,18.5608219811264,15.9756042663201,18.4397302605429,19.5047223531351,22.2786528517704,20.3283140068437,16.595898485012,17.8840425535634,21.0661128094068,18.1812088396558,19.0790185534985,18.7400561923838,19.3015922650242,19.6009753371139,18.4531044410934,19.7829525628243,18.8658244753271,17.6695712123622,19.2835505188853,16.5847129896473,16.4562191790532,15.9092026627799,18.3966340454937,17.6042673655016,22.6147564189047
"AH1_0hr_4",1,18.6217113590978,17.3707615887026,17.6390170270032,20.3005282811051,19.0027068835784,21.6921324365433,21.5947150332732,19.1602303387569,21.1534660793132,19.6167506113468,24.1569515121592,18.1027100875602,20.6551979982551,15.0609431619901,21.6761433791204,21.0809541722717,20.2248523055706,19.0632930511954,23.8503783767697,16.9373025481196,21.6326033412452,21.5782015697906,18.7446328361536,23.8342395091365,22.025842489653,18.6943615797286,18.6834491342314,19.5234306878534,19.7554220700348,25.229420927823,21.4002569169623,21.8649995207992,18.0693216388465,20.1890812582357,20.620429057936,17.5692086485887,24.5661020994334,24.1809433690899,18.6298693580438,21.9766639652865,16.0007639903947,26.5562315329523,18.8555300277604,17.4726280587518,19.307354063997,22.1379761350177,21.1282964623922,15.2602842570965,19.6103562858184,20.9421228166583,18.8456387198318,22.245368037779,17.6979497718034,16.343985239164,18.2160541392928,18.1497230239508,15.9119703892698,18.4093840694797,19.0047497436201,21.7029500066205,21.8534769250503,16.2289442767049,17.5695576999044,19.9674460487777,18.6711455335665,19.550290235424,18.9668450644122,18.1152039306002,19.5068520735148,18.9796023088933,19.6064540638331,18.5434511324566,17.3611230486368,17.9113724248812,19.7791542262605,15.6185395441185,15.9112180878073,18.6730376022259,17.2162849300757,21.2890573231162
"AH1_0hr_5",1,18.8155564524848,17.7794185424105,18.8921348428281,20.3380524656394,18.5537252784173,22.0149929774414,21.7431048455977,19.9932368707117,22.6778117333878,20.7984947646651,24.3072735789178,18.295784049391,20.8195543372082,15.2518955222703,21.8908876197044,21.2191857094278,19.9467089075813,19.2942573935576,24.0640815692698,17.3784271945529,22.5639143625002,21.7206225986855,19.1967739023981,24.1040092108854,22.4505155027086,19.0750966321392,18.9294398145643,20.0599270234581,20.0235958040981,25.3018997278681,21.7068759576341,22.0883663718461,18.2637206006132,20.4017441274072,21.2341302978744,17.778609958189,24.7135332322656,24.200268698393,18.988959226211,21.7493800692721,16.2303185709455,25.3387970573934,19.5921839949441,17.6170788900529,19.3688835554051,21.9831234390098,21.1670538554858,15.2679205192841,19.5889009410445,21.0202404009965,18.8111161680428,22.3193436437558,18.299871094669,16.2522715515804,19.561333819345,18.2325516875056,16.4178228539099,17.5623303834769,18.9893038121261,22.1228891955278,21.9194807695305,16.3897528005807,17.3435671923896,20.0436969052713,18.3016977688987,19.1134036750243,19.2966589183001,17.8733498693586,19.7283536871416,19.1823477247232,19.9079330430297,18.763212088929,17.5413552969093,17.441742091562,16.7925259657537,15.2821690078454,16.0058444401478,18.8821255420004,17.6078421679844,22.2958385362137
"AH1_3hr_1",1,16.2226154170828,18.2060684893119,17.1785748246573,18.3337794294895,19.836320963554,22.0247930949469,19.785937210825,17.9108232235144,25.3171138185755,19.8185734848251,21.7722536970989,17.2497883143482,18.4531077721423,15.1598455514395,19.2113489426579,19.511211883589,17.2910213703543,19.3045755411871,23.1256250664691,15.2938513635458,20.9965424878144,19.0338804698419,18.6719288919398,20.947307655026,18.5462970617225,15.1405034251424,16.9379695210896,17.8145940880006,18.4378698975752,23.278617755622,19.9240251039965,20.241960513171,15.6685478813544,16.3236278149444,20.0648407832917,16.4997026566226,21.915619508245,23.0771875144692,17.7084523107941,20.6338779499457,14.5040687928809,24.9074658871444,18.0574458900469,16.6313386973118,19.0774712861924,20.923081692947,19.9013164768647,14.1187788901545,18.0644152850208,18.7712541915458,20.0161117987637,19.5805950717587,17.6917664931328,14.7969883622299,17.6076033942358,18.6390412600578,13.5645067843387,16.8479630122746,18.8778049201466,19.2805423022981,18.6060596965009,14.9517803608716,16.2848638532978,18.8273842644877,16.9156203313346,17.7071002520896,17.218588912021,17.1359248156564,18.9881307742228,17.6106959347254,18.5040881954125,16.5883733268423,15.0470459897335,18.7427811246663,21.8693488358764,18.1423914418768,17.8767255659032,16.4675405058736,17.2165201485558,20.2221603373395
"AH1_3hr_2",1,16.5219438976568,18.442325560731,17.0189518003978,19.6505999671076,21.1168390703267,22.4325071512032,20.2318945546401,18.7273695184351,25.3621175583755,19.461423319338,22.1531173032739,18.0817045475975,18.8014095705118,13.3239795779753,19.854118407594,19.3377221285887,17.5745424238387,19.9497467712365,23.4502337539754,15.7100807226339,20.6602679899524,19.5121022780283,19.1051967691894,21.4690610582128,19.6778486051645,18.8230602835655,17.5907321855887,19.8878114214925,18.8959316690544,23.4531648459147,20.1901540994818,20.5049892176443,16.1052666432787,18.6047106160355,20.0062258026499,17.2861815381631,22.1851718642155,22.8368124869446,18.1928482785382,20.7104357921566,14.7712433201278,25.5502963574723,18.234626872696,16.9728187749909,19.4888981292508,20.984719515736,19.6797121781481,14.8356486421422,19.0547865176051,19.4114620443633,20.0323496164452,20.1876767597678,17.5354780416256,15.1883493038304,17.8659436280051,18.9681433993236,14.21101697546,18.0575160005263,19.1463386764279,20.2110951183877,19.1698920153737,15.6846398381772,15.889824430039,18.9814736321157,18.6870852608409,17.8208912425342,17.8638832594931,17.0092131619383,19.1743127618306,17.9952912815416,18.9990132882164,16.8509468792265,15.7549598080829,18.0297139695795,21.966801440578,18.4085748562669,18.2339331137775,17.0985200401982,17.3693940857881,19.1753230119337
"AH1_3hr_3",1,15.7908851743262,16.0392024214111,16.1811816581954,19.9636469979861,19.9578499851856,21.4690284128942,19.4058118472305,17.6559634926061,23.8416273045661,18.7564523569773,21.2355758064959,18.1529701963481,18.2044507872857,11.1382535129046,18.6703245989302,18.6721260716747,18.606635924096,18.8924872521233,22.2612325163479,14.2898151202929,20.7161822682851,18.6378648743276,17.8944880845774,20.2283954273008,17.1987190833562,17.6275355131464,16.8445353746603,18.6423053853845,17.6092768694704,22.6354893882479,19.2768402902516,19.2532986634675,16.2257792835929,17.0743338315706,19.0666408470121,16.8475198624751,21.015358540143,23.2040887817129,17.9609954858719,20.9660200720659,14.9807332007104,25.4865825123096,17.2945807513473,16.1901249201816,16.8818957735612,21.3565664171847,19.1945135252925,15.1674226264122,19.6078246795644,18.424016164336,19.4907275646405,19.8043948078334,17.6516125316259,15.1973154383814,17.9812732518796,17.901706502984,14.7082432883806,17.5255509584699,18.5002254681492,18.7831385647882,18.9337151857109,15.8281726190663,16.1108491340094,17.8626446213783,16.5067082641919,17.4226404091723,16.7728686760365,17.1203753047549,18.9762295888061,17.8140824369425,18.6576726393072,16.189224487616,15.1518421951381,17.0998171288059,17.7146851754475,15.5122660460456,17.2346848718085,17.0636689313989,17.1451551420741,19.7501311699773
"AH1_3hr_4",1,16.1764380968571,17.2064172693729,17.1053648702683,18.5139791186097,19.653869255142,21.7370382533554,19.8500547311389,17.2818400105144,24.1421008630403,18.780155531923,21.59285616966,17.1785945525309,18.4404956569112,15.1012651937447,18.6969703392424,18.2328779340102,16.260361450089,18.9234836002368,22.312039816579,15.3081368584029,16.3582562736293,18.7831953976475,18.0262064722271,20.518913807926,18.201270310323,17.1133174476562,16.8334586422272,16.6779091508139,17.4825727726271,22.895506759543,19.1956951626794,19.4009560711684,16.239915463723,17.3081690521608,18.800275741131,17.1324480886964,21.338695040274,22.9267062414373,17.4735904750945,20.6028438493453,14.0261380666419,24.8349546687917,17.6311179681556,14.9793767067618,16.4929037842891,20.8971346794708,19.1948577600141,14.3031141138731,18.0687521916589,18.9362879351798,20.5911797184095,19.4725644918068,17.9827173405785,15.0464723998916,17.5635389073559,18.0258559168436,13.4458979636202,16.8915545349782,18.6374860772237,19.4318846414596,17.8902826009798,15.1753167456331,16.9865328339397,19.2282980482873,17.8545070106209,17.6827301188282,17.0442428551514,17.0369536345272,19.2845089408838,17.4254758461489,18.1357320429364,16.5215504913705,14.9874378663373,18.0547788730975,17.8984649102591,17.5090870477714,16.7542283823459,16.298515231611,17.4925669770172,18.9899831579152
"AH1_3hr_5",1,17.8933062715699,18.2508220845245,18.1515000693825,20.4936136269362,20.8469019606929,23.896864825674,21.3055830481424,19.1580453913068,26.5254488979636,20.8653888079456,23.4381824433774,18.4413516688946,20.0838867794576,14.7704942966034,21.0081037609421,20.8068421119256,18.9493404089991,19.5685574230899,24.7255337037335,16.0609570299097,21.8275008528301,21.0455578645954,19.7506726427873,23.0994059744116,21.5268450800919,20.5794464797734,19.260484714295,21.0872831127987,20.4758040998981,24.7849265016458,21.458484229325,21.9621401317538,17.8828999002872,20.6308389963778,21.526162964797,18.3539439251157,23.5675392569513,23.3878624761434,18.8053462271125,21.1629119346882,16.1027355673543,26.1286991079142,19.6834697152919,17.6828015768537,20.8101217351302,21.630463999502,20.8892521481766,15.3731457769303,19.6459722871233,20.1354761893711,18.3698712771918,21.3030310979509,17.5020443794305,16.1146091779604,18.381722422278,18.3941505593881,15.8401435568423,19.9370416120004,20.1200155784037,20.8429850117409,21.8110125658152,16.6849821999472,16.3995173110359,19.4796742697941,19.0677682819987,18.6948660107559,18.7490214646566,17.6067577707272,19.2872477440849,18.910176924455,19.8933661216857,17.9213071649275,16.5721347127748,18.8832087087009,25.3583614972974,19.5719995403105,19.7331341386787,18.3071663688514,17.2334174576145,20.4459163465843
"AH1_7hr_1",1,18.8019773237273,20.9185332475532,19.1098952775418,19.9562911098965,20.8997099329892,25.765371437317,22.4784187173335,19.572713018856,25.9684752707093,22.2421151402403,24.5515857066886,18.9902368702939,21.0640610521713,16.676767785055,22.0117566006132,21.498949893284,20.1598254870434,18.9443641743879,25.519614425746,18.4019129210491,24.1962682618287,21.727442516068,20.8149046391037,23.8691856380266,22.1681813128972,20.2585974809408,20.1151007449545,20.1057836138413,21.1755002462374,25.3910582319894,22.5326371916954,22.8695915089076,19.610688005864,20.8858238097145,22.4687013526181,18.255184042509,24.9649831256746,22.9556720763201,19.142223325519,20.6671065416621,17.1130371897393,24.5405719549428,20.9390224407331,20.1958126833977,20.4701646243385,20.8249784235769,21.3799367347031,14.5132535040548,18.5992934442912,21.0931376584996,20.0167527241776,22.1420584045493,18.6670929253052,15.7988145842277,18.0360020064392,20.4282051086393,16.4735150553376,20.5973507708898,22.3031936212662,22.9851115669955,21.2212502346794,17.7637558989147,16.1511037704538,20.4116388957824,21.2704935014716,19.735599842034,18.9735196863223,18.1619461502819,19.5381455645574,19.0111564975106,19.2952661391567,18.6320964573201,17.6125544526721,19.829353370479,25.5376967375422,18.5057863050626,19.1505859681758,19.1096173845453,17.9272109918397,19.6689644511502
"AH1_7hr_2",1,19.6604286675458,20.039924561674,17.7642479392525,20.6268245874745,20.8926062771919,25.5502677262283,22.4326832477956,19.9506660561561,25.9046608666315,22.040891032049,24.7421917895479,19.0570764710406,21.2796561938739,16.6839810998526,22.1748949868915,21.3404914200779,20.2248739006325,19.1129367205032,25.5299001504804,18.020083151953,23.8185874793058,21.782715947968,20.2599817127555,24.0663701131423,22.8198778904274,20.242367254458,19.9336313841774,19.9545606989312,21.0926729997052,25.4446710570613,22.5030788540415,22.8176850374309,19.1054451140201,21.2363921473809,22.2458782808026,18.6131995375521,24.9958576723206,23.0087806872439,18.7827465210045,20.7879169262494,16.9867883440038,24.63117195616,20.8882045631178,18.928221594453,18.3580450290223,21.0915432850777,21.0441806366133,15.1975754351783,19.6178539111734,21.1724984570446,18.6167728116903,21.9670467844826,18.5703445027802,16.620957810626,18.5532458279889,20.3180225063932,17.0171784508341,20.194722679015,21.8270168156155,22.9699049137666,22.0511070699135,16.5569323714972,15.8872784232776,16.9918185388215,20.8700054875029,19.6560507590837,19.2767777966918,19.1317595159334,19.5693123450188,19.1406755217835,20.2806060563212,18.7465828305344,17.6431835941239,18.9797978983921,24.7665794327497,18.1229514586252,18.1168363512269,19.4391631951812,17.4336124514961,19.8198018902743
"AH1_7hr_3",1,19.738426223468,19.4872352035753,18.8223641015053,20.9580462382855,21.2842051566263,25.1696328524521,22.3662393103725,19.4432217752024,25.1994975631865,21.5150574770905,24.8728454815518,18.8625878070436,21.5014751331086,16.8326011471605,22.2926495481799,21.6747038115184,20.6297628616416,18.7502634023504,25.633315645304,17.5196656478852,23.227903964909,21.9625823206746,19.9366491525086,24.2114903010575,22.7810181907567,20.3158925804072,19.7897316177087,20.8658982244253,21.1864944406106,25.7246887445976,22.6339784177237,22.9482525974493,18.9563605175125,21.4833926147996,22.0294698883993,18.835568462572,25.2183646691372,23.3267116748021,18.9163989173749,21.1259072425879,16.9555435334509,24.6940679457817,21.0916930834439,17.9218685770392,19.6785021415468,21.4205199784225,21.7551136556362,16.486309354706,19.7002314673222,21.2791693091234,18.4503233006972,22.1819226021519,18.6940858754459,17.1340050983167,18.6993576860891,20.3534474353516,17.2065156595569,19.7074925507327,21.1819739834198,23.0227240874524,22.9155105264112,16.1979088643623,15.8537488420401,20.3171528647759,21.4887008461234,19.7835268025921,19.8285067359393,15.8815844644752,19.6419769772292,19.3235153584065,20.3027293091505,18.913092428041,17.8240552112149,19.1249133288647,24.0797756830704,16.6984682590634,17.9470690749178,19.5537300988455,17.5127935823618,19.7711603090872
"AH1_7hr_4",1,18.8221496051146,20.8712106180039,19.8290442331532,20.0862293572787,21.7265754920191,25.2665306557062,22.4673502457599,19.0648539374272,24.5301701026137,21.912052387207,24.8128563944138,19.1625189690377,21.2787401021454,16.8017224309337,22.2416165477722,21.3328849692809,20.2514244233904,19.9741515964934,25.4543144568448,18.5557853695111,24.2285423911093,21.7921411981707,20.31771915323,24.1522965393524,19.3307866099468,18.9096111960863,19.7854892320835,19.7642942731773,20.8514850585197,25.4947054689462,22.5563402723262,22.8173019142241,19.7494201609104,20.1896477490516,22.1185497036529,18.9081212487084,25.1199840019129,23.244527454318,18.2502516195974,21.1455715756036,16.8046726790108,24.5787763834252,21.0033261006441,18.5002087923692,19.4312822990041,21.3421467851015,21.4274228289052,14.4922287492522,18.287870036764,21.420097328036,20.6355784022506,21.8126247402615,18.5867889071919,16.0147079685881,18.0035150885775,20.3477616476737,16.5737925585852,20.0615245897867,21.6457082586522,23.2559915641262,20.4832025078409,16.2509074498842,16.344782339084,20.8048576801524,20.0426873184052,19.6841231085374,18.9238817285463,18.3867100680638,19.6575117544159,18.8853910762497,20.2004862273101,18.9447668753,17.8164372822594,19.3480764145156,23.1044359743773,18.2001423062587,16.5426488729619,19.0270641232767,18.2057982936865,19.7579530801014
"AH1_7hr_5",1,18.9016850410712,20.2654606288874,19.0201680489031,19.6572715401184,21.2927689935341,25.4856301034056,22.3060712124257,19.7638252612171,24.4948497470903,21.7924885638805,24.6886886822955,19.0044241117873,21.0939545804937,16.6177589235571,22.1225517788723,21.3497149599082,19.7746454751435,19.9035144728711,25.4418964094633,18.2768432104113,23.7564463827938,21.742165450712,20.2050392063292,24.1620833419372,22.4228285714758,19.5878579693875,19.7340537883052,21.1059198869734,20.8130800465619,25.2372938623669,22.5017342427329,22.7593977189836,19.3769950810091,20.7241128297739,21.9461877677927,18.2607355423965,24.9901992567808,23.3763839711931,18.2293204333423,21.2006250794677,16.7394890581031,24.5344780059128,20.8910212648062,18.3294006183492,19.3398827396664,21.4860789922487,21.3982499770043,14.8123993781041,18.8106533055314,21.4161966287636,20.1469862098919,20.8896657121048,18.2797867410579,16.097437262266,18.1297306267607,20.4025964934229,16.3948994984222,20.1035732529407,21.6608737322679,22.842762973219,21.3839381131163,15.1487341831231,16.0213084404967,17.4749899014506,19.7076144994849,19.8297282643949,18.725280944871,18.6064330983486,19.6593344644469,18.7938811356221,20.0929825740804,18.815718332801,17.610833090157,18.8225788326924,18.3126597702466,16.8249388576043,16.3817939872769,19.0376122165595,17.7526154763693,19.8518209648727
"AH1_12hr_1",1,18.5719453830716,15.8304862044844,18.5576104986857,19.4941646609839,17.3088483981168,21.6338644216289,21.0776297049463,19.6483525158195,22.5732404324612,20.0347892534816,23.6675343732009,17.2264105802179,20.2446076602595,15.544365944804,21.0247346500042,21.2472355523468,19.2242575793697,16.4430401942114,24.5317331282343,16.3358598641124,22.24860259079,21.0687571951078,18.7010581003161,23.2519894396739,21.2521156657305,19.1812338716544,19.1592714872845,20.0781503606981,20.2518166860377,24.6966891709491,21.7444011617334,22.0367299847503,18.1875945419359,20.5547661022969,21.151231599151,16.3645025728039,24.3603061341835,22.7329016569876,18.027808520783,20.5569515302806,15.6947061119494,26.1542949353304,20.6263160886837,16.818010964328,18.7438948402985,20.7754795936124,21.2725254043518,14.8962986121107,19.5468205159918,20.2093954313382,19.2648579069986,21.0019410168978,17.9960970283116,16.3944091016743,18.0364249276755,19.7011848494267,16.0710403095955,17.4204370324903,18.6221007565317,20.9783341429226,21.8212991651387,15.7164137572128,15.849502143117,19.4485647036969,18.0866932264515,18.9797054093062,18.911179877155,15.102458488912,19.3912649900061,18.551441773801,19.263684059068,18.0689924992293,16.9277002626136,18.0966108955212,21.177348449144,15.4771881650254,15.362686502973,18.7061256647717,16.577813611106,17.8749791186479
"AH1_12hr_2",1,18.1804851590923,18.4638809116264,18.6375563257852,19.8364992864536,18.6577401176813,22.2903783452481,21.7365661459013,19.6144924369021,22.2643234213653,21.4783284954996,23.9631353401154,18.2142012011074,20.4110306996865,15.9084964976918,21.5022171860824,21.4860652397892,19.8214278469837,18.8011051252957,24.7056666762493,17.3514076025157,23.9447738064186,21.2563678845477,19.3542852377049,23.5098101462251,22.1394692901897,19.2648138033798,19.3332476500903,20.2961137240609,20.4469866257551,24.9329658292576,22.0745827118318,22.2615341092723,18.5961418045808,20.6956904072093,21.7324235150465,16.5743215182053,24.6140090033969,23.1800738737821,18.5359920627397,20.8696568364305,16.1601088988408,26.2299099100191,21.0177718029034,16.7214337707037,18.8487658734306,20.8850628115276,21.4700098878678,14.871180573927,19.3203537542146,20.9501289690171,19.4645562338527,22.5733842131513,18.5402163834627,16.2662573940683,18.1297296207283,18.1966379374909,16.4853648278024,17.4524533829341,19.179580498672,22.0183182666764,20.4912106264383,16.2223555815612,16.5204915290129,15.1712270701779,18.3530530202134,18.5885680418433,18.487285569161,17.5002768269243,19.577245356161,18.5892480823433,16.9738488455915,18.2417855571755,17.0897835569104,18.0523572905609,20.8555683508855,15.442028936589,15.3751868593981,19.2403219833531,17.0742507930711,20.6969791655886
"AH1_12hr_3",1,18.16877297635,19.8495272315571,19.4120015159674,18.893208067854,19.6771951659895,22.3244932487873,22.0710803688265,19.4337530826486,22.2480723666875,21.766148770175,24.344445673091,18.1573207101824,20.7283804750165,16.2643818582245,21.9887357162368,21.7984403504967,19.4944358017946,18.8247117823208,24.9572803882156,17.7881116452601,24.1761539092786,21.4867940799548,19.5762511355778,23.6909886520985,21.0115882067624,17.9380137971313,19.5143144876772,20.5004850801018,20.633828954803,25.373197150716,22.3400638430204,22.5458842506453,19.4799939201406,19.3781229430275,21.97886224069,17.1813114602276,25.0014705322032,22.4490585897679,17.9643289406202,20.2063612235655,16.3435976767648,26.3115547262476,21.3102014215877,17.8760057190486,19.239319822465,20.2885767074356,21.5838063141428,14.4144625104957,19.248343151205,21.3503716643381,19.9285185818553,22.1878781242786,18.489195130494,15.9918109482332,18.0624179760963,20.1909220209983,16.2157669875888,18.0713130117763,19.2495010540846,21.962291850396,20.5779166907536,16.295434824714,16.7224347659,19.2405064670145,17.9579611265693,18.9471116479795,18.6552856358528,17.6303680987683,19.3651035353558,18.3678798039705,19.7516209221717,18.6961117586616,17.564147363075,19.6937994250593,20.8390644312597,17.217023706521,15.7778563129265,19.519089323164,17.4370681472574,17.55256789685
"AH1_12hr_4",1,18.8422318574146,16.4488943158704,17.241248489165,20.4115552305692,18.4834022737537,21.2708145554404,21.2773567152264,18.8625837424783,22.1456384019738,20.5576390766314,23.8542567831217,17.526863796801,20.4892671872938,15.6670346963877,21.2466603705859,21.2209441986836,19.8937380340538,17.5619569990105,24.6039518162348,15.5460288517516,22.7255190618915,21.1802687782617,18.6099853404821,23.2807234376051,21.3336181008833,19.37889953369,19.1454389974057,19.7994893358437,20.3646614314741,24.9895406661003,21.8403387745796,22.1202533746429,18.0045955966134,20.7940229759735,21.4034315648407,17.0492949164081,24.4674463418753,22.1914314364287,18.1171315594514,20.1636677149957,15.8188838484905,26.4097768017833,20.8191901800238,16.4708794443742,18.7368944250543,20.2677576298462,21.3213192540675,15.2950903850463,19.6110300993417,20.5092821294048,18.0650219205104,22.0351164968578,17.9070029665857,17.5312047682939,18.4345345705992,19.7885311826512,16.4261556909996,17.4385340658799,18.7161904757139,21.094655927386,22.0430116779733,15.6449957262413,15.6657237289877,19.571407879835,17.8679276532605,18.3413855376232,18.9460542091947,18.7315956661378,19.4809867522633,18.8109824516976,19.5175473036422,18.0831482065102,17.0411958914436,17.4071138546761,20.7568172735233,14.9710110155275,15.2249426861728,18.78997550454,16.8183592717163,18.266866523172
"AH1_12hr_5",1,19.0484583653385,19.0855464813495,18.7055025089281,20.3397880053145,20.2225255985542,24.2764159192123,22.1024771441298,20.0474215616351,22.5010924785762,21.5441158364541,24.4001188688281,18.3777715528838,20.871101721218,16.2793986422675,22.023726685964,21.6068522469888,20.1584936769808,19.2657906351275,25.1444587604756,17.8080211121128,23.583658341416,21.6512193055286,19.5862971760892,24.0599341692765,22.7026676359633,19.9005119753229,19.8439365131865,20.699027653658,20.9782859168751,25.2460244906583,22.4680725006905,22.6970280268941,19.1714527872182,21.3550532183671,22.0560890444459,17.7293870726067,25.0373920612206,22.6821110625259,18.0636126610244,20.5575642924438,16.6869014460923,26.5991773491218,21.2077043266836,17.8010387062076,19.3458890771929,20.8592366223682,21.5333499403978,14.8982464187475,19.4988947172747,21.2546792222425,19.4069628941927,22.6587143678867,18.2509215888338,16.3733472961712,18.3245565345671,18.211612533141,17.0174264161326,17.366564936489,20.4496131015336,22.7345899700638,21.421360285215,16.5303044335608,15.7973126779617,20.042611063892,19.7322287161068,19.8305152953318,19.0578724669493,15.3705920593846,19.754921000061,18.982419008759,19.8707639334902,18.5893167480033,17.4360833766872,18.2161314345151,17.1157540324247,16.0256086238875,15.7925492054789,19.9846431948115,17.4010678306696,20.8812186466609
"AH1_18hr_1",1,16.9278199513586,16.8823455499976,16.1834592648991,19.3635841301921,18.6385733863814,21.1969791797583,20.5646892782959,18.6525308092445,21.3001041209977,18.8345324213017,21.8502131028267,17.7637447857008,18.5862152744719,13.3733895383666,19.5392328783308,18.7319150426132,16.6863961758727,18.0621554854786,22.2471288045343,15.4991393829451,20.5470406418696,18.7507740765188,17.7711714572293,21.5963553125634,17.7707438913181,16.8970094201887,15.8946107290081,20.0983105634908,17.7053892049913,23.1721866199433,19.3140907587199,19.5921806571565,18.9222123858396,17.3841727995379,19.2010196689968,16.2023922484063,22.0057838129227,21.9600709398142,17.8715274815617,19.8764821308752,14.5392869251985,25.8008437051991,18.3246217005242,16.443876078547,16.8811306938517,19.9728727196878,19.0611231313845,14.4017195188223,19.0455098150027,19.0658037811132,19.5162704271057,21.0806770039861,17.99736616418,15.358876825135,17.5437534020241,18.4018358012878,14.4017195188223,17.5014193732479,18.2706174510271,20.0732705540653,18.4807079448946,15.1968798112934,16.3025950679189,18.4407059425545,18.3695596175687,17.9724142798759,17.0417144514634,17.0385926371269,19.1304112626337,17.4340347700571,18.656790642249,17.4820007430959,16.1864409317622,17.1920015814764,15.9963019812999,15.3534481434363,15.5853810262172,18.0860636405105,16.8643571703577,18.1624919243332
"AH1_18hr_2",1,17.4179815091447,17.2788450706389,16.8917514996751,19.9203193310521,19.1364376774698,21.2431153951162,20.9118076117639,18.888853390425,22.0271098973626,19.0520413960983,22.117595971872,17.8956753534536,18.8730481293254,12.4276645320454,20.0594565411444,18.8871804887048,18.8891407214561,18.0606749756047,22.4950933076188,15.7359178609726,20.5424420571654,19.0965693513927,18.1780553934032,21.9674779939296,19.1512508202702,17.8703119072215,17.7757409090643,19.0569894109131,18.1387390537416,23.3965186831792,19.5040370270536,19.8714172984549,17.0533268357938,18.3063625756323,19.3611443499127,16.85103056821,22.1549606233911,22.3652777082661,18.0863227059039,20.0126094188783,14.7747532388345,26.1286679893198,18.7577357178105,16.726702683283,13.9571512850271,20.2363711240642,19.0730432148062,15.0017751051328,19.3751212097418,19.0606648742145,19.2013283706513,21.3075580765815,17.7562497100818,15.745165587948,17.8181002999776,18.5149966556738,15.4102175591212,17.4743258976632,18.2450770102075,20.7178658951967,19.1606881444348,15.6438771216627,15.405942991145,18.7774287974455,18.4209198373921,17.7941003292508,17.3197749246513,16.7673708953476,19.0301005475437,17.6181947707816,19.0030168195641,17.7727994706485,16.4662408252108,17.2975396535733,17.1857277511911,15.2693813580336,13.9571512850271,18.7129017580009,17.2970806572993,18.3988264633568
"AH1_18hr_3",1,17.5975961836962,14.9688621836118,16.962208865275,19.7197027470025,17.7526434740678,21.1276882482694,20.2278656029406,18.4692431988321,20.7798140789038,18.7275402721946,21.8800866115947,17.1132680528078,18.8450365996647,13.338979066358,19.652204420852,18.9975851126849,18.3448626933516,16.2419124130155,22.1889493512803,14.4453991981203,19.4904819719675,18.8713092279148,17.7251265699528,21.6508367256139,17.3157143942839,17.4788786136479,17.3357512766375,18.9525044170257,17.7376181863625,23.3026482186968,19.3599932068327,19.550347681112,15.6759743547132,17.873163939515,19.0785164338887,16.6823319581363,21.9104937315047,22.6953269013595,18.206089481192,20.4104116589978,14.5314824176114,25.9712900055096,18.4052220871619,16.2759426785433,16.9447140213251,20.6123786855525,19.1955118615114,14.8969216019848,19.3908620423007,19.0829405310744,18.8510604678551,20.7831016492853,18.0233185724314,16.0382392597842,17.7169409592583,17.8859392369831,14.4131651135354,17.7902042945028,18.0530194893964,19.7721606853644,19.7255886470303,15.5177414368229,15.3959290285516,18.1830697102736,18.3076022105712,17.7638598019944,17.3135544546226,16.8147480313954,19.2581923647504,17.7077745144658,18.4976950446265,17.8431243412073,16.6033891490255,16.9547172424312,19.4030721948951,14.6470086384416,12.8286068762648,18.0205442490158,16.6531705661386,17.7650499920851
"AH1_18hr_4",1,18.0396799367423,18.6105720514468,17.6349959523849,19.8527749297715,19.7602882511738,21.8637875687695,21.590326812724,18.9571863534502,21.2089842173669,17.7588684320325,22.8530961402798,18.5288639488428,19.3670430644361,14.0576605914934,20.7605756764324,18.3784667483134,17.0777765966733,19.4649034602777,22.5678540849583,16.8446865023629,20.4780004177,19.098086872973,18.5681767911545,22.5564457797435,19.3221332487232,18.0690145341646,16.2656919549642,19.6219151646731,18.0358239372236,23.8566309464942,19.4912852386524,19.9143862167751,17.4813275694266,18.4377338463356,18.634626022876,17.2111571604892,22.4153031830215,22.7505704312664,18.5101156580269,20.353091521516,15.5028318689986,26.2661625020094,18.6281414815354,17.2573756364496,17.3473531911462,20.5625481285148,19.373736051392,14.8340237362945,18.9995141211358,20.055593838937,20.0717983077234,22.319801868944,18.2618637936466,15.7452766547372,17.897671603094,18.6193988651081,15.8579032616196,17.9458032176692,18.8133713496962,21.564621862663,18.7533515439812,15.876736869572,15.5582413219302,19.4933559033924,19.3662792762239,18.2891470186237,17.6930016916899,17.0356045804292,19.312052133939,17.9226970507975,18.6081184530965,18.514359513171,17.2456850663768,17.6752781690321,16.9533094807746,15.7560007599957,13.5052728166011,19.1716194165619,17.2939844966517,19.1968269264561
"AH1_18hr_5",1,17.8116685583768,17.0706292130654,16.9740291264942,19.8651293380084,18.0516876577044,22.5988137317782,21.0720642105905,18.5954271252597,20.5338336579928,17.5107032480858,22.2863120605647,17.9606852759523,18.8806515016897,12.3435902416733,20.1134787128739,18.081371681801,16.1453510671092,18.0500285406922,22.0288161810895,16.0231998970893,18.3871517498119,18.6019316023067,18.0469738469377,21.9855836584737,18.3045770687139,17.4057025320369,15.8618796442044,18.7355028549525,17.3881814153733,23.3394077068028,18.8828838695588,19.2151943408699,20.0236147928071,17.6076036008327,18.1550909614225,16.6873542019727,21.7178463201169,22.6600595867651,18.1580475050849,20.5558650862209,14.9101876340867,26.1577210576782,18.0291183437834,15.442204858364,16.8202259833932,20.7969405316786,18.9872668675887,14.7881313135813,19.3394548654694,19.5026139012623,19.2652701505783,21.6783642950029,18.0001378937772,15.8028206929048,17.7795984516637,17.6916664166892,14.4293506947569,17.8413009083753,18.9092060955875,21.1083824858015,18.8674531909744,15.5975471359354,15.4787280955849,18.9758122309326,18.8077953999061,17.8019030073235,17.2485351641217,16.6767693590857,19.0638726300525,17.6846932521845,18.8067814614188,18.1285502122901,16.7941333375632,16.8232414080338,16.3981916028436,14.8325467568548,12.7014178627418,18.9962717130845,16.9648903742948,18.8097601450767
"AH1_24hr_1",1,16.1670714318076,16.3239810850946,16.0248861188916,18.3629414527748,19.3179849492458,22.335087430465,19.9718424599334,17.7093452221313,22.7254243073629,17.5467168590193,19.6863660811015,17.2632781089724,17.3907305997706,15.0720055802476,18.6560428258905,18.4477998880843,14.06814247307,18.0100347519862,21.6960538885839,14.5834723418985,20.2352759510502,12.0405637111587,17.2514784477155,19.4621062421592,16.7243990255723,16.9785825008275,14.2626716568024,16.3052378100414,16.205280527813,21.913533054538,17.7551135388999,17.8848590561941,15.9299914603323,16.5773490476418,17.9143500921807,16.3896327795015,19.4658766727946,23.4790679591025,17.7876371513596,20.8620110614136,13.7274373281597,25.0078700282101,18.5153636911075,16.1685275571868,17.2844370956114,20.9545141053574,18.923585235832,14.280422811362,18.6796282454497,18.18240045014,19.4535862555486,20.9196933777976,17.956467723299,14.7186995196618,17.7484257412449,18.1301276675461,13.9685896584219,16.6778316996502,19.1024356407509,18.9214347733364,17.1196999026594,15.8246519448362,16.7597741499588,17.4904097241193,15.5519699813628,17.2976785872489,16.2322249654055,17.173272520908,18.9508806568154,17.3802706850009,19.0311842621408,17.3132322855662,16.0884043536806,16.9803914402976,17.6307193185678,15.9292121676703,15.6965981142489,17.5609038449604,16.7455651632823,20.5991735081375
"AH1_24hr_2",1,15.7771356728952,16.3470765578538,16.5416415862244,18.372907681241,20.0262344968952,23.4204889258368,20.2442841550169,17.6684527105532,22.7378672641393,17.8625840884314,19.6753887918434,17.017065018605,17.2552625626627,14.6815823295252,18.105731848515,18.65532926571,14.5440899014671,18.0625808976053,22.3641225300748,14.3588670162683,18.5781767010134,17.7388936083634,16.9927818945105,19.5085157654678,17.0320028458861,16.7661339381882,14.7505380180482,17.7615989057523,16.5576115671205,22.0836003338482,19.2328672298595,18.4595033189368,15.5961955809673,16.3851133581695,18.2656841072825,16.6143910651886,20.2597339714758,23.4757225798638,17.3593382634478,21.0720083410621,13.4996501647029,24.8395121359875,16.4976086235634,16.011806797064,17.2145167169455,21.2409930693589,19.2827085089504,14.0475816216019,17.9748146713437,17.1674500680466,20.1787170856632,19.392892182396,17.634686486168,14.629088236421,17.5334620584619,18.3230072469152,13.4942055754507,16.7807942196947,19.8836447389207,19.2352899095588,17.3208856485651,14.9692528846255,16.7140630223764,18.3079037919933,15.8990520578909,17.3944370950204,16.3750855042737,17.2071358259971,18.9687018238725,17.207277750838,18.4083098358972,16.2984216415818,14.9635928160356,17.436710148299,17.6909276996078,17.5938325180478,15.457939628244,16.824589441326,17.1720819967424,20.8210121837026
"AH1_24hr_3",1,15.8820036232312,14.9704885518468,17.0377486766155,19.8613348565322,19.0276602118455,21.7258529894064,20.1808538767688,17.5627379502107,22.5329171264104,16.744226430988,20.0980187512256,17.2990109528952,17.6510731193421,15.0042557834724,18.1735151362878,18.4485507617474,13.499991771994,17.9775266965671,22.185110561011,13.826917285672,19.9279376044455,17.346442256826,17.0644074661011,19.7875852757034,13.3127128161202,17.1787095793493,15.9188423582255,18.3919651593071,16.6822002588936,22.3648031158547,17.0302813258026,17.6210629132505,15.5821218153727,15.786883651772,17.9062655207205,16.6632304781833,19.9005731277601,22.8895776151577,17.8370840749468,20.6938676167657,13.6942179522938,25.5326342195049,16.8160686533237,15.9593263196177,17.9712981614288,20.9405819509194,19.063491837681,14.7913867657299,19.6248897775523,18.5342369764382,19.6078310765715,20.5115466827295,17.6912650673761,15.1015466244459,17.9885578979178,17.9848855333668,14.5467205189417,17.002039235443,18.5636917898507,19.1954243904824,18.3905786344714,15.6807566589036,16.007652414511,18.3587973699721,17.7827878323261,17.5842782338651,16.6581445244356,16.9792446305515,19.1896547110672,17.7935213025624,18.5277729336817,16.7499846205726,15.4588258551079,16.4665012190684,17.9623367001428,15.2557578285998,15.9302779756454,17.336740902883,16.8379875766535,18.7975677178657
"AH1_24hr_4",1,15.7348615561006,15.1458127651885,17.0005211540852,20.0482953238521,20.0327931301576,22.7771492008092,19.9264511681861,17.5522057024468,22.3808691619233,17.0545016645132,20.1853895246239,17.2844319316674,17.644868418423,15.4254668110349,18.4816961756486,18.527284342536,17.9327382442079,18.6085521688416,22.1167283697677,15.740685065543,20.0984930543323,17.8281562875797,17.0990636213431,19.731531981395,17.3162025062798,16.607334029436,15.3389183988909,18.476728125054,16.7159439926402,22.3395055605413,18.1260804406483,18.0799728061878,15.8714405044909,15.9533832148597,18.0372101771433,16.8903155160613,19.8601980195136,23.5681536615121,17.9944631437005,21.2850089167478,15.4254668110349,25.5983517403483,16.5921900446324,16.1717178820925,17.3278165091167,21.5532932444214,19.1355367392278,15.1897694157335,19.60159613759,17.4332906244502,19.3674138370198,19.5969551547751,17.5902054501191,14.8088952436718,17.9951147426856,18.3543226918807,14.9094297146406,16.9027263776674,19.1673691404125,19.1756591870831,18.4786383866753,15.9591701043628,16.7634139463798,18.2471565271972,17.4332906244502,17.5354593823276,16.6813945149946,17.2591066800701,19.2264583596274,17.7294155247318,18.1329112095432,16.3563080197177,15.1187093775839,16.4701331815975,16.6804713766716,15.5376032249441,15.228879874872,17.2736827021621,17.0069868953598,21.2395679140027
"AH1_24hr_5",1,16.1164652251788,16.1198831086114,16.1743433479172,18.6928821491913,18.876718458355,21.4807056346483,19.6071779605988,17.6510562970237,21.8327071611472,17.2850259522794,19.6263760860731,16.9274129038243,17.2790949301808,14.4778688728539,18.328612948779,17.8682753443567,13.0780554764416,18.5945915144137,21.6815006501886,14.312741174041,19.7777665735726,17.4002891244794,16.768574253166,19.2226641312459,16.9577390745072,16.9736905871432,16.0421425106284,14.8216074417112,15.8511006532052,21.7325563865493,18.0669099534174,17.6680001192999,19.9439551492776,16.4858662053092,17.6845347654055,15.9480497295893,19.6882363056332,22.8421761794475,16.9695301023787,20.6680763693174,14.4778688728539,24.724219815344,18.0394559631551,16.0998790489124,16.5363508687834,20.8429737034124,18.7534212220567,14.0609395440482,18.0175053330236,18.1160319066107,19.8805821116397,20.2470112512007,18.0152040836496,14.5027021874813,16.9417635603087,17.6458883780793,12.2716547742527,16.5778469008757,18.4261870535934,18.7017528833721,16.5219255001973,15.2490203068937,15.761166080512,17.7319245103342,17.192306851201,17.2216879880171,16.0211212658045,16.8790946516024,18.8035608720938,16.9709147525158,18.5997147757481,16.8293305840847,15.5705596656683,16.7994702734919,16.9764407395218,15.7241666583219,14.0941672499339,17.1984708034968,17.1907619462289,19.9623609912494
"691_0hr_1",1,17.8009262539839,16.3240157542073,17.9172352019308,19.5211597717467,17.3908056773144,22.0892310176558,21.2865657867979,18.848410129783,24.3701554591671,19.6556190142863,23.3542711540646,17.8617659526638,20.0863155968123,14.2204279943078,20.7326744727336,19.6887012760372,18.1998511481808,16.6526945504811,22.1662179531988,17.1015337276561,21.1622627465738,20.7427447831565,18.7280203258785,23.1613234448247,21.2786009368317,18.2814144280095,17.9265972380069,19.7306782855846,18.80974722813,24.2792311666266,20.6066048922955,20.946748595257,17.0215265737073,18.8982762841626,20.010382576005,17.289175200408,23.5708738809153,23.0214084141855,18.1648557318108,20.6055377268586,15.329083542135,26.4124802337275,18.2530684415549,17.0136722851394,18.4570641966133,20.8845861591453,20.0144038028481,14.5985327643646,19.1475900886638,20.2503963064279,19.0743345035097,21.9769683924436,17.9441646202355,15.7115171842883,17.8082849515818,19.1727527112725,15.5994147713806,17.0993853845495,18.6872292100435,21.2708523832103,20.5742506562107,15.8811972830391,15.7974444105084,19.5092259797816,19.6622888823448,18.3646068721219,18.1290621794461,17.221885116438,19.3675338925132,18.3495692867549,19.6091755426284,18.3337214131704,17.0104138381046,17.3167469477019,18.3855801754727,17.9450887756044,16.374759567842,18.064722769276,16.6443612855291,19.2791415144394
"691_0hr_2",1,17.8469578667288,17.9130824079407,18.425633428087,19.7838949358416,18.0400578895518,22.0994299486395,21.5947015627146,19.1270237312307,24.0300320374243,19.726878179607,23.7697121493085,18.1991733308222,20.3707925977121,14.6012219481417,21.0694287507432,19.8582633077353,19.147310489568,18.9373115806127,22.6065953599084,17.7981692671768,21.4252808640993,21.0815835393515,19.0916574105717,23.5426287063974,21.6111821619111,18.3043986896224,18.2797413384617,19.7569512207363,18.9363184201055,24.661830894002,20.8607376950857,21.2510895611023,17.6472482080721,19.0004319557468,20.019741846777,17.4826081088917,23.8767504713803,22.8782741893782,18.3625293531959,20.3962232759759,15.7474527393974,26.4000034290223,18.6159462958718,17.4396763181299,18.7035428853458,20.5519020885942,20.4025746950951,14.9076806947938,19.0588196705769,21.0300390638633,20.0732804927769,22.8482195986828,18.4530001447374,15.8530449442797,18.0044297552869,18.0479384973497,15.9418015428701,17.2566891526624,18.9177084733796,21.9338706435099,19.8428764843339,16.0309651218629,15.8931687846736,19.9347048330843,20.4145115881491,18.5331654484665,18.1097997625873,17.1331347562221,19.4359987640042,18.4227222901771,19.8909547883983,18.4759690547371,17.2274265800832,17.673894448409,18.4715192935422,17.7943598361876,16.3949406364523,17.8999352811903,17.2218371178458,19.5133517718045
"691_0hr_3",1,17.8200314767377,14.8854675980596,17.4969288788798,20.1343224227226,17.1697259547736,21.3006451607828,20.6001299162152,18.1536467435592,23.2464376695538,19.6486807798241,23.2405807413487,17.3272157887952,20.0470847997979,14.0167287101028,20.4411727476852,19.8051362045772,18.6831030004383,18.1862061465047,22.2496834831496,15.4486058372989,21.1549837401795,20.7654032590277,18.087271919426,22.8318941512384,20.2336163335868,17.9556619066686,17.7891597188976,19.0337887726894,18.4861428834739,24.6078528211595,20.4660764902811,20.8029853148238,16.8621388341494,18.7045755681056,19.8534749998259,16.8027669709759,23.3700643115787,22.6241885326513,18.0805823045155,20.2867468033472,15.1167384669223,26.3349835643218,18.4300577775527,16.6811131119227,18.270563616518,20.4465050822794,20.1938455333819,14.7727063332732,19.6156453382381,19.8876717951965,17.9732856024204,22.312553577427,18.0150436587165,16.2860162161852,17.9258588879104,18.2684909602956,15.5735804133782,17.2712986161559,18.5969280728539,20.270994855505,21.3624925091491,15.8158128436963,16.7920153263264,19.0379831301289,16.9543761429498,18.675804178729,18.2590165430582,16.9639920400631,19.0474948991786,18.3684834417715,18.3611793616122,18.1412280462581,16.9856154821801,18.6008984115917,17.1591364482832,16.2353448761851,16.2164660166025,17.3446857591783,16.4856307771803,18.7775762088246
"691_0hr_4",1,17.7281359482174,16.553271009709,18.3184276863313,19.6681322303759,17.0715751881094,21.5643788970851,21.1460942178202,18.86681975647,22.6449943813985,19.4554905771308,23.4506186849502,17.6069078973058,19.9170236987307,14.2363580769687,20.7494957806865,19.5906234919844,18.5827446381123,17.4588178471937,22.3414970673933,17.0433013642743,21.6006890484433,20.649151303241,18.3913763039821,23.0069252204969,20.9381736651597,17.3274343527988,17.7861715387857,18.7762618175946,18.2531324326111,24.3769760635941,20.4268501000798,20.7538618777135,17.1110075515796,18.1496965179302,19.7132321566635,16.7791675115968,23.5602659212683,22.6075117410394,17.5281684631182,20.1368303379386,15.6360443988751,26.0448897922217,18.1349059908217,16.9246047071556,18.4432708095859,20.1382957659665,20.287363095742,14.7863104734757,19.0485884360333,20.4221001787851,18.8811461461702,22.6464817851748,18.4416895319973,15.7853050382916,17.920539946286,18.9561845794218,15.514476308817,17.9374455812893,18.6746068668176,21.4212878086879,19.738730381064,16.0657208514148,15.634234115976,19.2632240656944,19.793786537376,18.2404882994492,17.8868803525398,16.941277890127,19.1370801251437,18.0541242967713,19.5234592943031,18.1906661960082,16.9116962625354,17.3631007588163,16.9591332233409,15.7998482254671,14.7469970981221,17.7613579273939,16.4732405199192,18.7699482260278
"691_0hr_5",1,17.3901727952407,17.3610402896952,18.7291320207217,19.2272195287712,17.4573854596348,22.1904776042164,21.4426775706971,18.5469625882655,22.8511912185869,19.7049442453289,23.7215063663365,17.593292947468,20.1166460141977,14.4069774809752,20.9185088111928,19.8084044177809,18.7990523692139,17.6042642622668,22.5733435223103,17.9122640143664,22.0097250898743,20.8354675706806,18.8856470976734,23.2606763834505,18.2033590651098,16.7137443664905,17.8489070431348,18.8235911509147,18.5071483338422,24.6148563692621,20.6855520294058,21.0059298659915,17.668391172861,17.3966855249945,19.9054154635637,16.9341393863533,23.7879046970175,22.7216458078871,18.0454417090212,20.4342191755192,15.4419178170628,26.0590624912254,18.5232618812513,17.3557213418839,18.5517184524656,20.4874940794696,20.3747096336055,14.5145573226455,18.2886244668455,20.8594658033593,20.1721818844655,22.8954640043398,18.5609479724039,15.4201049666173,17.6427852436234,18.198390363809,15.5631520005021,18.0736835876585,19.07395183178,21.2944308772261,19.3099358523749,16.1898598493954,15.9974951746725,19.9433603639132,20.2310976345314,18.7829087432668,18.0526570458803,17.5032784935833,19.2045995262536,18.0428886969133,18.8461269699614,18.4992916798607,17.2213432852737,17.7491831266011,17.0847855549156,17.6256030581949,15.2106506901191,17.7981112126493,16.8310919518255,19.2260009947087
"691_3hr_1",1,15.7930676420776,16.8345708651177,16.4002743120066,19.1497443555635,19.4907501130053,22.0163181848609,19.419385933107,17.4865529089291,24.8987258912292,19.2431598348352,20.9404690110307,16.9799734516951,17.9444869002903,15.0739809281306,18.022007032387,18.9109592891331,15.8131727838958,18.5342533718049,22.5537811482517,14.7273871835452,19.6235740185122,18.6711469849849,18.2201403622114,20.042444993407,17.8760501375943,16.8349384766567,16.5734946165259,18.5365526240167,17.9726599633118,22.7520911461879,19.5393613102205,19.6257157727849,19.4279143912783,16.1699300330986,19.5406705650023,17.064859424398,20.9586842728045,22.3169355386669,17.5133757866717,20.1310855824634,13.935688623229,24.8259023453551,17.5730993790085,16.2734922931145,19.1909636903833,20.31731279611,19.2833235244094,14.4712088754866,18.4657212623083,18.6052647465192,20.2286458913523,19.1422011697864,17.6229597976231,14.6476816620805,17.3858657701607,18.5650325692428,14.350848437897,17.2398289130325,18.8969503969421,19.4390333549131,18.1753987605997,15.4042301815639,15.6551241851005,18.7758377780363,16.7056802095877,17.3382971614746,17.0884963416494,16.409916507316,19.0630030992252,17.3924036781544,18.4633249152919,16.009346897333,14.4936964351245,18.0850949544561,18.2116554419887,16.2765902349352,17.979962769148,15.7975138910347,17.1323258657648,18.4014390694082
"691_3hr_2",1,11.474285377936,15.4315694238202,16.1210195450039,19.1269124236904,18.6070156808168,21.1274301184127,18.9494557097331,17.4027303978531,24.3456832372146,18.717909895055,20.4095143561623,16.6563227036786,17.5471901975777,14.6785775686541,17.2351661434731,18.6304337176008,15.420920777118,17.7481027903938,21.8276478317472,13.9057066491633,19.0355880888402,17.9506596206508,17.6437823223203,19.2935178998364,16.2322303198271,16.464263901036,15.4775107382172,17.9985650889299,17.2045523138231,22.0631862451919,18.8988506061585,18.9620672174463,19.0514323871479,15.9876878238797,19.0281430271406,16.7785666942109,20.2149330977891,21.8535533528544,16.8132808837848,19.8857194786682,13.510061225479,24.8344586580781,17.0027820589294,14.4264426095055,18.4643545249709,19.9378069608365,18.9921007039873,14.6517452511482,18.9532225060692,17.7469796717653,19.051328141738,18.7512644970917,17.5861693994556,14.6071238693181,17.642628733114,17.8871167258069,14.09663751202,16.941019759801,18.2593507854543,18.6518968729213,18.2019237027988,15.0908130344972,15.415907724452,17.8012818086153,16.9591193128008,17.6595290921442,16.3796172105712,16.4586835279358,18.8127807618366,17.2345835728488,17.8540319405303,15.3345945313543,13.9528946172793,17.25599302017,18.3537886502923,17.3747542318877,17.1284431936782,15.6967820560284,16.6183346970119,17.2357818632926
"691_3hr_3",1,15.2055947277423,11.6120786285161,15.3204782308526,19.6930605351815,17.6286355314121,21.1493393859239,18.7347219042345,17.1646965255072,24.0336103778841,18.0324608925323,20.0596282084012,17.3505838199325,17.6019908465884,15.3362046692975,16.539784556615,18.1713658696732,13.1719675517532,16.328479592506,21.7544518778788,15.2718515441914,17.9516008556197,17.7448103795898,17.1471208656686,19.1649241080597,15.162300280544,17.1856566908344,15.3017329082227,18.2326802945897,17.1915869283024,21.9304761283654,18.528857954439,18.6807759831416,15.6952228530995,16.2525920499184,18.6386934745559,16.5385739308416,19.7713423100867,22.1726097901457,17.3823391159856,20.1665934079638,15.3362046692975,25.1485975524245,17.7137529958442,15.3758885139357,18.5987872690667,20.5070399062582,18.8841437682935,15.0717173302562,19.6514084737302,16.977022085141,19.1999116568787,18.74848704655,16.9288246760202,14.7412126505348,17.6547213280355,17.9302774803003,14.725440819357,16.8564911837627,17.964532493463,18.1855453498263,19.1436184534187,15.0647427647503,15.8157999804531,18.0765470647442,16.977022085141,17.9994155732,16.5785795003228,16.6019912606676,19.0173554175815,17.660838934837,17.823812006806,15.4846458005682,14.7629692489999,16.8104073830256,17.1365815092451,15.4796187887633,17.1715498907313,15.3953285186933,16.131699094116,18.0924594093313
"691_3hr_4",1,15.4241334760577,15.372539593195,16.5308827770309,19.0904969580067,18.6854529626658,21.6186859145909,19.2781385437042,17.5146053124795,23.9146863258629,18.3371183620575,20.3744601818751,16.8799278012303,17.6188793200974,14.4779537849809,17.3796425915739,18.3360424929806,14.6246224996842,17.9578758079625,21.6187819552686,14.090826027273,18.6113256912053,17.7202794033915,17.466217833898,19.3172833920895,15.4425473814593,16.3988692242677,15.5518429886652,17.6353197274009,16.9097779246093,21.9381539289922,18.6908195771128,18.6864118096943,19.4527651626596,15.2162435120776,18.6540472845594,17.0083320094802,19.9909536337167,22.3367057369509,16.1471390406426,20.0742474700308,12.9165512852552,24.9459335714455,16.6198265438461,15.7633374334414,17.7214246164011,20.3292584884534,18.8939509476628,14.435071183756,18.820829110265,17.8662540167795,19.4645375456925,19.1450620042322,17.5657634171633,14.6627335350675,17.6849305577408,17.5204222485264,12.845826043326,16.8444535820887,18.4185334904463,18.7565882459683,17.9720728501034,14.9022862760512,15.6064927922821,18.2622197972262,16.976877329653,17.3760715950642,16.2882805865141,16.3369413471058,19.0048810726932,17.2672935447781,18.2058220165457,15.8942074005885,14.72116328807,16.9806700332172,18.3230091325241,15.8076632616481,16.1206336337475,15.8530804606375,16.7745653707677,17.9003932852514
"691_3hr_5",1,12.0998925461972,15.0134298569043,16.2729400960641,19.7920452483428,18.5446876414846,21.6896145839362,19.0501990183467,17.5894787322244,24.1992306283954,18.7058085290248,20.5876117833022,16.7214471218758,17.8476940978696,15.1323919984982,17.5270534614931,18.5888588100557,15.309404282304,18.1307562713957,21.7934738792191,13.6991541216899,19.8685690844548,18.2232171184653,17.4930993064644,19.4312182784765,16.6946932876161,16.9606419701552,15.6002164297783,18.0501867934994,17.2940224593744,22.3328537899514,18.9657035334646,19.0226235566078,19.7664013480355,16.5032583032998,18.9922353239288,16.9623263703248,20.2110153445905,22.3816941738961,17.6529209778144,20.3720564190224,15.1323919984982,25.4084748692292,17.3544014091872,15.681173883472,18.8195010792563,20.6846706787312,19.0807690586558,14.8932906949627,19.5059018590649,18.2711335348813,18.8629547696029,19.2246605951085,17.2785176483067,14.9697359741385,17.8637686887975,18.3377865162017,14.4230596184614,17.0318267170465,18.5076038645925,19.0266287236238,18.920856085091,15.5357240658705,15.8199559463581,18.2604606924817,17.4076495020502,17.5705033364927,16.7318095700145,16.591829108712,19.1183270722334,17.4989753869784,17.0028256868179,15.4487597612417,14.3558937746282,16.856236535793,17.810711305596,15.7870046756628,17.3623217918766,15.4785150420946,16.6672113560834,18.3414333183579
"691_7hr_1",1,17.934540096594,16.6034570416332,17.6194908795987,20.2610232968947,18.5413189935234,21.9981245637962,20.8811836030283,18.8755654448484,24.4425750741497,19.8504773508228,23.2193196203014,17.520246840511,19.8425858832494,15.0313221310796,20.115458468755,19.8608904716141,18.6352723503162,17.8717875219038,23.7493397200532,15.4486749669211,21.8070437980383,20.1152543407469,18.5953016116537,22.1661691871749,20.2549494765732,18.5833918540956,17.9593173971566,19.3143591207225,19.3979688223956,24.0339436956056,20.3118223597683,20.8989220742351,17.3011345676098,19.4273910694385,20.4822619101992,17.1037537984436,23.5110581406634,22.7683118778813,18.196248769535,20.7220195092646,15.2612585833716,25.5707859911884,20.1108083623329,15.9997137924814,18.3109251424376,21.0401702929396,20.0823432785162,15.3090875305213,19.6487618186415,19.829770861843,19.1206876511815,21.0053103747593,17.7770163875757,16.1611836318502,18.09555140635,19.1614264613053,15.524869610838,17.9267495127936,18.7734962479137,20.5301910078718,21.0296274951769,16.1275971244865,16.0325937199303,19.3368756766852,17.1070967839973,18.3747822450457,18.2373819045996,17.1454443280989,19.3195056787412,18.3851398179567,19.0211779785757,17.6021837322366,16.5283590466239,17.4799559263024,17.0362272832457,18.8889791471784,16.7184808918229,17.470109116751,16.7685738848882,19.8787932562068
"691_7hr_2",1,17.5835233396956,17.8711551283965,17.9250402589223,19.8916206027231,19.0039351734164,23.7274220564761,21.0362941004672,18.5174208149708,23.9387121884003,20.159385078524,23.1137936676779,17.934617922082,19.796056996134,14.9878349868819,20.1415039435272,19.7704588536952,18.5984437657683,17.3658156596157,23.6268401005094,16.4680807846084,22.2507944238844,19.93020870374,18.8887325484899,22.1021457596925,20.2674752977684,18.0704203266286,16.135977190336,18.182795172385,19.1108599820166,23.7868293451727,20.6050501756517,20.9297870189103,17.5010245516469,18.8644698797709,20.3216189255615,17.0598972693368,23.4617462033989,22.9513671261546,17.2988501627384,20.6934645700565,15.0724556453295,26.4619658203227,20.1309012451573,16.2158536401302,18.3602064327553,20.88379393771,20.1254546970321,14.3772783246152,19.1359358343048,19.8316850760818,19.3510814498096,21.7679640203088,18.551308296612,15.8485398109476,18.178197984585,19.2240405138157,15.6790441148608,18.8648955940585,20.2387504209587,21.3638769375542,19.6236134127426,15.9996496237889,15.8734235134939,18.872114438893,18.0213240886446,19.650988855957,17.7078717465964,16.8794769280587,19.4270193739674,18.0004916099514,19.1100570046961,17.5724196120934,16.4658118920512,17.6745386949177,17.5292296522865,15.7019507651744,16.8059626198184,17.6299440426392,16.7215161654906,18.6130374197155
"691_7hr_3",1,17.1209361633497,16.4952170699666,16.7514222650995,19.6805973470388,18.5999664781946,23.0413705006453,20.2261308252845,17.9905584393961,22.8074781715501,18.5897803917863,22.3324556465088,17.1591620771414,18.9466578787614,14.0302064916322,19.1367359107226,18.6329912426865,17.7624180050616,16.9934817983937,22.7575776155095,15.3411027921023,19.5584656643087,19.0259767999532,18.0516277315442,21.3377767340482,19.0026645073144,17.1351461243879,16.7796061451997,18.3865537091553,18.1501714227426,23.0744299970515,19.7228215842393,20.0500046956192,16.3400736175479,17.6895520893156,19.1183690807649,16.3080906290146,22.559631048308,22.3759439633904,17.2172453247747,20.2822510510856,13.8002845904985,26.2078382626824,19.2262406840374,16.2493526013341,17.426411486383,20.5340114139701,19.3123437957431,14.7078998564017,19.3422020602468,19.1704145327157,19.6645809615394,20.074214462682,17.5942012855848,15.4588121264497,17.6814111835479,17.7307963001675,14.3746901995755,18.0841474220391,19.2133534526988,20.0679034867823,19.4619783364179,15.0507803132812,15.547516859733,18.8865489396172,16.9776067090647,17.5285611596857,17.2937738889102,16.6401113567373,18.9667485231877,17.4511563656693,18.4653854507822,17.0112079088334,15.7892090311063,16.5151449775074,17.5766735035905,15.8477152423514,15.4725430740935,16.8934522102415,16.5630557895925,18.4730832953913
"691_7hr_4",1,17.4133913447255,17.8815085048028,17.4752921547143,19.4671800368507,19.0938955930198,23.3118109748018,20.9252340709257,17.7900133358185,23.2988927102738,19.7695952862426,22.981452334128,17.8459259507186,19.427452103085,14.5508738746061,19.9533200379309,19.2045551791413,18.2342313776531,18.2890821604157,23.2357188129725,16.2846020824798,21.780100479071,19.6079643776933,18.5962004697958,21.8871636342208,19.5717768695887,17.5651012280092,17.3399399502309,17.8120187892893,18.714727140688,23.5713496060339,20.329719769425,20.650846577393,20.1274923380573,18.3027012630654,19.9685988981143,16.5315420315194,23.2505008581772,23.0247666162057,18.126633036983,20.7615369487787,14.827938080145,26.3210407551539,19.817911571271,16.8680285445842,17.9169948851696,21.0038592541656,19.6772385313117,14.6225895259253,18.9100061413783,19.7208567872442,19.9362085154722,21.0313008208223,17.9660257868134,15.5529057765577,17.7127185170741,18.8609515085177,15.2737987205102,18.4070202919051,19.7492067009653,20.59781999683,19.1425021312321,15.5975296777593,15.6786079981461,19.0065086082065,17.0858251228113,18.0505405963465,17.494428379505,17.0855590035572,19.2602048932888,17.6369684557743,18.9944467277903,17.507854134815,16.3288687333349,17.2323283038633,18.0373008909962,16.1073175058816,15.440044163965,17.4438429103931,16.8905530234797,19.1384893756322
"691_7hr_5",1,17.382099034234,16.6151221807237,17.0851493550426,20.1137829645552,19.6318757689963,22.0629284572346,20.6632242474472,18.6807641141355,23.1760241119671,18.5564231924504,22.8479701972109,17.5120622989477,19.4036757310286,14.6076655164414,19.8632639437327,19.2757698688558,18.313400718164,18.3177169456394,23.1739696652349,15.3272288233996,20.2193126766249,19.4522686759683,18.134604944354,21.6522273331346,19.0416416597414,17.7324360433684,17.3589928116176,18.7975344267626,18.6845035555059,23.7748500437702,19.9120724630007,20.3871742932806,16.5427296155492,18.5601293650061,19.5600305527854,16.9297643197759,22.9734078043165,23.2222718501213,18.3312764919565,21.2234884483517,14.7991153564168,26.3256475093538,19.5692493440169,16.6499793577583,18.0021536980406,21.5472522729212,19.7802958899921,15.2005176999689,19.5683985338304,19.6481717756569,19.099433085692,18.973813859249,17.1890253278186,15.7620698007239,17.9251171082352,18.8594585230621,14.7207984942353,17.8195623781506,18.8859058820943,20.0496422145786,20.1020321866451,15.8948373826242,15.676866933793,18.9826653817704,17.5302467281501,17.6664495054639,17.7188210498352,17.2268494744933,18.6991085042958,17.9600932682902,18.532599438673,17.2457765715893,16.056452044443,17.1015513143455,21.7751698330644,16.0026561889113,16.3143728410388,17.5701992077894,16.743218654571,20.6167716327195
"691_12hr_1",1,18.3775486224201,18.1631985667643,18.0498158901357,20.1573502490689,18.5191741926706,23.5913716155003,21.8929260872144,19.0299443116709,23.1652947904602,21.0527744219818,24.1446180799605,18.3778220161067,20.6601319232271,16.1181885074019,21.3666646204942,20.7272508194462,19.592226759048,17.9223658833212,24.4322041420816,17.7157291598531,23.500403223038,20.9915476665805,19.2345768907272,23.4590759909852,21.9419128027118,19.2488068034388,18.8285134653659,20.5052967172889,20.0507300274997,24.8995452116631,21.5952039042374,21.9834206905041,18.6360451737368,20.4491044745392,21.338622719407,17.3216198690538,24.4679172663441,21.9498590680253,17.8007751617298,19.9480103624473,16.2923118742285,26.4834221530155,20.6721842925337,17.6880351529123,18.8380995509608,20.2874605948967,20.8682039350747,15.0528639728858,19.1877731226792,20.9666500243873,19.5156018951501,22.9508498832618,18.4838320812412,16.1986111171716,18.3224094246788,19.7560033206489,16.9435823071351,18.9611022669521,20.2005146557857,22.6064731828693,20.2595996436737,15.5734054332835,15.3687052197766,19.6235201301295,18.8196517376129,18.853500149757,18.7542008816502,18.6028554190882,19.4340754469104,18.6985769730191,19.7396001863066,18.2867998438286,17.156616119449,17.9187106973712,16.830778678025,15.1453999731064,15.4248542474448,19.202553771078,17.3129029550657,18.3382719129325
"691_12hr_2",1,18.5526799246652,17.2715276407896,18.5664931517878,20.1175946583727,18.0226812936589,23.3504616752379,21.8461031560114,19.314534565948,22.4242536783758,21.0559124355726,24.1674700353963,17.998447822918,20.700410228689,16.1811478189172,21.3612811012874,20.7800619067807,19.3763979019298,18.7926028547731,24.4095900344429,17.4329915543737,23.1025029667191,21.0264199481265,19.1318415333953,23.6278448035313,21.8680012088387,19.2604636459842,18.8208492668619,20.5180831239446,20.0519337062406,24.7684005353878,21.6197641494387,21.972120953666,18.1348786387707,20.5096487434665,21.3279362568275,17.2715599466029,24.4611425271799,21.6196045970166,17.857663267604,19.9108407026279,16.2202984253232,26.3692719677285,20.6893740250678,16.8000642567081,18.757170841022,20.2020485423656,20.6793349086406,14.9057388780544,19.4259536320525,20.9700125972814,19.4963735493572,22.5372736061299,18.2972443431701,16.4608699735182,18.1177154184597,18.1382522267073,16.7829218119171,18.4557903509984,19.6239852073118,22.3847964555281,20.6997271424266,15.6435397605004,16.8151806277597,19.5659762899595,18.4482268333541,18.5309456747578,18.8548453437496,18.6259289481943,19.4828566205172,18.6084148999849,19.6167067734849,18.3294438636389,17.1518000173385,18.1616966609645,16.7252254939928,15.081441827692,15.2277126298456,19.3252957916431,17.2046857605946,18.6692378293311
"691_12hr_3",1,18.2939024122928,16.8637126959695,17.8533857962884,19.9298322512979,17.5693949468375,23.0288571793771,21.4120933975793,18.9568131898789,22.0174293481624,20.5807259718505,23.8379504194428,17.6880861618121,20.2872070897019,15.7218895485441,20.8559483752718,20.4162148048166,19.2015492219268,16.7757722970961,24.0395115965244,16.9428508956561,23.224969421469,20.6114369273673,18.6573441717838,23.0333750696858,21.2659682131448,18.5592265244551,18.2746044480919,19.5239372079227,19.554189149171,24.613194690002,21.1614813104299,21.549579799722,17.8287733187978,19.883548943682,20.8850090662341,16.6722658960765,24.1759432026615,21.6972832895781,17.5487943919245,19.6879701644547,15.751393122876,26.158133488564,20.3768355464136,16.5837452103435,18.6056314305737,19.946445056716,20.6590989099615,14.8045142365831,19.1253349067196,20.5814211985325,18.8034940246795,22.5845418845031,18.3353886099475,16.0241879924722,18.224608045895,19.4726521429552,16.4112385844256,18.4923462326235,19.6888243844527,21.988300055473,20.0919700605697,15.9763294938871,15.2442002886966,19.2344282031177,18.2362782538784,18.6317005136701,18.1974890491496,13.9570087341663,19.247831113042,18.2646111980269,19.3801655788786,17.8805705391079,16.8175254742983,17.4115998867538,20.6126297314345,15.1576040855469,15.4083136274644,18.6010594112927,16.7318432771763,18.0669305191283
"691_12hr_4",1,18.7917054401178,16.0678982735833,18.7573154996484,20.2492674479022,17.6735137559623,23.6180624819456,21.6515747953057,19.0353839626711,22.2216603449801,19.9687293816258,24.0486554319059,18.0477985565662,20.6570793499301,16.0279966803692,21.1859169481234,20.2978916307902,19.384541906051,18.3597266453307,24.0223825113847,16.8511512101045,22.0783195212488,20.823706313866,18.9786755108724,23.3265925897201,21.2204567239958,19.0761083737568,18.5764186439367,20.1285330239059,19.732962863143,24.7941186725278,20.4122002206972,21.3605215427062,17.8822953921408,20.2891000163063,20.7876555743271,17.2674785300169,24.2219747690766,22.2287991506395,18.5842211797218,20.2855250064979,16.0588548436144,26.4281917005846,20.483198908345,16.7854948338608,18.652490796483,20.5214107419142,20.5191150259609,15.3455032632745,19.8149930808099,20.7726629147616,19.1932198669275,23.0138718469118,18.3303783524065,16.6677194284867,18.3862084571795,18.2617608448001,16.6140192030754,18.7743418099612,19.9622236355643,22.0660314373018,20.9551188897754,16.400378678285,15.6001784096967,19.687144980877,18.9038251196247,18.8262062010423,18.5786698384507,14.6498704306793,19.3999913172973,18.6427566418907,19.7299908032165,18.2211789970733,17.2293912535335,17.3767835959304,16.5270283631341,15.479007004222,15.3579103167836,19.2208844984488,17.0053225355406,20.0277795236355
"691_12hr_5",1,18.4718314584716,18.4035243506341,19.2795320145366,19.5343131426503,18.4027462173741,23.4621049975876,22.1137589504649,18.3301453497156,22.1670393782532,21.0761487215583,24.3031334696371,18.2406836742002,20.761519418632,16.4552836399998,21.4834190462232,20.7364924165205,19.5929386464682,17.902160243558,24.4183297288013,18.0077337452221,23.618119699199,21.0526762805789,19.4654440441083,23.4907395068893,20.64326332773,17.7053949913133,18.7182618482961,18.5153087959361,19.9635152073111,25.0902487831294,21.6380910135729,22.0235533990495,18.9137837448075,18.9846454992869,21.3047663261447,17.0257074846119,24.6573737073347,21.7984632350586,17.8084542932508,20.0192280884388,16.3621723089905,26.1373279248357,20.8448792019781,17.9647297323249,18.9802510086384,20.2503590286284,20.8959921920053,14.8100522764861,19.4194208511904,21.3681249291187,20.3102121531873,22.3330036652813,18.6098874632428,15.6255294734761,18.0760305841296,19.7663742629889,15.9076592378463,18.9218953825051,20.2759679586388,21.8805033871026,20.1092721304292,15.8157042179818,15.7385379045224,20.4287095320837,18.6867203428577,18.9402704134456,18.1772943912446,19.0421322658782,19.4327495621745,18.3463258700179,19.6933800963174,18.5306085987298,17.4801890581022,19.1483840843181,15.6736576857534,16.2339496931344,15.7931511262448,18.7948442697357,17.4750516694749,18.7207441104543
"691_18hr_1",1,15.3429199356294,15.3056312346685,15.9174935028575,19.0397731723389,17.2918171846827,21.560946000902,18.9309086534898,16.8406964476682,21.2446826444956,16.7000704205505,19.1765791784825,13.2044663442366,17.1524580149414,14.412605108957,16.6153890686049,17.2894724240872,14.2666652517259,16.9220261760095,21.2301137268294,13.8014254497988,19.3700536660005,14.0608864835156,16.2329171375824,18.4941020872237,16.0958995555517,16.1710352887909,15.5888462638092,18.2871697209256,15.7380417293026,21.2527335323819,17.6255335503896,17.4304686528495,19.5176070017646,16.2055735227748,16.972187150393,14.6685399673139,19.3633706696726,22.3176614258562,17.4270045793621,20.3271152060158,14.412605108957,25.1414047563154,16.7456690724818,15.1910419904104,16.0145809555798,20.4235481412482,18.4446108655068,14.4755434568578,18.986247355404,16.6117288084498,19.9504770558853,19.517088035166,17.532950286683,14.5733496382335,17.4633457862409,17.9700269062231,14.1500623118741,17.5385241338504,18.4161829011732,18.1167328109977,17.4743664166326,14.4508503929804,15.3149918246849,18.5431251671799,16.6310560353147,16.4491597020929,16.0366305162106,16.556406833495,18.950419040072,17.0755615198506,17.6630646505985,15.7032531886207,14.3662948902174,15.5520986783832,17.2991037385747,16.1612488778944,14.1683229070089,16.6315100122853,16.4294665224742,18.5399038543385
"691_18hr_2",1,15.4269844623524,15.9896406115336,16.5923081632576,19.7472591281984,16.6550462995164,21.1791625192363,19.0895580667988,16.9931917666389,21.1631117648784,16.9608937060803,19.7614901548238,17.2560369988552,17.6275536293452,14.8511665336379,17.1169907778228,17.6591384168024,14.4627962007146,16.7045540518086,21.3415383373488,15.0356936422165,19.6716245829158,17.3294308753639,16.4102478501378,18.7743393278884,16.6582379594462,14.9834364573884,13.7310644153158,18.4767763728767,16.1666467473959,21.8994424859866,17.8905428453074,17.7128223242444,19.521262925883,15.9763271446234,17.4966195341495,15.4842699661153,19.7634081101324,22.6744070333561,17.1579652018323,20.410912199652,14.8511665336379,25.6490562333128,16.6541493053494,15.5576672337109,16.5585838546582,20.5349899643665,18.5332749731046,14.9921594387286,19.5317039986266,16.7802537747122,18.3546198287686,20.0767173072331,17.0925297552704,15.0478006860962,17.8429900524825,17.8425923720869,14.4682785635256,17.7023232543379,18.2066693632019,18.162039750469,18.4439589677221,14.5190482304959,15.4058603895894,17.8083393656055,16.643183391855,17.2248016812309,16.3808905357383,16.592621380037,18.6533988183804,17.4865261985206,17.6229520379035,16.4061409302493,14.8976131973406,16.8784430454328,14.2342935359394,17.4516200321559,14.6274052296892,16.3532945382096,15.9521367047005,18.2599158260011
"691_18hr_3",1,16.0076574195732,14.6740377484683,16.8827653003015,19.0536582807553,18.24931626188,21.9867248877206,19.8369051640469,17.4637448971176,21.6134413185068,17.6097569161465,19.9558142379261,17.1430936144811,17.5382926622018,14.7492813809051,17.4163927542044,17.9065789307774,15.4190337498798,17.563550398375,21.6371282862059,14.4652821523663,19.4838379278263,17.4992765020785,17.2777193901346,19.4167039426583,16.8366477968031,16.8827308605667,15.9538718816095,15.4081012923171,16.5195700025484,21.6668832829887,18.366920773494,18.22297315373,15.4837932888156,14.6997304584548,17.7525699316672,16.3060728815604,20.4019669498702,22.8458915208624,17.4912505059988,20.5938093104192,14.7492813809051,25.3706670708533,17.2479378418084,14.1446582428319,15.6917349523263,20.8438622028252,18.6010694666013,14.4995380573,18.5974043467306,17.3265458543164,20.0417977794879,20.168886800578,17.7730273200926,14.6813607858083,17.3812462376111,18.013980138123,14.0759733023874,17.6298446652816,18.6385399539558,18.4160596376665,17.2008083131143,14.7846991039636,15.8668332074528,18.6260356259859,17.197463818146,17.2499366836649,16.4835688364384,16.7132568537142,19.0244818312219,17.2760355848088,17.9382928161724,16.8807259702687,15.4759061951304,16.2097296759257,17.3710235047367,17.6410681380436,15.4237503833114,17.256491193867,16.7613939186356,19.232724789472
"691_18hr_4",1,11.9363960674665,15.8284124162329,16.2484724383921,19.7684637659123,17.5723828133163,21.0933313801548,19.2000320510284,17.1679389010077,20.4260007699792,17.0006247412476,19.6085509829532,17.2436014334913,17.3191136255676,14.45426314687,17.3903088473986,17.5963397378398,14.28387176409,16.5547160307848,21.0513810047935,13.5379914126591,17.8486397057206,17.1619595137111,16.6768405742599,18.7477741497453,16.5777889680049,14.2824120861114,15.1895122387415,14.6340314859747,15.9266269229557,21.623926691825,17.7924489817602,17.490106815635,19.6713079659538,16.083657710437,17.3691170205612,15.7949836591494,19.5217031241979,22.4028565967504,17.1559882422095,20.3099432410255,14.45426314687,25.3105754135652,16.3417540908742,15.5600837328951,17.0259831554144,20.5833916965256,18.5384387166486,14.7479741520049,19.2589790934218,16.990894731344,18.8501155739383,19.7526678315647,17.1749215036242,14.8764045740869,17.3273721959244,17.4410612144162,13.493451626959,17.8384218799789,17.9683921413866,19.0369540945131,17.3745031808504,14.5260293263566,15.1919261487828,17.7409119796817,16.8787875270461,16.898489034995,15.8465033899,16.3126292582153,18.9202139338461,17.3549277244575,17.6905193245154,16.2511162166692,14.8060647872409,16.8184281077872,15.1818588304134,16.0628580638967,15.1036799370622,16.9078580391664,16.4334270950829,18.3881179765114
"691_18hr_5",1,15.3157500210212,14.6724284989684,16.3522403735165,20.2719585591682,18.0327829475809,20.7646992523277,18.9129887145162,16.6514277449326,20.1689330265613,16.5444845410033,19.4573007701898,16.9236905940413,17.3028286104012,14.3597901110698,17.2234207718616,17.3734339653552,14.0526335470949,17.8669758133899,21.1202380944338,14.7303728708643,16.3946301597048,14.4746402856113,16.3085081623164,18.4548404232841,15.6324431585315,14.0877090786985,15.0296719596565,16.6243014149739,15.8158971658951,21.7175826816884,17.8560984242539,17.306004709826,19.325220427057,12.6027319995387,17.0499205484293,15.1916298856158,19.2101751689311,21.9490878810949,17.0630206345864,20.0895182403418,14.3597901110698,25.3255930502613,14.5445608689597,15.5720971212231,15.6920736889547,20.2747379380628,18.3476405223144,14.9428927755782,19.3992729169971,16.7133132465199,19.0507412993305,19.4675160566429,17.086560401234,14.9947335086455,17.6886470346532,17.9179509185059,12.9038226823553,17.3634860507165,17.9864490295595,18.9984530174173,17.1303861229743,14.4786243645764,15.3212224751249,17.8865182351777,16.7133132465199,17.3572441774801,16.1424455767361,16.0586350353798,18.8010229124919,17.4059577070789,17.5084686226565,15.7896435314066,14.6550786524229,15.9939701068606,14.4526751460284,17.8150449637476,13.3409905722921,16.6097352765838,16.6432941379072,17.994430153686
"691_24hr_1",1,11.5265132116926,15.0237705493505,15.6954055956799,19.7278454040654,16.7981531716073,21.4763620614473,20.3529532991462,17.5217483030207,22.5284091958749,17.635553148985,19.0254862748373,16.6976544896217,16.9179527494621,14.9795902598591,16.1939240618548,19.3688254113858,13.6168310537304,16.7916611129044,22.9935190942385,14.2203334239921,19.8347292594925,17.5145215579454,16.1923814388478,18.1082247100141,16.4047701610641,16.2019215156412,14.7973010963223,19.2191754095471,16.4573167464664,21.7822753106153,19.936495975668,18.3234997769508,19.5521434514941,15.2424447144383,18.1918118908848,14.8026432966073,18.9661113496633,22.4797457462569,17.0999116197674,20.4416307469648,14.9795902598591,25.1123219635251,17.0802958811124,14.9254915365364,17.6490602591025,20.5775098862568,19.3796110465146,15.1202309332212,19.5822201764356,16.3068012026426,18.7996953041664,18.4347756233553,17.1324423510357,14.5372097319639,17.5829322411032,18.1790694854256,14.7217675137457,16.8702336310174,18.0806405934579,17.6169065197505,18.2350090328762,14.9543121222517,15.7232038214518,17.6162440113795,16.3068012026426,17.6447231967324,16.1813641544179,16.7286569868045,18.8836618263595,17.3288386875144,16.5006640742029,14.6328345787914,14.0106629684916,15.8529753015137,16.9939517899498,14.8441326858195,15.7644665902804,15.6988782658369,13.6533665272241,18.4141887756107
"691_24hr_2",1,14.2753897090843,15.4455153980916,15.0214893943551,17.2535673623845,16.1264181314038,21.0909118445889,19.1757915751441,16.3909208038489,21.7173906862444,16.5106533623167,17.9694220165778,15.7261162619367,16.8410767452225,13.7773619100585,15.9374565833419,17.9349987620261,11.7320099041963,13.4432654895012,21.8393738017438,14.0275730113802,16.2599591601312,16.931211840488,16.7299457579025,16.9696450859662,15.7090966982209,16.1429128622693,14.7798310051348,18.3972989617203,16.4959689460469,20.6270817344247,18.2881340487895,17.1097968478577,18.8658371589366,15.4148526014209,16.9932135680983,16.0441602759859,18.395637410861,21.9850822847537,16.3710166961721,20.0149903610539,13.7773619100585,23.6006062332648,16.2401700261499,15.0553862570801,16.3053930548245,19.8837085704443,19.069862024062,13.3566209584027,17.2729793676472,17.0920572148476,20.0072988460991,18.3233570247934,17.5365284492935,14.1658536312399,17.0694212952766,17.7929580161479,12.3584863748317,17.166767218093,18.0461649604224,17.9848820380195,17.1912870145532,13.055766610125,15.3154993546398,18.170315745449,16.2566744573608,17.4069791415895,15.6888224335593,15.6888224335593,18.6574491498634,17.1843410172677,16.3931601096416,14.7789908482316,14.2483427030896,15.8615577549181,16.9096838499325,17.3895127484367,13.9409637380808,15.5961156955486,16.6988371925568,17.3936550004641
"691_24hr_3",1,11.0342880446122,14.9349242121095,15.506608952963,17.8884512520632,17.401872338748,20.9215349346974,19.0853413736573,17.057415518288,22.2407653997696,17.2145256604324,18.4625965278096,16.2143581541752,16.7392449229813,13.9316077149111,15.89252384368,19.6999449764176,12.1450314310467,16.6907381383683,21.8712059974365,12.5307546710236,16.3004598145967,17.2021147380738,15.8647955236342,18.2080124863301,16.0634416752217,16.1292292994238,14.256703091588,17.9428482783783,15.9824977158749,21.2999270878915,18.9708913274555,17.8826404906868,19.1266120086676,15.7614376285278,17.5884885695442,16.2673988816272,19.0330753484325,21.9079432666542,15.5921800315075,19.9575719702807,12.1051415106723,24.1328774001664,16.6720823544925,14.9254942157493,16.6707186783488,20.0614220499598,19.621572576995,14.3118618191977,18.5397346928925,16.273138903722,19.9827671487741,18.6465403283038,17.5019802036146,14.3661211751668,17.3324229827402,17.9362212114954,13.7669784239939,17.2889193588737,18.0310694638105,17.8976515158445,17.5460275593249,14.5283180537871,15.861471905612,18.0372722368621,16.273138903722,17.0428993818987,15.9402663981284,16.6202116421541,19.050593811212,16.8557750688881,16.6158147562999,14.6407726787281,13.5940046209551,16.0896928332361,17.6401038900121,15.8970560299215,14.3198172537913,15.6901671637766,16.4747050103607,18.1523357775632
"691_24hr_4",1,10.6827438330774,14.4312265322671,14.5883766733769,18.657802111711,17.7236674190867,21.3371211938721,18.4758948892924,17.2637577962731,22.3559526880262,16.7177900086085,18.3443345510774,12.781535355667,16.760142590231,14.6130496604962,16.0857563748971,16.8566839628055,12.4659016052388,17.6804680402545,21.6974888757548,14.133400873301,16.2160447987525,16.7631434674329,15.8929913192631,17.8001970024464,16.0100639622636,15.7381399676986,12.7303912858864,17.6812960701031,15.6675590669076,20.9399727623437,17.7757394176093,17.5779497149044,19.5892678358433,15.4994061664936,16.7978720968514,15.1924403352122,19.0389568703073,22.5653282124491,17.0387787831978,20.3911112827436,14.6130496604962,24.1321734377372,16.6645659333914,15.2855064096299,17.2119740945639,20.5063949775612,18.4810600367816,14.1753869256323,18.0663958677643,16.920924021983,20.5049678879999,18.8774804028087,17.4501618322864,14.1156916303273,17.242697501853,16.5751192381581,13.5977599419749,17.4578661334125,18.317289071176,17.3524065572843,17.4836133697074,15.3152557221338,15.7002291445652,19.3581710188998,16.2263725876077,17.0977573320329,16.1633295757586,16.6405645100924,18.873822997611,17.1616920224454,17.4978903645818,15.5200012325338,13.8747097057406,16.3362041733987,18.0450604397018,18.9654645539315,15.5123145530994,15.8860163254928,16.6744843120411,19.3536406805138
"691_24hr_5",1,13.6502119259334,14.8660677692445,15.6793274544262,17.875532705957,16.7539815075963,21.1292227608278,17.9478459572225,16.7507884730626,21.0086123709683,16.1643676779375,17.6216518825863,15.6594990286521,16.3857290575618,13.9734975893323,15.3799778183024,16.9762725892393,12.8203613396977,16.45977556431,20.8543852574868,11.6224702346251,16.106113050423,13.6338417984177,14.8363744628462,15.5281688993951,9.67525138605026,16.155237543946,14.3928781544187,16.9893625025559,12.3153598522885,20.3965199113204,17.1961160494333,16.5383461487152,15.5497752152688,15.0549050449683,16.611176745323,16.127691613867,17.9538107643653,22.370592918444,17.5112787948423,20.3606852026057,13.9734975893323,24.2548912758467,15.9332967893787,14.4733462332536,16.368232149618,20.5724960092687,18.2981612961864,14.3072658748425,18.689363323303,16.1747828329263,19.9187393517959,18.9203022569124,17.6320437995215,14.0285375806386,17.4011911906561,17.4224092882493,13.8570534720347,16.9612184089599,18.2066294400297,16.7217560722038,17.1451403543306,13.9734975893323,15.960136428413,17.9756272947655,16.1039493223374,16.5050197715778,15.8465131839025,16.4072487932247,18.7464224702693,16.7742178800053,16.0437133042146,14.6437660185168,14.1189086376682,13.8455992574535,16.4578993323542,19.0187218696548,13.9201108971036,15.5508172010086,16.2020844580335,18.8542928917858
