"","response","Cer(d18:0/16:0)_NEG","Cer(d18:1/16:0)_NEG","Cer(d18:1/18:0)_NEG","Cer(d18:1/20:0)_NEG","Cer(d18:1/22:0)_NEG","Cer(d18:1/24:0)_NEG","Cer(d18:1/24:1)_NEG","Cer(d18:2/16:0)_NEG","Cer(d18:2/22:0)_NEG","CL(18:2/18:2/18:2/18:1)_NEG","PA(16:0/16:0)_NEG","PA(16:0/18:0)_NEG","PA(16:0/18:1)_CoE_NEG","PA(16:1/18:0)_CoE_NEG","PA(18:0/18:1)_NEG","PA(18:0/18:2)_NEG","PE(14:0/16:0)_NEG","PE(14:0/18:2)_CoE_NEG","PE(14:0/20:4)_NEG","PE(15:0/18:0)_NEG","PE(16:0/0:0)_NEG","PE(16:0/16:0)_A_NEG","PE(16:0/16:0)_B_NEG","PE(16:0/16:1)_NEG","PE(16:0/18:0)_NEG","PE(16:0/18:1)_B_NEG","PE(16:0/18:1)_CoE_A_NEG","PE(16:0/18:2)_CoE_NEG","PE(16:0/20:4)_NEG","PE(16:0/20:5)_NEG","PE(16:0/22:6)_NEG","PE(16:1/16:1)_CoE_NEG","PE(16:1/18:0)_CoE_NEG","PE(16:1/18:1)_CoE_NEG","PE(16:1/18:2)_NEG","PE(16:1/20:4)_NEG","PE(16:1/22:6)_NEG","PE(17:0/0:0)_NEG","PE(17:0/20:4)_NEG","PE(18:0/0:0)_NEG","PE(18:0/18:1)_NEG","PE(18:0/18:2)_CoE_NEG","PE(18:0/20:1)_CoE_NEG","PE(18:0/20:2)_CoE_NEG","PE(18:0/20:4)_CoE_NEG","PE(18:0/22:4)_NEG","PE(18:0/22:6)_NEG","PE(18:1/0:0)_NEG","PE(18:1/18:1)_CoE_NEG","PE(18:1/18:2)_NEG","PE(18:1/20:0)_CoE_NEG","PE(18:1/20:1)_CoE_NEG","PE(18:1/20:3)_CoE_NEG","PE(18:1/20:4)_NEG","PE(18:1/22:6)_NEG","PE(18:2/0:0)_NEG","PE(18:2/22:6)_NEG","PE(20:4/0:0)_NEG","PE(22:4/0:0)_NEG","PE(22:6/0:0)_NEG","PE(P-16:0/0:0)_NEG","PE(P-16:0/16:0)_NEG","PE(P-16:0/16:1)_NEG","PE(P-16:0/18:1)_NEG","PE(P-16:0/18:2)_NEG","PE(P-16:0/20:1)_NEG","PE(P-16:0/20:2)_CoE_NEG","PE(P-16:0/20:4)_NEG","PE(P-16:0/20:5)_NEG","PE(P-16:0/22:1)_CoE_NEG","PE(P-16:0/22:4)_CoE_NEG","PE(P-16:0/22:6)_NEG","PE(P-18:0/16:0)_NEG","PE(P-18:0/18:2)_CoE_NEG","PE(P-18:0/20:1)_CoE_NEG","PE(P-18:0/20:4)_CoE_NEG","PE(P-18:0/22:4)_NEG","PE(P-18:0/22:6)_NEG","PE(P-18:1/20:4)_NEG","PE(P-18:1/22:6)_NEG","PE(P-20:0/22:6)_NEG","PG(14:0/16:0)_NEG","PG(14:0/16:1)_NEG","PG(15:0/18:1)_CoE_NEG","PG(15:0/18:2)_NEG","PG(16:0/0:0)_A_NEG","PG(16:0/0:0)_B_NEG","PG(16:0/16:0)_NEG","PG(16:0/16:1)_NEG","PG(16:0/17:1)_CoE_NEG","PG(16:0/18:0)_NEG","PG(16:0/18:1)_B_NEG","PG(16:0/18:2)_CoE_A_NEG","PG(16:0/18:3)_CoE_NEG","PG(16:0/20:4)_B_NEG","PG(16:0/20:4)_CoE_A_NEG","PG(16:0/20:5)_NEG","PG(16:0/22:4)_CoE_NEG","PG(16:0/22:6)_A_NEG","PG(16:0/22:6)_B_NEG","PG(16:1/0:0)_NEG","PG(16:1/16:1)_NEG","PG(16:1/18:1)_CoE_NEG","PG(16:1/18:2)_CoE_NEG","PG(16:1/22:6)_NEG","PG(17:0/18:1)_NEG","PG(17:0/18:2)_NEG","PG(18:0/0:0)_NEG","PG(18:0/20:4)_CoE_NEG","PG(18:0/22:6)_A_NEG","PG(18:0/22:6)_B_NEG","PG(18:1/0:0)_A_NEG","PG(18:1/0:0)_B_NEG","PG(18:1/0:0)_C_NEG","PG(18:1/18:1)_NEG","PG(18:1/18:2)_A_NEG","PG(18:1/18:2)_B_NEG","PG(18:1/20:4)_NEG","PG(18:1/22:6)_NEG","PG(18:2/0:0)_NEG","PG(18:2/18:2)_A_NEG","PG(18:2/18:2)_CoE_B_NEG","PG(18:2/20:4)_NEG","PG(18:2/22:6)_NEG","PG(20:3/22:6)_NEG","PG(20:4/0:0)_NEG","PG(20:4/22:4)_NEG","PG(20:4/22:6)_NEG","PG(22:4/22:6)_NEG","PG(22:6/0:0)_NEG","PG(22:6/22:6)_NEG","PI(16:0/18:1)_NEG","PI(16:0/18:2)_NEG","PI(16:0/20:4)_NEG","PI(16:0/20:5)_CoE_NEG","PI(16:0/22:4)_NEG","PI(16:0/22:6)_NEG","PI(16:1/20:4)_CoE_NEG","PI(17:0/20:4)_NEG","PI(18:0/0:0)_NEG","PI(18:0/18:1)_NEG","PI(18:0/18:2)_NEG","PI(18:0/20:3)_NEG","PI(18:0/22:4)_NEG","PI(18:0/22:6)_NEG","PI(18:1/18:2)_NEG","PI(18:1/20:4)_NEG","PI(18:1/22:6)_NEG","PI(20:4/0:0)_NEG","PI(20:4/20:4)_NEG","PI(22:6/0:0)_NEG","PS(18:0/20:3)_NEG"
"691_1d_2",1,13.8847386189927,17.5310650223603,14.1710214518136,13.7997034535557,16.0929864530549,18.0397034040171,17.9620495279699,12.64578517784,13.6961737509453,12.641713318819,10.2947933434228,12.5822742018749,13.1005975392487,13.1005975392487,13.9824963952758,13.1332206208818,10.6424343898777,12.0711513537151,11.3243191477818,12.0348617497979,15.0066926357575,15.5205234891748,13.9418791874013,15.6053509902978,17.8991978617181,18.6075617221004,16.2048967621881,17.8699677584165,18.6313481589691,12.3652500784564,17.5363914172658,12.0711513537151,16.2048967621881,17.8699677584165,13.562206549468,14.5972589905872,12.5375420230882,9.52646879263917,12.9474761559536,15.8503094227146,18.4002041456114,18.111194425527,14.2938389778428,14.4394559195176,20.1408356982975,17.6014787150388,18.3110736453792,15.2959322859785,18.111194425527,16.3071668932747,14.2938389778428,14.4394559195176,20.1408356982975,17.866982489618,16.3269547047455,14.3735196803942,12.8340939936474,16.6185535365894,14.1625476065999,12.8550189059158,15.0976521747374,15.7358480997651,14.4863544735473,19.5818183298779,16.7039319746358,17.9850314981267,17.9516267552064,20.2901282786947,13.8303106492872,15.657506215581,20.0194809521953,19.0375315379506,14.4494127865451,17.9516267552064,15.657506215581,20.0194809521953,17.9554599513566,19.1356886223556,18.9665349353269,17.4136381289211,14.7650771392456,15.4186622916719,10.4444766870513,13.4765663749139,9.57378088178483,11.1035223361606,13.3640767966919,18.4602804003491,17.425998260971,13.4765663749139,17.8794627530245,20.3756559506439,18.7873232117393,12.9282977010227,17.5404012260407,12.1614433107004,11.7800867556503,14.6668797424568,12.524172469957,16.5838650634223,11.6998250005797,12.1867281516268,18.7873232117393,12.9743625085526,9.37850601396252,12.0884044323092,10.0467799734407,10.7304750089718,14.6668797424568,11.1100266731684,11.6368932963781,11.8844498457605,13.2022679340062,14.272609426091,14.2130554064596,12.1472984125314,14.0763516024288,14.5067601055546,11.8917533934017,13.2257556726496,10.8530362254681,12.1614433107004,10.8631230449494,11.1221169028506,8.69659807180181,12.1451370214188,8.42723559400461,11.0631134420137,8.11909405246001,12.3389574893681,9.68909816414301,13.1973045955406,13.4182672412173,16.2239903359528,9.20853340212145,17.6647507525215,14.8896912018368,9.20853340212145,11.7206236753163,10.4995555435531,11.9278027330218,12.4334437055615,14.6406062700531,12.890900657303,13.2173709880675,11.5119393667826,15.0708013067359,9.98882421618489,12.4190801295997,9.46254807800479,9.65923007772107,13.3168550536581
"691_1d_3",1,14.3079117467757,17.9673653281972,14.8602168863954,14.2134078925237,16.5881252320585,18.7289694657988,18.6217092801474,12.9245448709475,14.1740215393648,13.3761045845311,9.45665446070314,11.8464780355509,12.1070591584975,12.1070591584975,12.7752256601975,12.0488924193118,10.9365061198612,12.8720446906779,11.8610703363889,13.1635444973688,15.4498593358592,15.8194504730875,14.4414493278312,16.327296062232,17.921923089252,19.3000567318426,16.4847339146796,18.6624679153344,19.0037565376103,12.7202298520435,18.1109665562825,12.8720446906779,16.4847339146796,18.6624679153344,14.2923907270289,15.1910513806933,13.4021382314414,9.27396999186216,13.5369107081271,16.2840321986006,19.1812685971787,18.5754562672145,14.8246335698312,14.8926851059598,20.7375543426154,18.0147211643604,18.8916017420647,15.9508437493842,18.5754562672145,17.4308345837183,14.8246335698312,14.8926851059598,20.7375543426154,18.6188970498773,17.0702963887492,14.8554025107757,13.4420993874164,16.8524947441202,8.30762260585046,14.8846927917449,15.8584317327498,16.2104577664525,15.2018875955181,19.8450894402569,17.1111621024509,18.5301408970543,18.1621059281858,21.1003898075385,14.6915348123832,16.3861394383479,20.1739709283976,19.6973242644855,14.5710390007294,18.1621059281858,16.3861394383479,20.1739709283976,18.2734367904539,19.4698364195848,19.2559320407776,17.7869462866973,15.5048318352596,15.9437401341909,11.1445339335212,13.8943006243047,10.1604763579144,10.498671990049,14.3861028539941,19.0834351773625,18.1951305143507,13.8943006243047,18.1361336102269,21.6682194413089,19.1773072975671,13.3323381858704,17.9452097479532,12.860843360965,12.637778610152,14.4912873535886,13.0384845074692,17.137212405926,11.8623726950263,12.8171351247703,19.1773072975671,13.3323381858704,9.75407449586002,12.5423699566781,11.3888132417048,11.1995375602997,14.4912873535886,11.4217804202456,14.3991016078952,12.190531992708,13.6882696277629,14.0476924130956,14.8498494602867,12.7511017748246,14.2162421541998,14.9154981209059,12.2588886030229,13.3470703613512,11.2532617743383,12.860843360965,11.1973626442094,11.7025565672843,9.09183145891231,12.3051559537391,8.88600295128714,10.7748190244608,8.80228136799397,12.6461455664868,9.96171577825249,14.3073228440629,14.0252533026967,16.6576571085221,10.0580374842613,19.7246518619862,15.4320783578211,10.0580374842613,12.0053415115995,11.3338263244217,12.5809914646052,14.0662222526888,16.7083242556053,13.18299757912,13.6493281111622,12.1782554391912,15.4912885770555,10.5864557982326,12.4117164353232,10.5003533309853,9.70853612570743,13.5109123874237
"691_1d_4",1,14.4922519797826,18.7047622248004,15.3544245397804,14.533432637855,17.1572818563828,19.3111651351007,18.9614950018865,13.6101720321638,14.7729841207436,13.2820252223591,11.665666736596,14.0919710429359,14.6015707522985,14.6015707522985,15.3344433833059,14.1761678216489,10.8563278762802,12.7673873674523,11.8491747551908,13.353703727203,15.4372164047798,15.5644235166099,14.3901898215689,16.3584817871183,18.205975760229,19.3305071722253,16.5300079800553,18.5286389133245,19.0808337888495,12.018815329595,18.2106912582232,12.7673873674523,16.5300079800553,18.5286389133245,13.9239613248692,15.0286525849753,13.0771063127099,9.88151038767625,13.3894757657382,16.6460432512008,19.3645975715991,18.6880277526715,14.520720818479,14.8349141508951,20.625770257415,18.0402813586922,19.1803236485944,15.1168049473469,18.6880277526715,17.500650321133,14.520720818479,14.8349141508951,20.625770257415,18.3640634341644,17.0753627716736,13.7175639967726,13.0946263749685,15.0162788399018,12.0984175136348,13.8068395700009,15.5968738982075,15.6613833176757,15.1608751544826,19.9259058026466,17.2839312027177,19.0568637468804,18.4443289394044,20.9961301061857,14.1538233612942,16.1805550877412,19.8773888034327,19.7232498230961,14.605155633299,18.4443289394044,16.1805550877412,19.8773888034327,18.8492038726197,19.3257034669637,19.1396846779226,17.4949729865371,15.7693305045092,16.0332305781917,11.0170533932718,13.6045888578773,9.62310295757076,12.7534289637485,14.1726643376321,19.0070074137086,18.0104466643422,13.6045888578773,17.9889764698423,20.1270449964513,19.0259343745299,13.2968837283147,17.7016281842419,12.9186936666292,12.084131355932,14.0479799067459,12.7565419689596,16.7671604217657,11.0305080221464,12.5991675854268,19.0259343745299,13.2968837283147,9.06262179953408,12.2677178231668,11.2731810740852,11.6261189655644,14.0479799067459,10.5475683714501,13.5646338862832,12.5316164533452,13.8795783888126,14.001714164216,16.7864255854737,13.3512898760706,13.7559769766,14.1412603888369,12.0823717613676,12.0745315317592,11.8217053849169,12.5070817982521,11.1588429422313,11.0568473785417,8.79827708776499,10.6124642643028,8.52315009603255,10.1945394050072,8.39597584696146,10.4102096163975,10.7630697895163,14.5944607241074,14.0695810451196,16.8070902410488,9.80723531545055,20.1107716206934,15.4296395356081,9.80723531545055,12.1152391208672,12.6876180949882,12.7669206046507,15.5131069810768,17.2662535372528,13.497260418934,14.3413442633506,12.1897476593823,15.3633359250219,9.96896572780029,12.4966342627424,9.84136874174159,9.05145125886922,13.100049030677
"691_1d_5",1,14.4909719092045,17.4842365603236,14.2373263901638,14.0351021290851,15.9575770534887,18.1322223195342,18.1438617931885,12.4261339459671,13.3277865707729,12.2020128910478,10.5018634190159,12.8475893074267,12.8829429093009,12.8829429093009,13.8420507522536,12.6707702300743,10.8678720940808,11.6260665922824,11.3432793938321,12.6233376555464,14.9421776372923,15.1154572672945,13.8877201278698,15.328877316651,17.9835272883561,18.4483642503377,16.0601341823936,17.4903386097573,18.4884390031274,11.4060391381985,17.4140073424568,11.6260665922824,16.0601341823936,17.4903386097573,12.5134631654517,13.9955985340175,12.0576706906216,9.52185547751257,12.5071108414662,16.0445895617964,18.6570513697749,17.59281765318,13.9089233278259,14.0707575858288,19.7065050817551,17.4696590804103,18.0274909644861,14.5528178807126,17.59281765318,16.1423486042164,13.9089233278259,14.0707575858288,19.7065050817551,17.4300413139471,15.8954497348192,13.2345544840759,11.8525756078313,15.7241019336827,13.5434683706592,14.3037113613054,15.3107155320821,15.3695502230427,14.2814215516714,19.4016888994038,16.1328111248087,18.3020209415292,17.343797836394,19.9458404764034,13.2587189900993,15.6147525232601,19.8946736491011,19.0289631140269,14.4097027211542,17.343797836394,15.6147525232601,19.8946736491011,18.1338718738279,18.8094196925186,18.5094224992185,16.7050442491319,14.8332016492746,15.5883693495923,10.8567362052997,13.1104931866115,9.52412666645648,11.5588713122532,14.1642127503741,18.7117767101153,17.5289948597991,13.1104931866115,17.3582427229157,19.3556552914217,18.6147885749225,13.0286114458201,17.1968168644784,12.3825910467533,11.3688803475702,13.7379753292345,12.3929940567603,16.4478269614441,10.7982700661228,12.2903014114807,18.6147885749225,13.0286114458201,9.39891013912071,12.029928833342,11.0872117652001,10.7333512578538,13.7379753292345,10.2077394379382,12.2525168859249,12.0503015468234,13.7814277545107,14.1276027019097,16.5366910400781,12.932165631338,13.8211960105871,13.9682731278439,11.975782471701,12.2077918563201,11.3343185739827,12.3825910467533,10.9315089667541,11.1407690902398,8.88520593654452,11.2201946771704,9.02632739470111,10.3895410167602,8.62500612586926,11.4497617515763,11.0053966843012,14.207946270995,13.675608322679,16.286317898988,9.49982484613518,19.1147695337119,14.9862858783712,9.49982484613518,11.6151432033811,12.2405018128191,12.3217697245703,14.6607319281442,16.0649420466016,12.9137176751154,13.7497537545395,12.0273065237035,14.711110181368,9.84373985141554,12.9424397818362,8.9755737206435,9.43975683717338,12.4781535340731
"691_1d_6",1,13.093469953209,17.357819098312,14.3016651783455,13.8217364242715,15.7767993634942,17.8487846204296,17.6691795169562,12.6187038547182,13.644201544633,11.9926617872131,11.7167131424997,14.349597099141,14.0633596942186,14.0633596942186,14.7851287482158,13.9973634199699,11.0899392072745,11.5620583819465,11.0099077025317,12.8801429733954,15.153440392982,15.1648279203567,13.9001045983171,15.3364090353015,17.9147887604948,18.4243792972625,16.149476882807,17.4734549379281,18.5077553293429,12.0416773640607,17.2982718145857,11.5620583819465,16.149476882807,17.4734549379281,13.247575249972,13.5556200861967,11.8683266297701,9.69986957561628,12.9571186071683,16.0509415140684,18.4729104336031,17.7609606959513,14.0900906076814,14.2612039803425,19.866404994813,17.3081604088602,17.8797887903874,14.9985635739757,17.7609606959513,16.2614684281294,14.0900906076814,14.2612039803425,19.866404994813,17.1536296480028,15.6433103649458,13.3493413034995,11.7639794279325,15.384437283725,13.3776586811846,13.194873905879,15.2449296579441,15.4815822948063,14.320228042617,19.3521741214265,16.5407720159471,17.7820012725214,17.8820019888299,20.1998565300076,13.6990423308123,15.6018949895073,19.5752019897864,18.800170496785,14.6090727524178,17.8820019888299,15.6018949895073,19.5752019897864,17.9474191690144,18.6798268017133,18.6902702130067,16.650126158505,14.6696140132378,15.6798331358501,10.6124059932246,13.6952976504938,9.84941369166533,11.334277786956,13.9960364657304,18.4929222028802,17.7450570368764,13.6952976504938,17.4928058560033,20.7733066526764,18.9833107818722,13.0402030848998,17.343043627215,12.2365041799485,11.9618005474001,14.3749337348119,12.6187579519706,16.5551574679376,11.6567094049133,12.2613702882156,18.9833107818722,13.0402030848998,8.78674572482976,12.3279908658692,10.3177558222743,11.2937929616099,14.3749337348119,10.6773326417947,11.4862024814964,11.648471473105,13.4409506321315,13.7483392593899,14.5090753461066,12.9997304780118,14.0756802177826,14.3176222470024,12.1966340916398,12.1403161675,11.5505135965882,12.2365041799485,10.7831698112414,10.9657371744052,8.44375802873284,11.1890734824408,7.87139006554185,9.78815913157767,7.81041502933493,11.8108281288507,9.5639353268372,13.8142341147723,13.6960806553651,16.3591806415905,9.29656408343408,17.9574724633203,14.9825408725291,9.29656408343408,11.5873891976492,12.5850105404085,12.4666892620788,12.7191580625665,14.856120010564,12.8654839957649,12.8773917992396,11.9989747051501,14.8520519611464,10.0961756255558,12.9733387959908,9.13415476527369,9.74829656659814,12.9186463579577
"691_2d_2",1,14.4355341982384,18.1687816664733,15.0911975936979,15.1555691627069,16.7082474147453,18.876302225982,18.5870121092064,13.5442501490346,14.5461995046955,13.4887059762487,10.3123646384395,12.5838970761829,12.9881598140076,12.9881598140076,13.6333232039798,12.926491277497,12.0343400628408,12.9314997691639,12.1662578020127,13.1274699869291,15.8092625694279,16.1421365126074,14.8307103560254,16.3992766204711,18.4910825306037,19.1693519178781,16.7525762432694,18.3566871676932,19.3151769323471,13.2998425745093,18.2678449579581,12.9314997691639,16.7525762432694,18.3566871676932,14.7083751998919,15.3235611430493,13.522828734843,9.97750851673981,12.8362324269073,16.6802386774263,19.0133996929718,18.8130432963393,14.9337814983224,15.0484900336626,20.5442311610989,18.1081417171975,18.9421137273037,15.8172189708959,18.8130432963393,17.2800175748892,14.9337814983224,15.0484900336626,20.5442311610989,18.3409224362095,17.0264839311495,14.8708150850729,13.4442889981782,16.6866433959484,14.2122079600853,14.2398940553608,15.8151259486405,16.6085043557064,15.4267711107427,19.9712741011797,17.3695200047905,18.4488561064444,18.2463823907435,20.8794802345346,14.9371248555346,15.9895233932648,20.1505229740812,19.9001172237077,15.1533476118445,18.2463823907435,15.9895233932648,20.1505229740812,18.4367421641546,19.6143257873295,19.5353000603239,18.0434221838696,15.6066304445109,16.5522210138183,11.9168840969388,14.2137684488751,10.5484537699415,12.7365718377525,15.1351132059463,19.6360903279502,18.6017692018281,14.2137684488751,18.4315025776739,21.6068628685613,19.6515525546069,14.2258305295646,18.2601751431484,13.3593987714966,13.2978963794672,15.5664609162466,13.9700956189418,17.7449308180228,12.4434385944045,13.4621971989456,19.6515525546069,14.2258305295646,10.6490972747879,13.0656725113034,11.1246362949987,12.1556946862838,15.5664609162466,11.8324037946142,12.9071085155644,12.2704524624312,13.9619998235798,15.0362001127073,15.1813583866772,13.2079452287142,14.9863488161684,15.705533888814,13.1841172948506,13.3482852446415,12.1868083852323,13.3593987714966,11.5621610058828,12.3742041247069,9.99067426126335,12.8863653812411,9.26025598948448,11.8706772061442,9.94355361096045,13.1703306705848,11.1232493342671,13.7259288063606,14.2786761716982,16.8293080423295,10.2335547309922,18.7876176470573,15.9863722543705,10.2335547309922,12.2441001538236,11.6032357031451,12.7385931794567,13.7989925227286,15.6520737103324,13.3495957494149,13.9799897889809,12.4178169834361,15.8713469147002,11.2291434305689,12.9416527575607,10.0414639802257,10.1481505474529,13.9661370783776
"691_2d_3",1,13.8002714325365,17.5027731803786,14.8505182226359,14.3394793900004,16.3540443314708,18.4120140169886,18.3663198127406,12.5986424056368,14.3953228400057,13.1485599024118,11.3399489256125,14.1861692634926,14.5564492211661,14.5564492211661,15.1842950004693,14.2729364148341,11.1183350122068,12.0262492045481,11.6232782589063,12.548384152864,15.0273843190773,15.5970797029079,14.0957775252561,15.6500862666206,17.9823159480478,18.946936161142,16.4470158586875,17.9644542155726,18.9696323520408,12.8421459221183,18.078785381821,12.0262492045481,16.4470158586875,17.9644542155726,14.0068393352785,14.5558571308087,13.2206314731729,9.365043113766,13.1773574874531,15.955101875386,19.0411596406088,18.2170027490764,14.798371036028,14.6479853433905,20.468293285645,17.7805774119201,18.7183177651592,15.3416160029609,18.2170027490764,16.4821354798184,14.798371036028,14.6479853433905,20.468293285645,18.2549533390992,16.7535351613397,14.3584860797161,13.1700254358144,16.5942457736456,13.8165029496837,14.5904657548882,14.9061606541961,15.6136191883075,14.7700622507298,19.5672308015955,16.799574911111,18.3689503988042,18.0151904305442,20.558460302493,14.544400628432,16.0476072187884,19.9349730964665,19.5961426561268,14.4246941384255,18.0151904305442,16.0476072187884,19.9349730964665,18.1240037424109,19.2028467710193,19.1600743726649,17.7612784183908,15.2612430120396,15.5870415334346,10.2017326805119,13.5800811810355,10.0552408901014,11.0312497313338,14.0250261509425,18.7278689497073,17.8160215297859,13.5800811810355,18.0838801861795,21.1491616202143,18.8520636802607,13.0390150766576,17.7135544339824,12.4091330928942,12.4351742696112,14.5200823377959,13.0622182838528,16.9556349212322,11.7853480953717,12.2551127313384,18.8520636802607,13.0390150766576,9.48830880823095,12.4545560929586,10.3089930452855,10.8807979361213,14.5200823377959,11.1253179231815,12.6865087556112,12.2202619987264,13.8734994040614,14.6709454514781,14.6560221758784,12.5647030724795,14.3921242651422,15.1423409688362,12.559599166062,13.3868313395902,10.6863685453335,12.4091330928942,10.8520887378848,11.6649154252601,9.37746566904619,11.8981301763746,8.75081532623617,11.1677242388873,9.15912975907626,12.2831112499996,10.649534132959,14.0427561652105,13.6443533953619,16.4084554357533,9.6737223847109,19.0917341455285,15.1958945106245,9.6737223847109,11.7757317344454,11.3509696566556,12.4216981227731,12.6836075184666,16.070182868421,13.0210696014827,13.1326268058045,11.9385430738347,15.5509395545074,10.6936707129976,13.0308691606112,9.43174880408334,9.87997224748109,13.3272756378911
"691_2d_4",1,15.1683210790093,18.4836871323491,15.3477385453699,15.0955103470483,16.8442309835061,19.2619043813394,18.5853276310074,13.2847172301762,14.3797380789412,13.4770871377832,13.4344048913758,15.9410809289503,15.7023505816747,15.7023505816747,16.483372728051,14.7698033473979,11.486656445779,12.4829301580241,12.0153490308075,13.2602538355556,15.3722255559015,15.7390361202481,14.5984315986411,16.0873437029373,18.2010341601588,19.0093492309234,16.6546990641268,18.2098245772809,19.2060176569245,11.9176645348753,18.1930698985282,12.4829301580241,16.6546990641268,18.2098245772809,12.665794555047,15.0215247776895,13.0225378171226,9.65625343476704,13.1171335440013,16.2252077311962,19.2170789492677,18.4587184961568,14.6870718105539,15.0294768068694,20.6095036373399,18.2077068244043,18.7766436665955,15.286507282371,18.4587184961568,17.1631879077253,14.6870718105539,15.0294768068694,20.6095036373399,18.2042632169713,16.89887765752,13.9672702417406,12.8895226233631,16.1811279865171,13.9636688833853,14.8952070217019,15.3173684475128,16.1699812577815,15.0490967283997,19.8616495915377,17.0341287822068,18.9674463358588,18.0527663684727,20.8987599609272,14.6493515765449,16.5959657329047,20.2042220157047,19.84270300038,15.090839781585,18.0527663684727,16.5959657329047,20.2042220157047,18.8829242573123,19.5645908612611,19.2753967729242,18.0647324052875,15.7271833238665,16.2228046294257,11.104201851115,13.6276793740243,9.89734435937285,12.1242372937462,14.6986793414301,19.2234309700631,17.8435739631482,13.6276793740243,18.0954406472459,20.4114781447604,19.2084979785685,13.7830052053373,17.8519434357205,13.2489073731036,13.0042775681171,14.54332605487,13.7662795829008,17.1825325675529,12.0735852523574,12.9064517208605,19.2084979785685,13.7830052053373,10.3622382867011,12.5718107286271,11.8235287625766,11.5318409398568,14.54332605487,11.5501817131022,13.9815628399466,12.1511466408507,14.0846402138102,14.8523352893179,16.0578309677825,13.6533738630598,14.5392674556698,14.7059517758975,13.3421118433324,13.0675512157508,12.1079269301312,13.2489073731036,11.8989758843943,12.4204705501466,10.0374759048869,12.3375659648135,9.33292789079094,11.7306499677986,10.044464995316,12.6791797143786,12.5886230324808,14.3923238434501,13.9370617093992,16.799834849444,9.80644735446194,19.2403341008334,15.5868673836449,9.80644735446194,11.87743308457,11.8516682266641,12.4455360076982,14.7643899399445,16.2135344163884,13.0666668543582,14.086597245864,12.3726047228544,15.3648805922923,10.5003403218326,12.9904285277734,9.70441196520646,9.71127405877216,13.0311100376885
"691_2d_5",1,14.8203125973993,18.1245231848546,14.9194829466873,14.7819101531132,16.6504607027885,18.9314825460678,18.374044755296,12.8474967898783,14.1411958277128,13.4569573256504,9.62043921935199,11.6734611284369,12.3247137241599,12.3247137241599,12.8362925344727,11.6779592735777,11.3599099805892,13.3051882466108,12.06057934464,13.1657054913294,15.4478777741928,15.7848588595515,14.8878046178909,16.7303581851931,18.2622699410931,19.2901673795479,16.9140545910443,18.4018635984169,19.0280343623996,12.4270288911961,18.2141612355627,13.3051882466108,16.9140545910443,18.4018635984169,13.7209806641548,15.3236049827029,13.1507603276401,9.76953592318956,13.0753869294114,16.326786326812,19.3182377219737,18.6503409420009,14.7402472779042,15.1582045623907,20.543970729905,18.1175876200504,18.66166644826,15.5101788659176,18.6503409420009,17.4145021469573,14.7402472779042,15.1582045623907,20.543970729905,18.4568525769073,16.7856323587857,14.1339472647262,13.0975861144939,16.1441912884602,13.5101423974152,14.9601093447034,15.8068714223848,16.1230200448451,15.3557685920319,19.7870641984781,17.2752491275926,18.846520501999,18.2462681398613,20.6575155923364,14.6443722105349,16.2800623329534,20.3302315535757,19.6965345059144,14.8982526303833,18.2462681398613,16.2800623329534,20.3302315535757,18.6576698639216,19.2799359869971,19.5285924168447,17.9682411306729,15.544075474189,16.342162991769,11.5736993031634,13.9956514930468,10.2491640997968,12.6587545323952,14.8623439367731,19.2903495080471,18.4903563615959,13.9956514930468,18.3680902378017,20.0510341479731,19.200319434758,13.8617158422168,17.6442299353318,13.2799488770578,13.0749391293816,14.3338235952975,13.5548108459034,16.8900136368398,11.8569079937857,13.2500631513094,19.200319434758,13.8617158422168,10.2075966179674,12.6408710068624,11.7228236832012,11.7104811815398,14.3338235952975,11.179127313161,13.545926941895,12.303934000526,13.7456506304679,14.7632911988162,16.2891525240055,13.7851563929834,14.5703382086808,14.9278783992794,13.0423989924801,13.1328084582336,12.1655322279275,13.2799488770578,11.7087331275119,12.1297683391385,9.91234656251082,11.5104493319968,9.36606576427945,11.3221457397125,9.8424516320191,11.7766354345704,11.9835270274197,14.6205526511209,14.1555833676449,16.8503146693139,10.1165403663095,19.1187532306949,15.5389700246813,10.1165403663095,11.9545326914247,12.1176342245183,12.9155818203023,14.9069268261654,16.0624688062595,13.1010685543287,14.388471420555,12.4175795696989,15.6613923430486,10.5581248691283,12.6662198845272,10.5177598430106,9.17051268021349,13.1848326763958
"691_2d_6",1,15.2433319218778,18.2081436951929,15.2017941400967,14.6680960586954,16.5684899920278,19.0017100415278,18.5282299313706,13.3161504445262,14.077228255624,13.5277735948423,10.6423204619223,13.198633279771,13.1130808063816,13.1130808063816,14.0836391973501,12.4641337705505,11.3443525330184,12.6320191631254,12.0119550623736,13.2803217890575,15.3927016954944,15.5637794249209,14.7101240027793,16.1195935782691,17.7304724175975,19.4614503450886,16.6385083891548,18.5604594880665,19.1757114137384,12.2439293741431,18.4560442773482,12.6320191631254,16.6385083891548,18.5604594880665,13.075532030554,15.1314959051483,13.0844536912749,9.81760622015078,13.5712105572195,16.3735155650485,19.081934086374,18.4643673856316,14.4101539650004,15.0594817773587,20.7413871585256,18.0280151335545,18.839114384389,15.3507586100597,18.4643673856316,17.2276945225715,14.4101539650004,15.0594817773587,20.7413871585256,18.5533218005671,17.1184102687963,14.229259925911,13.3372791676446,16.2523274633101,13.4547706849108,14.9585056339368,15.5254531830917,16.1213137580308,14.9193420030084,19.9972378098117,17.0165762318913,18.7376012739594,18.1272996278628,20.8698134230969,14.526990353844,16.1590450446745,20.1977368295688,19.4584345252496,14.9554197753485,18.1272996278628,16.1590450446745,20.1977368295688,18.7945050094861,19.4634053817043,19.3951198835498,17.8854767773236,15.624451447805,16.1289917766982,11.3075848090011,13.8892389846195,10.3661554335506,12.6020027502286,14.7175474719835,19.2274217537568,18.0686903841668,13.8892389846195,18.2339535747171,20.8539996472542,19.1492542057007,13.9094224338715,17.8317690967665,13.2685251530127,12.935775010387,14.4902178914621,13.782963626133,17.2757110551114,11.7890782734316,12.9611517600154,19.1492542057007,13.9094224338715,10.4059883878446,12.6694401439203,11.5859517496551,11.9762767248401,14.4902178914621,11.4519366293329,14.6154340953368,12.1873017766908,13.9411504381534,14.7830096030677,15.79031518359,13.6880919079601,14.6723880043921,14.9377364126277,13.4155512059786,13.103100959364,12.2998642291742,13.2685251530127,11.8790914779975,12.5360594711486,10.2444865118074,11.5793206568662,9.09916446430687,11.7597832648324,9.90918608976084,12.3858646382137,12.3823761317725,14.3463814415326,14.1121333893106,16.721254633087,10.2739914694334,20.4148623673152,15.7016966017878,10.2739914694334,11.8399149750766,11.7218715508142,12.4973615436252,15.4529774221287,17.4844786209712,13.2431728210287,14.0561728084114,12.3128421115308,15.3929324981563,10.7604439304424,12.6899210010918,10.1693300481209,9.81590566810928,13.1971494876393
"691_4d_2",1,14.9899789615541,18.7275868864795,15.2388879410352,14.9402441372389,16.9107100624737,18.8452897116433,18.6675683166017,13.7278787108495,14.3554103811711,13.2624863076791,11.060373521593,13.1704439135313,13.1767981517644,13.1767981517644,14.4252753312745,13.8085008540432,11.2788489831213,12.5036391849289,11.7301894115128,13.7826322490194,15.8714937538998,15.9244248097006,15.0241001037188,15.4796146270386,18.0112823741433,19.2108946966915,17.0231959707363,18.3440616622881,19.0170673300636,12.5009585524271,18.3644212399355,12.5036391849289,17.0231959707363,18.3440616622881,12.2928067672218,14.0445940639979,12.7599865944081,10.2300321665645,13.2573504331709,16.6255107611841,19.1860465148748,18.6304078952358,14.3234626020377,14.7332838078994,20.3841717788515,18.0790040627816,18.9773710332095,15.2887041731796,18.6304078952358,17.0638728040642,14.3234626020377,14.7332838078994,20.3841717788515,18.2399782306274,16.7647835329315,14.0353246792249,13.0705369961033,16.172430102988,13.8349187788698,15.120922218938,15.9318348121592,15.7811196432943,14.3525984637468,19.733263220552,17.4076616890255,18.7241890742893,17.8144664885973,20.3898218119269,14.3808577540079,15.8568182560837,19.9899400525436,19.5022749649538,14.6005717434013,17.8144664885973,15.8568182560837,19.9899400525436,18.6016899839588,19.2208763104162,19.3206030826113,17.6058183604769,15.5520275947366,16.4443218612931,10.8225240554692,14.082466784607,10.6627779920974,16.364810743832,18.007349329545,19.6294965897953,17.9532221381198,14.082466784607,18.1698609460375,20.1799268527482,19.6468740920761,14.1529621969845,17.9702570600717,13.5929891479051,12.8417307551067,14.8165811689075,14.3829938766147,17.7264229483162,12.0190117218961,12.6494189003376,19.6468740920761,14.1529621969845,10.4770285706108,12.9781973966495,12.8064502062508,14.4744076666868,14.8165811689075,12.2058694474948,13.8421989727551,12.9275975915068,14.2521778711703,15.10049439898,18.1970551246744,14.4033153071058,15.277047552397,15.2192855285575,14.0623694919301,13.6568150027139,13.0790094357611,13.5929891479051,12.7127310136042,13.5190214155531,10.5699488742233,12.1116925551465,9.34551109848657,12.6660302143429,10.8976725659457,13.1216884354402,13.8451232356099,14.8079110558847,14.5999468837123,16.8014830978214,10.2333233013566,19.7621063395264,16.1193420162077,10.2333233013566,12.3461358988357,12.7553395291423,12.8222510547894,15.9138794337905,16.7755379461631,13.4648955603121,14.4736573246846,13.0975563783606,15.6390829794965,10.4339205592303,13.3757153347201,10.467138583402,10.4902989427908,13.1459910552787
"691_4d_3",1,16.0257394292318,19.4235845207019,15.1862558766143,15.0829942528156,17.4448042309541,19.2843962900987,19.0831244662064,13.7322402077751,14.37475494814,13.4172218303205,8.84002440908068,10.7647069081467,10.4893804210136,10.4893804210136,12.0141211255546,11.0849745964529,10.595198283517,12.2917696027826,11.5273848912627,14.1335376613253,16.1758254531284,15.4212676857193,15.1617354533662,15.422731828405,18.542457341012,19.1447193822803,17.0781084494246,18.5754027145503,19.4396096198159,13.0699862752961,18.9261006856282,12.2917696027826,17.0781084494246,18.5754027145503,12.0181680812196,14.1999322936667,13.0691650455442,10.5610322071757,13.7559108817627,17.2644361571549,19.5699530449795,19.306832974028,14.9132462624042,15.0271007929452,20.9685903361274,18.5130434707685,19.3476346139432,15.7557238852051,19.306832974028,17.483731163162,14.9132462624042,15.0271007929452,20.9685903361274,18.6384180155997,17.3988269179299,15.195762526026,13.9057388153091,16.8688416724973,14.5627357280698,16.047002227794,16.1084582544012,15.8804961352963,14.4046394096717,19.9933412249606,17.8900014795446,18.6721816590707,18.4566925572663,20.9482696368329,14.8917177994095,16.139918982507,20.6874976418287,19.8339644271133,15.0413150774296,18.4566925572663,16.139918982507,20.6874976418287,18.9933521099508,19.5658495685288,19.7117315563729,18.2119524411986,15.6473983676623,15.8722416310094,10.1293657234879,13.7245581922494,10.989467956646,14.228351922874,15.8526483717724,19.5637112416236,17.2619802544372,13.7245581922494,18.5811371256669,20.3442029729065,19.4062183726039,14.1126090844481,17.8045223898344,13.5886170855116,13.1013186734667,14.0521703384171,14.6187430558281,17.4251140759703,11.588124316826,12.4035602803533,19.4062183726039,14.1126090844481,10.6722844037357,12.9751887594115,12.7433717719432,12.7624013022229,14.0521703384171,12.5309107648361,15.1446405072399,12.9309358088059,13.8836916807189,15.072812345666,17.3943228201919,14.8586261771909,15.1195232909572,15.6542869340628,14.6452824177428,13.8526659907612,14.0725613234839,13.5886170855116,13.2986011490767,14.363177890892,11.7692992250322,12.6357839802919,10.3271873575486,13.5945255333045,11.4318622759568,13.9641155560255,14.6442815433497,14.2674400875311,14.1924797501466,16.9021223364311,10.4840979933661,20.2937145342209,15.9406198978502,10.4840979933661,12.4713308901996,12.281745700614,13.3067857019447,16.7765030129786,17.1960422469785,14.0174872402416,14.4683832849867,13.1342487889285,15.8369037747934,11.1804875568756,13.2447829253128,11.5593707883574,10.9733938923394,13.2960486941979
"691_4d_4",1,15.8518944584474,18.9433645594563,15.1978008587811,15.3751013603487,16.6401480502713,19.1258368927547,18.9233189610057,14.0419886105839,14.7995242221252,13.1119066232161,9.33779541593873,11.7401560567725,12.0921624043986,12.0921624043986,13.1213757367071,11.9068284053416,11.0567792578041,12.3746912798803,11.6811602218631,14.0566783935234,16.0534756781733,15.9419381840423,15.129250153143,15.6713672135164,18.6925761290807,19.3748740532975,16.9551038269946,18.344898214642,19.0167282199045,12.4304254967961,18.9659404859838,12.3746912798803,16.9551038269946,18.344898214642,11.9116662767745,14.3836449726875,13.0685132684152,10.3352428616488,13.5226709603968,16.9151971094158,19.3290004069612,18.6345130718976,14.487509114667,14.9288711850986,20.5971662230796,18.302333103772,19.2776058108937,15.3311866242405,18.6345130718976,17.3076510917921,14.487509114667,14.9288711850986,20.5971662230796,18.3878377468754,17.3011214585374,14.3373443723882,13.6767490962356,16.4444013616558,13.6356135130368,15.2406942499482,15.8516424946018,15.6175634203212,14.4488327965276,19.6451969761858,17.1741418095102,19.0125851564648,18.1151579823029,20.7249926644292,14.4847452217818,16.3522276089045,20.5238048050295,19.7114182764977,14.7332051812727,18.1151579823029,16.3522276089045,20.5238048050295,18.7439795115346,19.6073239918299,19.5562167184092,18.17446842422,16.0535360006494,15.9092528487626,10.5533862577271,14.0285876722489,10.9559016362986,16.1581438376482,17.8145289766869,19.5738897231305,17.5572325310914,14.0285876722489,18.3891213630748,20.9344836533132,19.339303631581,14.6759123588104,18.0060359854457,13.9275822205404,13.6036241945383,14.9760331604283,14.8875885961527,17.8590353734104,11.7890907144677,12.9187813655244,19.339303631581,14.6759123588104,11.4810631522991,13.2809160112925,12.8407636157679,14.4833035892776,14.9760331604283,12.6917691795032,15.1800733490031,12.8341373085307,14.2285732893658,15.2461699754683,15.9858859638902,14.4397491026129,15.5922769236548,15.6004676189123,14.5265853216389,13.6424610525681,13.2825199109932,13.5273166366087,13.1274558173487,14.0552706837366,11.3026255376744,12.9308897117833,10.3094889826521,13.3259681526849,11.3494078552265,13.9480307469355,14.466601521702,14.1620123192574,13.8864612075749,16.6483338809984,10.3473725221335,19.9226021860177,15.9778248363293,10.3473725221335,12.3920008089273,12.5366133836295,13.1784338682748,15.1771632581077,16.7952160733358,13.6760476687361,14.3153838500192,13.0500884381644,15.6865941361398,11.0520776115543,13.0744087073343,10.6428383539327,10.7347353544144,13.1964341854727
"691_4d_5",1,16.1590281011972,19.3860425799061,16.3417537534924,15.5550607826956,17.5306420840735,19.4574019219627,19.5612105524896,14.9195568684153,15.2969786420661,13.9773803797096,9.07996680912802,12.407001499387,12.054816926216,12.054816926216,13.1826888002788,11.9993054528884,11.3571514056061,12.5436522039412,11.9008640447422,14.1989019564135,16.4320157675251,16.4145475665135,15.3554921121557,15.9389653880044,18.976508798395,19.366602229026,17.4419216440822,18.689715655723,19.6768450613248,13.0522866118029,18.9344997607944,12.5436522039412,17.4419216440822,18.689715655723,12.8680896747406,14.6245583177155,13.2720149053843,10.7403504352593,13.5484523588179,17.1583189152461,19.8211987360333,18.8985981585589,15.4186540571964,15.2888300351705,21.0251098159054,18.9249926792147,19.0131512390545,15.4122856908659,18.8985981585589,16.6871732866488,15.4186540571964,15.2888300351705,21.0251098159054,18.8018001109109,17.8417265327809,13.8220033935267,13.9249255575982,16.1368705200148,7.74923162829869,14.5968975501855,16.1039173451776,15.7974709580369,14.8741109430399,20.1273303317684,17.3789368339929,18.829217152076,18.3497230230264,21.3491508108979,15.0025261041029,16.5535397713657,20.8317332478119,20.3899190732446,15.261833094283,18.3497230230264,16.5535397713657,20.8317332478119,18.9965612394755,19.5489143104691,19.6833681803764,18.4167103072456,15.2248457550557,16.3577064954922,10.5024043912527,14.4227410660397,11.3096993540576,13.7487494474484,17.8125504385663,19.8733963291498,17.9872047580034,14.4227410660397,18.5623392117183,21.5134050926735,19.8468050140862,14.5551777171737,18.5396961549612,14.0059955664319,13.4597246473135,16.1279741759653,14.8856338212024,18.0178073162896,11.8287469286296,12.8938097721299,19.8468050140862,14.5551777171737,11.3085330439053,13.9156965115892,12.7504798546257,14.6906117747505,16.1279741759653,13.1732162790416,15.2785316973708,12.8774004121499,14.5453843721777,15.7100187663921,16.0489792001809,14.6578462475414,15.7723889833597,16.1260717234597,14.4001870735858,13.7011847133502,13.3308493311484,14.0059955664319,13.2188636934508,14.1095625593121,11.2541041994248,12.5287917450408,10.1498950073152,13.4277161658792,11.3876028410687,13.4024820347353,13.0297302152243,14.6913153182353,14.5623461997339,17.0649392515844,10.6458005668134,20.3252122495465,16.5545735122073,10.6458005668134,12.7214642999796,12.9097142164463,13.2761681481209,14.5449717412276,17.2451534291268,13.8891911644118,13.9301486195253,13.2603263493935,16.0748246674794,11.4104661027634,13.2035276869654,11.104300726992,10.3227368745324,13.8531866537836
"691_4d_6",1,15.2261832901271,18.3539639986351,15.2065036293148,14.6790333116862,16.1638457331115,18.4396718815307,18.3922681530028,13.1998294278115,13.8187126452767,12.9044996618167,10.0571272681036,12.9807580104728,12.8867072567237,12.8867072567237,14.0670893206989,12.9659963938463,10.8673962988719,11.7132758517903,11.3149912755368,13.4032561380096,15.894722490445,15.9247614995859,14.7935064702047,15.2054218938307,18.6016693571331,19.1062503009222,17.0818820894293,18.1155187043306,19.0771829357979,11.9657708121662,17.7375861116921,11.7132758517903,17.0818820894293,18.1155187043306,12.641400445043,13.856172169813,12.3760472042845,9.89790868077871,13.2249702497796,16.3669168639696,19.264185141319,18.2878326930447,14.6499111238123,14.6192479828966,20.4820911540197,18.296727905032,18.4859538331587,14.86319206435,18.2878326930447,16.5032498687512,14.6499111238123,14.6192479828966,20.4820911540197,17.6682313460907,16.7536056493725,12.9808733870572,12.8101232488158,15.348263629227,12.8717159584277,13.1291502991996,15.4743669403144,16.0513936705492,14.2391097369135,19.9309648554882,16.7012067155969,18.2411225560323,17.8912253257323,20.4824949609832,13.8023473446149,15.9563594058518,20.0752374061054,19.4126518914267,14.8358244191509,17.8912253257323,15.9563594058518,20.0752374061054,18.2130402725541,19.033581122386,18.9326680249105,17.3449114850418,14.6695930375784,16.1052684887876,10.1027010819399,14.1991524564261,10.4440376969983,15.9289404720551,18.1093100390644,19.7199347011639,17.6554684881905,14.1991524564261,17.8261946718075,21.6234172566073,19.422692696102,13.5600077517464,17.8420145822211,13.0219212028613,12.2382615697626,15.3392540129931,13.456846061184,17.3317988004502,11.9357405760085,12.4375179168607,19.422692696102,13.5600077517464,10.1100391027366,13.5901692129946,11.7115121730798,14.5491792574645,15.3392540129931,11.9255340670805,13.4570729664464,12.3546454074401,13.9229396643156,15.1836970111675,15.2959970050649,13.9373004465458,15.0189799818229,15.3229046257727,13.1498342418316,12.9733290728874,12.4797959264089,13.0219212028613,12.3708115033194,12.6258602007564,9.75445898515817,11.7571063331059,9.53231038086989,11.8817847230839,9.89365518945261,11.8574341527249,11.3427004155661,14.5148737843806,14.2888952144139,16.8465865903134,9.69208590327678,18.8729181267003,15.8137346190922,9.69208590327678,12.0430568297484,12.2034545016758,12.771660532115,13.1946534686008,15.9733419494157,13.2575048131309,13.133823753253,12.7163552006607,15.6703200879084,10.6632145289188,12.23677844804,9.78623502346712,9.84777680930125,13.3742691413087
"691_7d_1",1,16.7858969158924,19.7114974693206,15.8683822119944,15.6549555480037,17.9410113268178,19.7885848251992,19.6397055805806,15.3102942227056,15.4558607206081,14.3574673027735,10.4890803663372,13.5803645058217,13.1517282389887,13.1517282389887,14.6213567094198,12.7476625784317,12.0571532208524,12.5635062069031,12.2639714642239,14.7394831484912,17.0069829391472,16.8572309083674,15.6861517910477,16.0463896552264,18.9002324137744,19.9111577952586,17.719941279291,18.8018515092093,19.9045371468266,12.3205916524251,19.3500076271973,12.5635062069031,17.719941279291,18.8018515092093,12.9302495235804,14.7586469558729,13.6163453491953,11.3508209158449,14.2753160601205,17.5617583893117,20.0103636814363,19.066001625529,15.6094112029612,15.2984091513124,20.9275136821204,19.4338674701037,19.5546294829215,15.6752746058772,19.066001625529,17.546212577935,15.6094112029612,15.2984091513124,20.9275136821204,18.824101137565,17.882060872664,13.3495907554176,14.3776295589222,15.1786128831161,7.54630432283195,14.7893533445829,16.7510736741078,16.2513213163833,14.755700050569,20.0729452797892,17.030778589853,19.0747209744645,18.2648491714414,21.3117591226736,15.0963284643107,16.6816503136357,20.4174008398739,20.6239582711397,15.2181578966157,18.2648491714414,16.6816503136357,20.4174008398739,19.3912418847108,19.6456487584058,19.7960671443629,18.2254086917448,15.5939585534908,17.2759774025491,11.7771016746642,14.7610146863022,11.4760476496288,14.5297765109314,18.9878793123718,20.4040601099853,18.5836757261208,14.7610146863022,18.5836197234178,22.0942826228247,20.0506502927683,15.2608390115776,19.1078501671159,14.9501823597331,14.029252173022,16.6385429682475,15.8377095382289,18.4287163110534,13.4813072242871,13.8129070283135,20.0506502927683,15.2608390115776,12.1128347858985,14.3440814438982,13.5089873664402,15.958812344042,16.6385429682475,13.9364178742784,16.3300890045642,13.8521821999362,15.2308765378255,16.1394206689391,16.8586625970404,15.6897849603871,16.7304664055911,16.0884814282121,15.97673952379,14.0630991199036,14.3588446006925,14.9501823597331,14.4632787708855,15.5339691488071,12.6051232973552,12.6713124616196,12.2174103362942,15.1615996912642,13.1916597323937,14.2010319159724,16.1597549515444,15.4687673350962,15.3440516358891,17.580954443428,11.1719563292034,21.1602486005455,17.2634382792169,11.1719563292034,12.9388859051277,15.1051604054791,13.7382403165996,15.5760612511413,18.2331117345832,14.395001653485,14.8893858709567,13.5077596838289,16.6413713370559,12.7151008662779,14.2151675506474,11.7460833094823,11.3422241775696,14.3492454528184
"691_7d_4",1,16.8123668221561,20.2804291267911,16.1129898457131,15.7927097816824,17.8407325989841,19.3129633933298,19.5451420645062,15.7779301963736,15.2893616598077,14.775980637345,9.10317845582221,12.1873069121505,11.4154061399847,11.4154061399847,13.8411285650462,12.8198692751771,10.4423130555437,12.26662085605,11.8346039463292,13.9794635744659,16.4156084546766,15.339125268589,16.0596923479999,15.0905794401096,18.3694783371755,19.416681962714,16.9146958921857,19.0534226453417,19.6153320484504,14.4929393119237,19.3771101573047,12.26662085605,16.9146958921857,19.0534226453417,13.1190082211063,14.3468696970334,13.5397708063738,12.106779208368,15.2786475331874,17.8759249823361,20.3977187577437,20.0978371594696,15.5240905488327,15.9173706225145,21.678005281795,19.6106320991173,20.3229970181256,15.8760339677193,20.0978371594696,18.4957936797048,15.5240905488327,15.9173706225145,21.678005281795,19.0940604451342,18.1833815665826,15.0638986357514,15.0351954499146,16.5595191154478,14.691133818958,15.9244037866279,16.8218196142323,15.7457354535747,14.1522518792939,19.6689972663976,17.7943742180584,19.0281760407253,18.3138880394697,21.3558293379238,15.4155397301779,16.3713463395463,21.0025305678223,20.3801620562653,14.3347127436791,18.3138880394697,16.3713463395463,21.0025305678223,19.5585261653442,19.8288188710326,20.1095021434015,18.8541267609816,16.2057215210918,15.0911875839158,9.58968485963104,13.0845638235832,10.2259403813052,12.8094690537048,14.6322820406193,18.9577134255538,16.6012955298181,13.0845638235832,18.9704179565015,20.4341614090994,19.049331756118,14.1935220518508,17.5159981362557,13.9799776691952,12.7493755796928,15.3373457336249,14.7739329938758,17.040758937514,9.67531229960567,11.9785627039551,19.049331756118,14.1935220518508,11.0185071927242,13.1595720414907,12.8966365454543,12.1669721351549,15.3373457336249,13.0221419000983,15.9782281261796,12.1830936234386,13.5691384760915,14.2423571355048,18.6180080257937,16.8928148771381,15.8007784735165,15.2023633019124,16.4746487828706,12.9943313365817,16.0902276137783,13.8225622733872,15.5938574830568,16.796716850237,13.3984305731001,12.2033671225393,12.5577012614054,15.5342364981754,13.9394232712139,13.8858926689088,16.8490793795631,14.1047422258855,14.1155976002528,16.9696222526407,10.5964570821838,21.8709069656918,15.2550925560791,10.5964570821838,13.3125337384851,12.771004379565,14.1105522866671,18.6716731163501,18.9469091293307,14.8398389716872,14.9987215165987,12.4881812990161,16.5890666987332,10.4701539115385,12.6863418268904,11.8930219681302,9.77561108445691,13.66138766726
"691_7d_7",1,14.9191568457414,18.958375443837,15.3670799563103,15.5407773358996,17.1750940133454,18.8833503018325,18.9938783789909,14.1319250800717,14.9523094370464,13.5718143154804,9.94634571749728,12.9335631584741,12.9542991856311,12.9542991856311,14.4625946307844,13.2591395360774,11.1956800858332,12.2290960374546,11.4854788878362,14.2080951605265,15.8986252806323,15.8752076099931,14.8851406627377,15.8851907590184,18.331156685319,19.2610957766609,17.1488258122743,18.8037282162154,19.4757078304453,12.9293926074252,18.9447796979397,12.2290960374546,17.1488258122743,18.8037282162154,11.8820782294053,13.8896055226182,12.8430727324583,10.8530082326455,13.813928431427,16.8759957347477,19.6223797539709,18.8033795006078,15.083546036671,15.2719952499774,20.8988758128199,18.7849634673632,19.3160526393476,14.9674339343292,18.8033795006078,17.5869502820245,15.083546036671,15.2719952499774,20.8988758128199,18.6345353393164,17.6928441608503,13.3586384586643,14.0045831015037,15.5368707601931,13.3570039722053,14.8204413505949,15.7857076806997,15.7125299391058,14.5191956700571,20.0261402716768,17.2106750591866,19.1547830410617,18.3638739402021,20.9604312694873,14.4910762900204,16.8239126704539,20.5914342316952,20.0641149785395,15.228860956333,18.3638739402021,16.8239126704539,20.5914342316952,19.1149085042381,19.8321973793935,19.634154419406,18.4399920240877,16.1746331514173,16.0737380518396,11.0838581174965,13.8474848424483,11.4848375188341,12.7845847271486,14.9957411912022,19.683336801119,17.6877630952918,13.8474848424483,18.5404492354616,21.3438345608136,19.8603356855113,15.4079553121482,18.0217773842682,14.4591597979043,13.5745387877738,15.5714109121517,14.9175311527024,18.2014748507076,10.2883805983367,13.4162483508052,19.8603356855113,15.4079553121482,12.0912518390509,13.659123022897,13.525134127212,12.2402292709409,15.5714109121517,13.3305904629848,16.1515509662084,12.6540103300837,14.1624019322137,14.6305239897688,17.8383927994344,14.7565001290312,16.3501395867507,15.7526938335415,14.5538520216035,13.4105340342484,13.6609854927413,14.1476952790962,12.9779336370316,14.0256542802124,10.8966504021384,11.98641175122,9.56476586044118,12.8465863033953,11.219493962651,13.0684478284839,14.1849593105507,14.0983574324262,14.2517599128554,16.9672673389102,10.1071720494254,21.0966374708964,16.3332622411674,10.1071720494254,12.6967175553554,12.5120528542946,13.2649736967433,16.3560577840883,17.9499407594414,13.8492855892153,14.7349791346576,13.2096938609958,16.0681040150709,11.7173410007505,12.4157452492349,10.8525526540465,9.54319269483067,13.1000929960564
"691_7d_8",1,16.998616854646,19.4834920523035,16.2616995470774,15.4919671965737,17.6246098534025,19.7390714630844,19.4141148613607,15.0316774800298,14.8506201792726,13.6388571249702,10.5908140794868,13.2374646925894,12.9241940828336,12.9241940828336,14.6435873764873,13.5652786427674,11.631737590286,12.5589558349712,12.1295966792004,13.8352414470854,16.4198524509234,16.6015854867826,15.6774766363596,15.8533834246163,18.7885195105465,19.8862701998535,17.6556131530556,19.0097353493795,19.7321129660915,12.9974070966599,18.9807471171916,12.5589558349712,17.6556131530556,19.0097353493795,12.9158234089696,14.4069300288023,13.2410359736534,10.3991762060154,14.3989264436506,16.9378884085478,19.7853053861652,19.190105584142,15.516930040277,15.605921421504,21.1869272919925,19.0595651181604,19.5909955175773,15.2862937836084,19.190105584142,17.1784052967879,15.516930040277,15.605921421504,21.1869272919925,18.5040522862665,17.5743851825482,14.1328470446643,13.9305155587568,15.8681060697016,13.9046431653318,13.9159718975503,16.4460751602414,16.0987182033684,14.8960294920761,20.3577342779343,17.5975574886795,19.0551799767548,18.5830003354555,21.4645988441623,15.2179510438097,16.8021483207579,20.7914658816256,20.2929798596388,15.3208571398799,18.5830003354555,16.8021483207579,20.7914658816256,18.8585965853862,19.4174368966647,19.8547159428602,18.0858390590333,15.4839895403759,16.6302810137797,10.8918855654894,14.5922721324853,11.1512073510831,15.3042795944783,17.4866700698651,20.169559587582,18.3595104380268,14.5922721324853,18.7255707518019,22.3540184962729,19.9598540166431,14.9081067111072,18.6402108392891,14.4149200303461,13.943333257148,16.2156919197406,15.1949150744805,18.024563624331,12.5085244179983,13.2432668306831,19.9598540166431,14.9081067111072,11.6890982708138,13.9558747719543,12.7279149511079,14.5409786521283,16.2156919197406,13.4650074516909,15.6190902191687,13.3096253945205,14.7805685014879,15.7770561112315,16.4292579532594,15.3387520216219,16.0314838140935,16.3031180927206,15.1817928464355,14.3313863378617,14.3284636069595,14.4149200303461,13.9124559376565,15.1123378460726,11.7252099034798,12.9175513656743,10.6151133362014,14.1829437975685,12.0397008943023,13.7264602645988,14.47623805188,14.8188466111388,14.7180960356546,17.42020272681,10.8936961971302,20.4930596805303,16.7097674716414,10.8936961971302,12.7520890397916,13.5075094005104,13.6792278317555,14.6009290895826,17.3284994911481,14.2205781908477,14.1018747125053,13.3517875244973,16.5724665117047,11.7924336617458,13.4275891969075,10.591234127023,10.9361798898342,14.0900620092486
"AH1_1d_1",1,13.8394723504321,17.6761922221214,14.7414139054708,14.3491165168579,16.016966370259,18.0485078274658,18.0253138028615,12.443884594189,13.869849938066,12.6614217023048,11.2727957774747,13.9054324550666,14.4923283933619,14.4923283933619,15.142367770401,14.3899430922365,10.9551081737496,12.0383769969752,11.4138733521038,13.0279183107387,15.0539568620205,15.4962634131076,13.9702923482226,15.5523467399087,18.1063875383655,18.7432129389085,16.2427096577709,17.5420563922898,18.8617378935537,12.118260702375,17.7635142963796,12.0383769969752,16.2427096577709,17.5420563922898,13.4267988739278,14.3893566782975,12.6216797721412,9.15128400958912,12.926960644216,15.9097502846211,18.8276176503695,17.9451497237423,14.5047185055484,14.4871202060467,20.1425622226571,17.53063708378,18.0099420340502,15.3292182195831,17.9451497237423,16.2969594638321,14.5047185055484,14.4871202060467,20.1425622226571,17.743422315399,16.3334676732584,14.2507279299135,12.4290793870963,16.529347501124,13.8124814015376,14.4126839327836,15.3040049090584,15.6038427315651,14.6997822241902,19.4808428236981,16.6599052221981,18.0637957998574,17.8901252749977,20.5178207436971,13.9326348678214,15.8873942047119,19.8959600850769,19.1164399460551,14.5802763969692,17.8901252749977,15.8873942047119,19.8959600850769,17.9183399967612,19.0472827022066,19.1097414010824,17.3746643526667,14.571801703602,15.684265252743,10.3342290865543,13.8479669621538,9.64387556177046,11.6651628329518,14.1994029129512,18.7184502011808,17.8126079179408,13.8479669621538,18.0228374767547,21.074299757238,19.0051134306207,13.1251865747303,17.6622526476688,12.3311173126408,12.056176116708,14.4692812305654,12.7663988925444,16.9785665442097,12.3549465239052,12.4303008081285,19.0051134306207,13.1251865747303,9.66528039367829,12.4732138698971,10.6596007331557,11.2719160559151,14.4692812305654,10.7178056763319,12.2502595227572,11.4838703802422,13.7916370758772,14.7850417186295,14.2958675639886,12.7861720955809,14.0362393588762,14.6308940967607,12.2059745674227,13.4424208902365,11.1302453270533,12.3311173126408,11.0326213764762,11.1214035630018,9.17536025588224,12.5925369918364,9.10346406797913,10.6526607564991,8.44262565271466,12.483450105418,9.54109756090752,13.8951028043401,13.8563563747294,16.5744183303228,9.31834434450387,18.6769828654951,15.2745991095221,9.31834434450387,11.8894723059266,11.947056147722,12.2061704726362,12.6352224691894,15.6095494014378,12.7502991051038,13.2583850243431,11.9230536814789,15.4092995113104,10.3152518518588,13.9541918721181,10.2223241180382,10.6779550811672,13.2513739087666
"AH1_1d_2",1,12.7904565852069,15.9972438407276,13.736344637578,13.3582421862511,15.3456812301328,17.5369213765277,17.2473977820507,11.3016491320559,13.3139891734449,12.2061977541287,10.1070310541492,12.6639088705537,12.4843388478884,12.4843388478884,13.764110168534,12.8598328539142,9.6904941289146,10.984491995554,10.6976271522512,11.2651083723562,14.0775214959156,14.6100073006379,13.5263696878255,14.1399503555153,17.4667441437719,17.9982574517391,15.7436632970404,16.8923062851985,18.1350450802394,12.0630003428588,17.185352758666,10.984491995554,15.7436632970404,16.8923062851985,12.1812487274636,13.3347947010841,12.0005985474274,8.17574491088945,12.363413331363,14.9632380386268,17.255582302844,17.1421947980521,13.3943858896628,13.6197717601422,19.6538328209706,16.9611548518533,17.9257692874157,14.4130449948489,17.1421947980521,13.8304282614131,13.3943858896628,13.6197717601422,19.6538328209706,17.2106350809694,15.636960761659,13.3913598987955,12.0077318780321,15.7462946279087,13.323803275216,12.7674469777187,14.2150116844459,15.2477906449682,13.2532176200062,18.9144476362474,15.6406613172484,17.1412912648749,17.1311320896303,19.8450958547332,13.3964643303528,14.8414359303022,19.5484968085489,18.6630075189662,13.9358550244372,17.1311320896303,14.8414359303022,19.5484968085489,17.5902556916376,18.4793359735905,18.3856846999995,17.1265185842341,14.08433057319,14.3731770044704,8.8430293015215,12.7823729920773,9.46236434835106,10.7751369256945,13.6825082703669,18.0410601856854,16.4334381020715,12.7823729920773,17.2843091594187,19.8454361640347,18.3028989522824,12.2517873568183,17.1044669447884,11.720017186619,11.7208029634187,13.8758005246413,12.1286893089633,16.3830715541786,11.4056948833918,11.0984533362663,18.3028989522824,12.5498291941312,9.11890702223138,11.5895884037366,10.1325375398827,10.2134310325356,13.8758005246413,10.808388020392,11.5306641089695,11.1940898254842,13.2554854905427,13.4764299123654,13.8384633006525,12.0592520288744,13.7600544322665,14.3042160816056,11.8990690323409,12.8789558840995,10.7351176959084,11.720017186619,10.8271766645027,11.2299494619753,9.06096221612703,11.5179851747209,8.39164034020634,10.3842089392981,8.4959153958222,12.0120797388207,9.65733458838557,12.6871307743747,13.189276221115,15.7527194530671,8.49734996947158,17.3810256171372,14.7086785127196,8.49734996947158,11.1445896328847,11.1823837443153,11.7826042559126,12.1658857858383,14.4344196542698,12.2425295550948,13.3113659762763,11.2397433140211,14.5927565304515,9.61058614407815,12.9567325879839,8.77070955787019,10.0349535753845,12.6170253844209
"AH1_1d_3",1,13.1449906670492,15.8944643896264,13.2625202867592,13.2309440954908,15.1130870080366,17.5566544427161,17.039119191979,11.3737621995541,12.9005059763606,12.0467766435272,9.64108309218006,11.6147592619571,11.7853598701175,11.7853598701175,13.0030880807799,12.133539699441,9.96260313499725,11.1996292151547,10.5772495947727,12.2694648739117,13.9738823096049,14.5798698302965,13.5432009564302,14.9970888381848,17.6347598776111,18.0661374885382,15.9036489128754,17.2205948694602,17.9628367124968,11.4916451734316,17.0405601327655,11.1996292151547,15.9036489128754,17.2205948694602,12.4229500517183,13.7172263514813,11.8994183296875,8.71610919498609,12.3969867382753,14.9704939657042,18.2906130262682,17.3906293676835,13.141602171579,13.8189705233613,19.4243020180506,16.6471213182324,17.6610477077037,14.6453957821908,17.3906293676835,16.1595213830065,13.141602171579,13.8189705233613,19.4243020180506,17.2263729423111,15.5667273052106,13.7854126557205,11.8324506371952,16.1461281386902,13.5480749512984,14.924365998697,14.2784891604646,14.9269711371778,13.642017748879,18.868375240782,16.0601228000092,17.5583570645982,17.0846710282558,20.0035645767059,13.4786819936427,14.78348298033,19.3115392122488,19.0688963358819,13.6699505551827,17.0846710282558,14.78348298033,19.3115392122488,17.6157809334297,18.3429888490062,18.4083526776796,16.6001237732395,14.4680925072125,15.0332167966703,10.2124163800963,12.7618434687347,9.3056853542625,11.3047060054367,13.5754676930645,18.2960975800479,17.1475844282977,12.7618434687347,17.2719741699681,18.985988514407,18.3423734003476,12.5674686155399,16.8609889058429,11.7966459622472,11.8007851867878,13.640909830843,12.2762242449605,16.0423979904686,11.3801340416583,11.7248181628235,18.3423734003476,12.5674686155399,8.91870312817737,11.4888932447125,11.0655117882077,10.5837729223727,13.640909830843,10.5218839852764,11.5874821381292,11.3346916058227,12.8132049021483,14.3448608402068,14.9020869973463,12.0327239367151,13.4478101915834,14.0093470095891,11.554074480638,12.9363983732534,10.9351286218481,11.7966459622472,10.3750064103001,11.0319155306823,8.6674099021783,11.5629390096121,7.95440001222918,10.2810923761247,8.26697364568557,11.900495104873,11.0120775216866,13.2945782630741,13.276671663436,15.649450587485,8.81299033737844,17.6284726851106,14.4125217807021,8.81299033737844,10.9835429444556,9.94330767818606,11.2543265522022,13.118155806503,14.5755238976957,11.9408072487004,13.2655741299602,11.2040285331517,14.2883139875451,9.54235495910485,11.932071891916,8.71994931918334,9.39008575418207,11.874740137116
"AH1_1d_4",1,14.5466283864698,17.6129311353952,15.0066943476233,14.5125684407039,16.1172277321361,18.5883367495936,17.985110216654,12.6221122722741,13.7479259974283,12.4799912602316,11.0953680464118,13.1175823888427,13.6486724612728,13.6486724612728,14.7150116034055,13.5244546735434,10.9450261839132,11.7878835337825,11.454899801178,12.9849094150936,15.3132570025874,15.3144301509301,14.1608011577394,15.5246702351103,17.7385731831091,18.7829164482769,16.2877177332906,17.8077312692815,18.5839679836393,12.0387257907954,17.2066480478353,11.7878835337825,16.2877177332906,17.8077312692815,12.5028395718301,14.3222955406186,11.9140178088722,9.59851815136118,12.7078328245427,16.2815498899709,18.7548527485099,17.8423870805386,13.9859084544243,14.3100169345624,20.0130699454582,17.6220355045835,17.9787786151243,14.9091237236226,17.8423870805386,16.509452220246,13.9859084544243,14.3100169345624,20.0130699454582,17.4961200216202,15.7525214257787,13.5030105734007,11.8690033625088,15.869156183875,13.628438753814,13.8507425367992,15.3817544263858,15.6704320422886,14.4230270185576,19.5282183637227,16.630257902821,18.3960103520197,17.6403194170117,20.3613138681841,13.5036600490187,15.7401833413499,19.8172266817617,19.2428624148955,14.5506083560979,17.6403194170117,15.7401833413499,19.8172266817617,18.4662704248471,18.5251667530181,18.6931608614819,16.7128666915713,14.7888904505153,16.0830822536764,10.7391975774022,13.4968058794842,9.39672653771935,11.9258300328569,14.2665693884389,18.9645083302678,17.8627017659329,13.4968058794842,17.563045063239,19.5262346316315,18.9030655884246,13.1711129505512,17.5415546656264,12.4919237832893,11.9034301019004,13.9119119039638,12.452619683236,16.5592494078744,11.4897848875927,12.2585292299756,18.9030655884246,13.1711129505512,8.70847003146887,11.8948918497973,11.214757847262,11.0521895797385,13.9119119039638,10.5898022208433,12.0763013613687,11.5801719476516,13.3042525739926,14.2558899845224,17.1647077917794,13.2247059432094,13.7483177595808,14.0310317696739,12.1078721910184,12.1512672844443,11.5099954272527,12.4919237832893,10.6491369746944,11.0557984256517,8.87978860346047,11.2434212721949,8.33549653489844,9.95449248958569,8.75900909084148,11.1023903277201,10.5726813780594,14.4231913290191,13.542400896061,16.2837982728841,9.2448250163181,19.2725735481951,14.8628132679059,9.2448250163181,11.5975507828126,11.7406573928567,12.199053580038,14.6993425279796,16.2347392389773,12.6690946137741,13.5529694619975,12.1067172383036,14.9503455105133,9.65131966488685,12.2311107046704,9.6711440892171,8.86380174986893,12.6517839836848
"AH1_1d_5",1,14.0154676292668,18.187204954749,14.8615147146826,14.7689075687583,16.7113272098809,19.0817364880134,18.3134291812576,13.2333862094197,14.0923250255551,13.2711040660334,12.0232486032876,14.3547690086268,14.9557454082559,14.9557454082559,15.7286303281104,14.6523186246141,11.2691118367194,12.8097237816077,11.7306564972494,12.8753571505779,15.9456408306243,15.7665573164569,14.7277748655259,16.4951943402892,18.3693135186485,19.3731362390732,16.397181988493,18.2751261967084,18.9799659852766,13.2006211710793,17.8516768992187,12.8097237816077,16.397181988493,18.2751261967084,14.7606458473084,14.8369785850695,13.310378827285,10.336454120775,13.0850624766041,16.6937352558156,19.1481826731375,18.7660509459212,14.3668212403442,14.9761669248689,20.1898242573214,18.0393352658776,18.8585713559964,15.3973183214721,18.7660509459212,16.8955356223654,14.3668212403442,14.9761669248689,20.1898242573214,18.0285202273614,16.6651883197159,14.3296659259136,13.0627392096337,15.8428271818611,13.4461344925931,13.0590616994409,15.9178365933206,16.1462331960709,15.4110231758849,19.9431429244939,17.2545119641767,18.4618993029302,18.3783295218226,20.7497168313654,14.8850398130901,16.2038725040151,20.2033245512991,19.893779134604,14.9492281857701,18.3783295218226,16.2038725040151,20.2033245512991,18.1663624765384,19.2349771637567,19.4972155806582,17.8230577504581,15.3554230175141,15.9564426291334,11.312563373962,13.7380936000373,9.77646957937369,11.1814010043989,14.5558432087319,18.9752656549021,18.2675731044273,13.7380936000373,18.3597584060148,21.6816185753156,18.9527742119446,13.1291462105444,17.4628684255818,12.2807434473033,12.9237746744347,14.117477919238,13.0757412508277,16.7477193220467,11.9659729744384,12.7459981991892,18.9527742119446,13.1291462105444,9.25725028598458,12.2645736031116,10.3473992876884,11.6096753015764,14.117477919238,10.8820690844816,13.2418708768692,12.1577647896741,13.9606763331957,14.5047817773512,14.3740837699182,13.0929003443327,13.8100974515979,14.5724763421342,12.4852898241994,12.4269048041219,11.5031947809451,12.2807434473033,10.8010364183792,11.6021200201009,8.9562351380865,11.762934900651,8.14928971848987,10.5433667685319,8.57263200094874,12.1710251179848,10.1822412718436,14.3339690504247,13.8949285679082,16.5343432578032,10.2411846884195,19.3218283415013,15.2087835748053,10.2411846884195,11.7574817750394,12.3706993779971,12.9515831820442,13.2663895233113,16.1927264019463,13.0770179465642,13.0028630760791,12.0527640471861,15.2656356473721,10.2600693037081,12.7465011999437,9.70630440246047,9.80966716839164,13.2385497897179
"AH1_2d_1",1,15.0693871563814,18.0244856767022,14.7771862743141,14.6980916475019,16.23043931489,18.8365649136526,18.5513315876334,13.0916101945997,14.2378026607646,13.7965949722238,10.4407700863644,13.0372134621695,13.4981125685843,13.4981125685843,13.8818162697115,13.2994341485686,11.9430396978818,12.8577310411712,12.3092895455489,12.963965416796,15.7905322522502,16.0699195913768,14.7294294780645,16.4526563784872,18.1345068523687,19.3528798079799,16.5931110290369,18.3172101279932,19.2167701286453,13.407440233031,18.3935841002372,12.8577310411712,16.5931110290369,18.3172101279932,14.7744915018802,15.515250350349,13.5971331391062,9.99814328491757,13.4345380064947,16.4407626106491,18.7652493685721,18.6336407162986,14.7862236547653,14.8926260057233,20.5361077438721,17.9392422879327,18.9109283209808,16.2337053889954,18.6336407162986,15.7078907353607,14.7862236547653,14.8926260057233,20.5361077438721,18.5301712661553,17.0184654236535,15.1892931147186,13.4924846312508,16.9891391044063,14.8490087268846,14.2519817606814,15.801476881182,16.2062603654395,15.2839621378721,19.9148574500049,17.4289145961354,18.3639753720125,18.268784693626,20.9171242836639,15.0868045438286,15.9918685754923,20.1776626956184,19.5064721188528,15.1346328119277,18.268784693626,15.9918685754923,20.1776626956184,18.2834369978505,19.2902361550962,19.7243057740733,17.9670304306699,15.2399756093264,16.4589294669945,11.6571510533625,14.4422834375622,10.1691105675148,12.4612965808154,15.2735012460254,19.462000939079,18.5418366794593,14.4422834375622,18.5839956343081,21.5010301314242,19.3111361639833,13.632468544735,18.0573067788379,12.7494388032708,13.3873730249024,15.4411747308505,13.3484743657056,17.3155078205393,13.0425462805889,13.0371516152682,19.3111361639833,13.632468544735,9.96449422891412,12.8909132707512,10.836690106067,11.8128462321757,15.4411747308505,11.7023963470528,13.3608012718054,12.6113454534524,14.2981624393276,15.0389916413049,14.9393347554685,13.1303752730304,14.6897901847576,15.4704903246109,12.8132068597092,13.5565265188635,11.7103394978987,12.7494388032708,11.6249356457332,11.8265012587182,10.0106339559494,12.5078426584676,9.08915383540173,11.7491546846341,9.18689360022068,13.018126472165,10.1346653966897,14.0284124776115,14.0831561247934,16.8710783915707,10.4520998173582,18.1429434163674,15.8768820480727,10.4520998173582,12.1819919111578,11.5930997420681,12.874114039493,14.0893192208903,15.2385045997022,13.1955950879152,14.0082020547074,12.5462376640897,15.6975485729838,10.8249221394256,12.7754002994836,10.1922077672781,10.2712916094588,13.815438414723
"AH1_2d_2",1,14.5288282219808,17.456357674084,14.6495003645048,13.9216137006658,15.9588208382583,18.307900354525,17.7749443641055,12.2595092450609,13.2538133010234,12.6525659042686,11.0649706541128,12.999072973712,13.636905573082,13.636905573082,14.2331718718636,13.2099190009039,10.804912766365,11.767230651427,11.065945600901,12.915409036802,14.7024888246214,15.2905622668959,14.1800842786973,15.3194259865883,17.9921705228492,18.6471455882634,16.3318846128357,17.6656959005815,18.4501662740906,12.3355563685672,18.0924632713883,11.767230651427,16.3318846128357,17.6656959005815,12.5990647220202,13.8997759306648,12.4973709247132,9.16212790772694,12.7425613966755,15.7078403004335,18.8146456334359,18.1666447380634,13.7433877981087,14.0509519730329,20.0890875465503,17.289200799631,18.3304628579403,14.9641857273127,18.1666447380634,16.4571204479025,13.7433877981087,14.0509519730329,20.0890875465503,17.60953711516,16.241067696876,14.2219154100261,12.753658385634,16.2223429877619,13.9860031018646,15.2792315329698,14.9447704058724,15.2085865358201,14.3544148541883,19.5531287634454,16.5375956964118,18.2426371251761,17.4408197545406,20.3830421453382,13.9939664604193,15.4694537719136,19.7394602801614,19.4800260327981,14.4922903704707,17.4408197545406,15.4694537719136,19.7394602801614,17.9593390678039,18.9148833559563,18.9595760926761,17.2067909617364,15.0267425927814,15.7561530449866,10.1222475830017,13.5675491546658,9.70466282261483,11.8039702673156,14.2398324499338,19.0070577307334,17.8199560800355,13.5675491546658,17.8005173227642,19.5623422398626,18.9494466614734,13.3276467948854,17.2782609994532,12.308981245091,12.3168728646782,13.8593468157981,13.1909557140432,17.0810771977232,11.6849977852565,12.0040064430703,18.9494466614734,13.3276467948854,9.60426126600248,12.0982428856497,11.4466923498347,11.0545332759759,13.8593468157981,11.3093690738783,12.7655226468269,11.9616433673278,13.2578086329841,14.5289202446721,17.1502751985216,13.0590742457793,14.224746857973,14.7731889192665,12.8074720620561,12.8366061320471,11.6306983917471,9.33284432522531,11.1356382140903,12.2121047780685,9.62388349887405,11.6145050789739,8.72352023682305,11.6423156137246,9.3165565137555,12.315097447062,12.5773531032578,14.1543283158814,13.8625674603429,16.5621861656882,9.88351167914512,18.9303644986685,15.4427862279227,9.88351167914512,11.7387077923493,11.3762498139408,12.2666911921493,14.4838301660874,15.9033113968524,12.6160734921873,13.9316267267958,12.3679861631096,15.2384611576431,10.8763429803823,13.3732680917166,10.1751223458369,10.500528152891,12.5859345630764
"AH1_2d_3",1,14.9291701701955,17.2145848923213,14.1634638808062,13.7280710126503,15.8231043142214,18.5830064204333,17.7874085095062,11.8326434001389,13.2820038640558,12.9862373492846,10.1447392948237,12.2428400328458,12.5761798411737,12.5761798411737,13.5035121743382,12.3111390749831,10.7894623036369,11.9837820267771,11.1876482281956,12.6151862065425,14.3824072693821,15.211301041932,14.1542281736498,15.3457020722485,17.6012077831134,18.6132256217354,16.2641295768619,17.652817954595,18.4996132033487,11.7349368713442,17.5372258668347,11.9837820267771,16.2641295768619,17.652817954595,12.7133231600131,14.3672222303182,12.5097016835939,9.07732508530204,12.729039089163,15.5647394665754,18.8112415021596,18.1959141796503,13.7941405686828,14.3526027738856,20.2038072504629,17.5321589918293,18.1084758023151,15.2836376388788,18.1959141796503,16.6331144104177,13.7941405686828,14.3526027738856,20.2038072504629,17.8542559564223,16.3360533418774,14.4200668684244,12.3370989204114,16.5879723801847,14.0679639072927,15.1026093042825,14.9227171370881,15.5301942509715,14.4922744763607,19.3887396821166,16.7082108875863,18.0224589133311,17.6385669411257,20.345044046928,14.1260923678212,15.2334246843947,19.6695861177064,19.0222162486636,14.2992834922278,17.6385669411257,15.2334246843947,19.6695861177064,18.0652657387233,18.6333156644301,18.8279756705071,17.1998366151838,14.6188972738567,15.7333576716424,10.7622463757439,13.2717132081299,8.94647824703933,12.6410987519503,14.9233176007223,18.6052333044404,17.6925761290807,13.2717132081299,17.7112512641196,19.5478559179297,18.7841600485229,13.1660163932964,17.1357678317855,12.3904481859416,12.298337128081,13.7048510689405,12.7809093613914,16.6624781291553,12.072146673286,12.5202236072549,18.7841600485229,13.1660163932964,9.32957176993178,12.3163410626835,11.1327322234709,11.0222264099011,13.7048510689405,10.9081342048836,13.1050742208257,12.1782376558671,13.6038334520537,14.9773816899617,15.0221847483725,12.5437925999778,14.0724214843691,14.3306022245108,12.4948703518019,13.0424121855655,11.423647093186,12.3904481859416,10.9605626881991,11.6852454096825,9.16941859565087,12.4904554006035,8.53904412186046,10.8683385942602,8.99127331548347,12.5452932758671,11.6066692973959,14.1201663555098,13.7032244178577,16.2460919611873,9.54053791861406,18.6277581793768,15.067762088803,9.54053791861406,11.3993564254174,11.35318937138,12.7042063499157,13.8842687275049,15.6935026967339,12.6803051118302,13.6612390127803,11.8146827895144,15.0616080196472,10.1126607809916,13.2676791091119,9.78594070479115,10.7940609248706,12.6979792747822
"AH1_2d_5",1,15.1802225625376,18.0177738509401,14.5972647883584,14.603690517404,16.3949359949947,18.5841078378074,18.4814823984121,12.8498049923407,13.7283264062979,12.6917524630732,9.45903243858943,11.5873436408923,11.9476336386677,11.9476336386677,13.0284156815542,12.0511080184192,11.173707021367,11.9090434953743,11.2317831002664,13.2735871823081,15.273982081925,15.3748464663409,14.6404599821286,15.5116560311498,18.3556336517404,18.9371615023799,16.6071089171666,18.077288897193,18.7897321284449,11.7548412317187,17.8604590216112,11.9090434953743,16.6071089171666,18.077288897193,12.0361601945685,13.8463771249,12.2333734817306,10.046539367401,13.34381694405,16.3461598461609,18.7932497556708,18.2284175436718,14.3795674219773,14.4297510029686,20.3397435990276,17.7630435424083,18.224566412196,15.2789275140395,18.2284175436718,16.3714819452674,14.3795674219773,14.4297510029686,20.3397435990276,17.7738896436476,16.2211188929591,14.2684681848802,12.3152275241782,16.5915858042097,14.4307178411694,15.3716871908569,15.4775192751886,16.1865968369089,14.5071754605201,19.5252444305393,16.8317751842364,18.3818810062602,17.735048365283,20.544793263291,14.0126524980118,15.8778633740202,20.1623026562193,19.1386196033043,14.7215247952095,17.735048365283,15.8778633740202,20.1623026562193,18.4719170356433,18.9052937131602,18.8849326235112,17.1421115769387,14.923436847362,16.1998704552473,10.7045838869137,13.7803678520147,10.1384502433401,13.2175595835341,15.4928780850533,19.5224614456554,17.8729498678039,13.7803678520147,17.7411963149679,19.7290744702408,19.0094854092723,13.5354042493786,17.5919931905505,12.6833616475497,12.3249718640153,14.20059363427,13.1520610504342,16.7306790909937,11.6904051422225,12.5738402718172,19.0094854092723,13.5354042493786,9.81388450552191,12.4701776244023,12.0125952152753,11.977851033075,14.20059363427,11.1016998614079,13.1232955983065,12.276534371412,13.7601716176989,15.2279717920168,16.9464238087681,13.5600106681329,14.4017122025068,14.6392153833869,13.115703634656,13.3501683248074,12.0107019007681,12.6833616475497,11.7648125824795,12.2351628873426,9.89696398949934,12.1600865323608,9.20892880685876,11.5971512160104,9.76632548794847,12.3235795586147,11.9009522815458,14.8023907356656,14.1117388729383,16.4153964683997,9.85968321180826,19.0373740170876,15.6213326724505,9.85968321180826,11.9921278978008,12.1023952939066,12.8686421953203,15.1896731685096,16.0418563014266,13.0498797837578,13.8814098440819,12.4778738573106,15.3344864843453,10.181348528306,13.4461170718578,10.2954524056506,10.5329097159969,12.711323848604
"AH1_2d_6",1,13.7342959499163,17.781869342555,15.1907336224333,14.8469486355154,16.46705559828,18.6591301020472,18.5783300741278,12.3797194411688,14.3944930491011,13.2246497203104,9.64432731778646,12.0737609295135,12.4135726675697,12.4135726675697,13.1624747712455,11.7258512336804,11.2854929522917,12.3268795678351,11.9408773086216,13.2027424689805,15.6693732072972,15.9667388384953,14.9649016143694,15.9541861911141,18.5057530511906,19.2045962173528,16.8806086057506,18.3165141166323,19.3148676754037,12.07686484185,18.3531071059,12.3268795678351,16.8806086057506,18.3165141166323,13.5595102465933,14.7839153497128,13.0722186526771,10.0345494654962,13.8088498067166,16.4465282965664,19.2033596539915,18.4908585868967,14.9155627649843,14.7782157244406,20.6630735568469,18.1289699155819,18.7529941964282,15.3042378100083,18.4908585868967,16.969155231857,14.9155627649843,14.7782157244406,20.6630735568469,18.4312556715083,16.6816052793253,14.0877431659683,13.1690458640718,15.9334384423315,8.00735223839118,13.7898474253531,15.7610393466361,16.4998452789676,14.9406934612716,20.0079054969404,17.0966603099849,18.6312240250713,18.337052493572,20.6850057013385,14.1474755875043,16.2784868917943,20.1600868401998,19.9790657775252,15.1424598580296,18.337052493572,16.2784868917943,20.1600868401998,18.2749790922309,19.4851863753876,19.4278826279036,17.9249921357324,15.0925071459429,16.1860702491043,10.7871720349663,13.9680310217287,9.96057841875572,9.91449927992109,13.9019551123368,19.4840882796552,18.10587878367,13.9680310217287,18.3075657712424,21.4274179692901,19.0820694321326,13.3476402904953,17.8324197309207,12.6967980897522,12.8450045175615,14.7039374647644,13.3714590793138,17.194227675356,11.5567237787844,12.7705566300345,19.0820694321326,13.3476402904953,10.0005345950014,12.7961499458934,11.7314400240418,11.2654988748614,14.7039374647644,11.6642005137997,13.908414153342,11.9591692349944,13.7222319840051,14.4921295873613,15.0124136344277,13.676542190139,14.396732154994,15.1020339992745,13.1066455222003,12.7646879790724,12.0333915769454,12.6967980897522,11.4142977412573,12.2257305233842,9.59213717467636,11.8211034396932,8.86651366411296,11.2973418604741,9.36514526456586,12.2097929030909,11.0784169849573,14.5271888294378,14.0381552522121,16.6978261793699,9.80239290518392,19.980184040429,15.6636189054831,9.80239290518392,11.8535778843681,11.8536732485878,12.8656256753781,13.5438959416075,16.9911129113669,13.2328042783213,13.490632894792,12.6181136933036,15.6274958120993,10.5693792210194,12.7418289339352,10.302216922589,9.64194677237744,13.5822779925452
"AH1_4d_2",1,14.8037423049586,18.5299176943212,14.9163461959639,14.14649300928,16.5650645309372,18.8742225049877,18.5908466235549,13.442853919759,14.1355738705468,13.1330728957544,10.3195516774649,13.0143317805435,13.2015406585174,13.2015406585174,14.5795528036653,13.0495478015729,10.6267488560406,11.9103713579586,11.054816926216,13.5500532139972,15.3306734754267,15.7643074216264,14.4212172113877,15.2320237095171,18.467618982157,19.1625469919709,17.0742693738849,18.2929484153581,18.8597684120982,11.5741954055394,18.4509008728789,11.9103713579586,17.0742693738849,18.2929484153581,11.4995421622584,13.995688407963,12.5723923765437,9.90964235203947,12.7332101472917,16.4380200854266,18.8696924841901,18.380314541332,14.0979809843781,14.3834739862334,20.2037729053025,17.9182844862862,18.380493168848,14.5818588908608,18.380314541332,16.3948789664708,14.0979809843781,14.3834739862334,20.2037729053025,18.021295851837,16.8358072677736,13.0767094378093,12.9218248691956,15.6003303627338,13.6616862348794,14.6920628034229,15.1175590859597,14.8596569588695,14.3202449855641,19.4714918992767,16.3040033766908,18.2123420114534,17.6028962535325,20.4462184373904,13.9214864943859,15.6025879849246,19.6191937920495,18.9727838610794,14.4142810933056,17.6028962535325,15.6025879849246,19.6191937920495,18.2489843669642,18.835684600575,18.7462439799272,17.3318591975975,14.6444004878481,15.8392275320216,10.3596582856925,13.7034489727163,10.6410895987249,15.2279086474118,17.1080735824159,19.4552843210199,17.6571614139529,13.7034489727163,17.5908637517169,20.6673534838188,19.4734676963161,14.3384296869816,18.189285874627,13.4624985282217,13.4408884255799,14.9794892181368,14.4120091051918,17.7006927485772,12.0422585370912,12.6439543678898,19.4734676963161,14.3384296869816,11.3009927556352,13.2399687647958,12.4574039260315,13.7542191884243,14.9794892181368,12.5065865214616,15.3320063538162,13.0516196956592,14.3532154906985,15.1516912379976,17.4661809160713,13.9104776805805,15.4666345027532,15.5877340316644,14.1612501565381,13.4474649160932,12.5635553154888,13.4624985282217,12.4550113413027,13.3247306145094,10.6924024511065,12.0662050045734,9.89032876273109,12.9201972738987,10.9182732929317,13.2833883876559,13.7358919886567,14.3804424366543,13.7505546832067,16.5306995862032,9.98623969330304,19.6712151557836,15.6800652252091,9.98623969330304,11.7041198940789,13.5427933671228,13.2090005246729,15.3917203064963,16.4811946187176,12.7989272821689,13.8478027059629,12.6783851160117,15.4475810680216,11.3361592008289,13.8054935574562,9.89416256587529,10.8329492956682,12.9636299053868
"AH1_4d_3",1,15.1449259615535,18.4643838394834,15.1216713636489,14.5200865353052,16.600925460996,18.2813483923169,18.3463146147669,13.546087729551,14.0563526033329,12.2042665010796,10.1872109968699,12.656598453443,12.6777817842071,12.6777817842071,14.0739385459679,13.1557453249304,10.07596430954,11.4790304907981,10.6042415809724,13.535398078938,14.8500563231829,15.0640208775263,14.3179020785318,14.6192913117168,18.3032190088018,18.5514299313256,16.9107377811221,17.6217559999228,18.5189959716745,12.0314345100988,18.3465234719476,11.4790304907981,16.9107377811221,17.6217559999228,11.2692452703893,12.9756101908524,12.4285645125612,9.67235865162807,13.0328201013322,16.0632179726493,18.964189253418,18.2511210432198,14.1005133272956,14.0563693080711,19.7938379384835,17.5366764575829,18.5192239904262,14.5034099026703,18.2511210432198,16.4489823514502,14.1005133272956,14.0563693080711,19.7938379384835,17.4934016680901,16.5779783763065,13.4309559094059,12.8345240942604,15.6820600612709,13.8209542040744,15.3400111564902,14.7477738102045,14.8730968256459,13.2868673665552,19.0034098228694,16.3212715221246,18.0112678694212,17.4219276709343,20.1681040469746,13.7098176289437,15.2207678433462,19.5499388002262,19.3886344591148,14.2108208439683,17.4219276709343,15.2207678433462,19.5499388002262,17.9558121752046,18.5303258409261,18.6060851513514,17.2940134894852,14.8876384215922,15.3601314840175,9.89225763996335,13.4480883191165,10.7167805344785,14.1605586802783,15.9232929340274,19.1938805451048,17.2370458055888,13.4480883191165,17.4207750680994,19.738508244605,19.1146615245152,14.5339709305084,17.8770637214228,13.4190680386999,13.5341691607323,14.7367224246022,14.38759245543,17.6009255743895,11.0627877846505,12.231921202874,19.1146615245152,14.5339709305084,11.6476992952831,12.9904868705452,12.7164666745271,13.1480125695918,14.7367224246022,12.6245812970587,14.5514293445693,12.4288222283184,13.6882376077937,14.6937423798047,17.5874543252882,13.7841852151894,15.4778254485876,15.6288333087892,13.8471726449273,13.393937931992,12.6669754997111,13.4190680386999,12.1116148779857,13.5625220536496,10.5372736265134,12.1075282286597,9.34912758825126,12.741512556262,10.5278414700241,13.4672300232487,13.7722531505197,14.0092355967418,13.5996745290178,16.2551004821075,10.2207206170396,19.0140938760984,15.594722562719,10.2207206170396,12.002459318345,12.8262866256236,12.2479086857463,15.0183266941189,15.8946007540201,12.826740779869,13.9441964153508,12.6734067794623,15.1400149723974,11.2657073190017,13.6820082864,9.463977424282,10.776601401675,12.2581788269441
"AH1_4d_5",1,15.4870252326216,19.1327085365412,15.6727730961869,15.0026220710256,16.6745908861175,18.7544379841456,18.7160129796538,14.0665890137943,14.6498071021559,13.1702530306082,10.7226095238273,13.5454478887113,13.184750214489,13.184750214489,14.7986360360538,13.5583713128014,10.7352169847868,12.3312630408627,11.6283972564222,14.1936868735709,16.1566022070916,16.1093986812565,15.1842527708783,15.4842352079154,18.6839743193887,19.3581585983111,17.3809763564184,18.6612944745458,19.5336917704688,13.378660526086,19.1282597996458,12.3312630408627,17.3809763564184,18.6612944745458,12.9263443202129,14.1390012152908,13.1018525968553,10.6544694133814,13.5317499360216,17.2498637158338,19.449717175398,18.9272692501353,14.9034734070425,14.7209102334221,20.6938360516731,18.6523184057638,19.343375099474,15.4819112511734,18.9272692501353,17.0459102719239,14.9034734070425,14.7209102334221,20.6938360516731,18.2702380003823,17.5874919812284,14.5239205925116,13.7781646805432,16.344279109611,7.89940256333524,15.3354350631009,15.8633201669514,15.7879602323482,14.5709489311936,19.8765430818365,17.156278929679,18.1846411154392,18.0547993756306,20.6872195360168,14.9752937351688,16.032588084864,20.1562315507216,20.1737344662883,14.9027409982858,18.0547993756306,16.032588084864,20.1562315507216,18.4173338748716,19.3235985236527,19.4998412653984,17.8095985819876,15.1882678275879,16.1426728368444,10.1663356572884,14.7258413548226,11.4094410489885,13.7767067758136,16.1729168411806,19.9351096430727,18.0553984583492,14.7258413548226,18.3347236534192,22.2017708126793,19.8882479931943,15.0755318673439,18.5460621696343,14.2141305460037,14.4101926623621,16.1838249563033,14.9323489464124,18.4051361382595,11.8652132461214,12.8792914791121,19.8882479931943,15.0755318673439,12.0274221183519,13.9869001207047,13.1918467501132,13.5140992828045,16.1838249563033,13.5526675732571,16.2698979898882,12.5022035691183,14.2122320100848,15.4710366114648,16.4032418330286,14.7166096415453,16.3836209804367,16.7264158799422,14.5195597124412,14.3588289097195,13.7542711885494,14.2141305460037,13.1467984475058,14.5494694208598,11.2107865167678,13.0066234746834,9.85637100371461,13.295004046203,11.1480150529995,13.8402662105384,13.1408937243565,14.2706031656884,14.3943234744537,17.0322529401379,10.6027024891469,20.118348004151,16.2709495666611,10.6027024891469,12.7160616639482,12.1266008192679,13.1010956526631,14.9664669905373,17.1001278144024,13.5199950268334,14.032343754728,13.4849331279295,15.9126403124056,11.5737707135964,12.5706346857238,10.1086415398098,10.3572852642321,13.5479277955956
"AH1_4d_6",1,16.2326447440189,19.0970764970842,16.3264250980755,15.7229708146731,17.534951363864,19.1480893980381,19.3588201924386,14.7162215253343,15.3905531455525,13.8043461196621,10.5305315973587,13.6477523161559,13.6689013187226,13.6689013187226,14.7190669608233,13.8581350833537,11.2925458961078,12.6841889392577,11.8824284923387,14.3100315007986,16.3771910654419,15.6097618585926,15.4823700145017,15.9366081077769,18.802712774812,19.6890791766214,17.5133089421464,18.9767252793135,19.777097559964,14.1650679941183,19.5008787054507,12.6841889392577,17.5133089421464,18.9767252793135,13.5139940254115,14.4477950607147,13.7621931412743,10.8322130281893,14.0264349625651,17.4545156808441,19.9073992076944,19.1932180748246,15.2701142138915,15.3773764352278,20.9786108809536,18.734572466828,19.8383493235689,15.4260320554087,19.1932180748246,17.7263896850779,15.2701142138915,15.3773764352278,20.9786108809536,18.6432884527804,17.9759042802102,14.3406926670683,14.4340855431826,15.9943737239246,13.7505537632067,14.2507179561607,16.1583802490269,16.1754038126274,14.8249604880381,20.0533565172989,17.473443541991,18.8615849468712,18.5884459852843,20.9365553625039,15.5641965992859,16.6351895821316,20.570805711368,20.6284464301444,15.1221369717931,18.5884459852843,16.6351895821316,20.570805711368,18.822448880885,19.7366511068129,19.9363386104061,18.3235450635948,15.7297848133699,16.360996803591,10.8260364548477,14.7095425309733,11.4511371436377,14.1517043974546,16.3103384673586,20.0232147562081,18.2633283802222,14.7095425309733,18.7990141700806,22.0292536897969,19.848486171552,15.2507270626334,18.6229585692002,14.4050889927613,14.9107730004186,16.7534362070603,15.5064399150008,18.6220747270144,10.8880796176994,13.3221918233741,19.848486171552,15.2507270626334,12.1110280256054,14.0612858133422,12.9450761192177,13.8244277879523,16.7534362070603,13.8430204809508,15.6073044614387,13.0810435424297,14.3701673622531,15.4362072654077,16.7255135463556,14.8404441973955,16.4786405237875,16.8306753510527,14.743959384324,14.3316088472398,13.7999603065298,14.4050889927613,13.222336796161,14.8264624661262,11.4743263365858,12.5035336468281,9.80678903730695,13.6283161494944,11.0592832253196,14.0437337216238,13.700567244255,14.3481931066851,14.5402515115285,17.2215452317902,11.1864328656195,20.0255306024478,16.4846461587218,11.1864328656195,12.7447614827042,12.7951888188782,13.5171765316649,14.1601799585037,16.9735991055335,13.6128913262149,13.9773665783144,13.4069365144824,16.2271634792069,11.8349943670218,12.7937815912725,10.6385144654133,10.6670176352222,13.8436025229729
"AH1_4d_8",1,16.0172787448794,19.2218548016862,15.283312501607,15.3933169999296,17.1938680655023,19.2137918796949,19.0607793672698,13.9293012163358,14.4170400935859,13.3661306149351,10.2240337742014,12.9428010139668,12.8533137439653,12.8533137439653,14.1175077231741,12.9817954581281,10.7262837573438,11.9933868377037,11.3616446497382,14.0027319358724,15.4377421684696,15.828365661158,15.0750145615052,15.3969228680872,18.3898720841149,19.3295047074187,17.2742295503611,18.4549762114851,19.1884231386441,12.1883771055263,18.9171053397851,11.9933868377037,17.2742295503611,18.4549762114851,11.8024740625466,13.6356607809757,12.5269162317822,9.86708338365395,13.4772580068947,16.5289046298362,19.3156545812302,18.7480033138584,14.7142173187875,14.9681477722334,20.546244377212,18.359569954231,19.2432265830957,14.4174377980729,18.7480033138584,17.1245856568255,14.7142173187875,14.9681477722334,20.546244377212,18.0384225475707,17.3369795146403,13.2864418541396,13.2696868692258,15.6013248908958,13.2650494085979,14.9275117832524,15.4065190366533,15.6975792204677,14.2652458973881,19.719972081233,17.0598557006027,18.830957784084,18.104636182502,20.5904078449088,14.481570839714,16.0532278986905,20.2562282721981,19.5093044547837,14.8471580179734,18.104636182502,16.0532278986905,20.2562282721981,18.6174047996296,19.5702579409387,19.4416771479227,17.6048996394125,15.6999176431148,15.9805024760062,10.2877991640627,13.9152690624363,10.9548012961558,14.3897607741482,16.1045643628725,19.662612206015,17.3997341350135,13.9152690624363,18.3171546361333,21.0569312023166,19.583540535558,14.8421536927675,18.1662902933078,14.0168429653468,13.8025927827119,15.1238265022132,15.1106903897568,18.0236034421127,10.5884640569887,12.7213561323579,19.583540535558,14.8421536927675,11.6234156936554,13.4558736355414,12.9495667956516,13.312205907341,15.1238265022132,13.0498781223755,15.6450651201468,12.7854082653092,14.0729199365902,15.0318204833656,16.4461477473595,14.4565513192353,15.5430406729543,15.7759496021598,14.3397987723775,13.6494247115275,13.2586062870962,14.0168429653468,12.7858876392581,13.7859907761171,10.8136954816903,11.8141749395323,9.67105098455767,12.7823515935495,10.6112352359411,13.1758600133532,13.8681933179118,14.0077578794353,13.8010901140741,16.4840944275811,10.1991902074412,20.1714457492703,16.0605203054553,10.1991902074412,12.4422786277471,12.7165895474761,12.6983156247466,15.5344530967829,17.1254558813667,13.3914053972031,14.2875389357651,13.3039328860222,15.5430200165719,11.0286906882284,13.1350226841894,10.0402341942232,10.7592094812284,12.6758217145147
"AH1_7d_1",1,16.1680740456199,19.7406495704694,16.0984179955595,15.4832695107628,17.1942431582156,18.6262917839067,19.4273894506925,15.8584878872017,14.6876176678671,14.3846666458655,8.93044842289249,11.8627137771618,11.5341796118995,11.5341796118995,14.0897069860237,12.5361911202266,9.79237249318594,11.8383350878238,11.3412944433947,14.1437039449874,16.5689273710498,15.3102883972897,15.1676215005352,15.1429899876888,18.5131519307059,19.335860268936,17.5566729170701,18.6050707216337,19.6202164688917,12.6415258011401,19.232321084004,11.8383350878238,17.5566729170701,18.6050707216337,12.004741843589,13.3933299632922,13.0487241626024,11.9769417277532,14.695183572824,17.6827579295356,20.0756521482426,19.7671664848928,14.9442837395509,15.5465280664077,21.4569925325513,19.3532482064975,20.0657669976084,15.811342744388,19.7671664848928,18.2331230013691,14.9442837395509,15.5465280664077,21.4569925325513,18.7830737684271,18.2553673476835,15.0293522767462,15.0110233149142,16.4979894545678,15.0213471981009,16.3188576223886,16.3968586032037,14.9112133977206,13.8345871661888,19.552975206064,17.244517288227,18.4817479523711,18.2113586787156,21.2467439322633,15.1547703731199,15.9430201967045,20.7596140386514,19.9608215135853,14.2895824439165,18.2113586787156,15.9430201967045,20.7596140386514,19.0845599309793,19.825453783587,19.6688515575507,18.9338043658217,15.831729575901,15.2890798964062,9.64572856698958,13.509038366296,11.1146415101584,13.3969357990898,15.1458499172512,19.5382059863388,17.3420749393554,13.509038366296,18.5532429245239,20.4461127797603,19.4591297731455,14.9648925391131,18.0238372462253,14.3006537737474,13.3516514026283,16.081264319843,14.9826580213147,17.9360154886806,10.8540372306976,12.2871340585297,19.4591297731455,14.9648925391131,12.1096062357298,14.0961167380935,13.7692726873959,13.2040460013922,16.081264319843,13.4173655548563,16.2285110518217,13.2644683722258,14.4633929082255,15.3521976992746,18.5617319403669,16.073596529022,16.3175742231177,15.9795279444492,16.1884261571579,14.1035013662894,14.9981837523208,14.2385076819735,14.5287870959528,16.1899343220423,12.3751452527423,12.9521425969941,11.4587754337937,15.4133106633159,13.0903040278004,14.5118639849144,16.5764571284554,13.5790906600388,13.6895959107425,16.6123215072305,10.6444508795071,20.9081964305292,15.5965422748403,10.6444508795071,13.0815120445487,12.2338743120263,13.4774459024884,16.9867558055064,17.8557469552076,14.2564554809433,15.1315186700093,13.1944436687853,16.5697432178168,10.4728173703226,12.9989776309307,11.3596286637566,10.5558191080124,13.31577189613
"AH1_7d_2",1,15.986537352695,19.5631988329713,15.7773127129414,15.3803192979726,17.7712395889478,19.5356607739544,19.2915949599965,14.8423960968178,15.4137437388042,14.3244422155523,10.1406825107675,13.3398145358042,13.2993071119334,13.2993071119334,14.8998113264043,14.2950360064118,10.8004309203316,12.5753747832771,11.2499859257594,14.8870759263098,16.6147334301145,15.9840658475442,15.167680908999,15.6981231314961,18.7713278581515,19.4110075248861,17.8864475317788,19.1886996083038,19.7588846966,13.706491064623,19.6774200726209,12.5753747832771,17.8864475317788,19.1886996083038,12.6409449038819,13.5438756513693,13.3406030308855,11.3515186377407,14.2473402632729,17.2753838421274,19.8482820447197,19.4460528152977,15.3013419856246,15.3553387283248,21.1474906487027,19.0656370157185,19.9097465313759,15.1555375098962,19.4460528152977,17.7972568113065,15.3013419856246,15.3553387283248,21.1474906487027,18.8536435550156,18.0194251277279,13.7191248403495,14.2316222812066,15.5403182109079,13.84066912293,15.0521350067017,16.3086839871782,15.3563719056815,14.3791370547152,19.9555924444344,16.9641781461572,18.9180557788024,18.2883445472118,21.1785484524891,14.6572974034369,16.3858568725069,20.6529776511956,20.5093442067518,15.1404707981721,18.2883445472118,16.3858568725069,20.6529776511956,19.1530239135906,20.0050820688083,19.5388679868738,18.4768535962888,16.110943464798,16.323966918155,10.5892196633498,14.3928753903792,11.9025078811398,14.4920751738098,16.1682546565927,19.7794016605796,18.2431392550467,14.3928753903792,18.4059106363975,20.6524126177593,20.1149377260511,15.7793671918727,18.8020496862734,14.9764874719123,14.3398341039564,16.173122015445,15.6307631483879,18.8613474498682,10.4412844239209,13.5401747561216,20.1149377260511,15.7793671918727,12.7357776682122,14.2932838792538,14.0838761294617,13.6412767320417,16.173122015445,13.7542452906822,16.1342390734347,12.5647020259903,13.8924872310745,15.1262152823317,19.2912204534703,15.8397516252999,17.1912538416279,16.7089329432067,15.7161045885223,13.3472262490668,14.9543743624689,14.3465445494966,14.5251097470071,15.4745523659876,11.9637809613098,11.9626184020788,10.8387375782096,14.7697615876982,12.3349299683474,13.6152284224984,15.7697169014634,14.3332051790901,14.452155131144,16.9605025039803,10.9998500233332,20.4114976697757,16.9066085164865,10.9998500233332,12.5506271428698,12.0080869619589,13.3677859881142,16.6571165902315,17.3000350800669,13.7827885005628,15.0574834577398,13.7942955788388,16.4128543343347,13.0225737118399,11.6147776809015,10.8549166891465,9.60071192528784,13.2937315108151
"AH1_7d_3",1,15.9605481947254,19.5850084766839,16.687654186264,16.055584638141,17.4917436347745,18.884236489053,19.5114149892233,15.1728172181708,15.1086606805461,14.1359396981618,11.4191897148363,14.1207820866421,14.1089963996714,14.1089963996714,15.5918598041605,15.066366307466,11.1469349882376,12.2417261600153,11.3338575725264,14.3017193158145,16.295737971191,16.0956122346955,15.4058150963273,15.7084811877152,19.0016052525818,19.6315050320605,18.0885388489521,19.0306959264473,19.6835247451756,14.4701044981407,19.3301973540414,12.2417261600153,18.0885388489521,19.0306959264473,12.7205823461444,13.7512129461126,12.8970673336986,11.2091341305119,14.359628395682,17.3807190639899,19.560543684568,19.4332107603172,15.4070509170856,15.5692980885554,21.1749576744896,19.1363658321868,20.0695348288677,15.0484639246008,19.4332107603172,17.3949719636613,15.4070509170856,15.5692980885554,21.1749576744896,18.7012468053665,18.3627154547275,13.5193562247913,14.9364620876077,15.1895924908575,13.5115727929948,14.2121322445059,15.7901376661601,15.0017950695869,14.2228979126248,19.9831476629204,17.2098587786771,18.8857651589423,18.553822029768,21.0443677692911,15.1024348625883,16.5205008293436,20.3094184819414,20.6683048288868,15.1421765646233,18.553822029768,16.5205008293436,20.3094184819414,18.9098445702598,20.1893011089442,19.9261240372337,18.9392954731851,16.2711492439964,15.9120762414934,10.6621700528602,14.5082058280227,12.0280625305082,13.9966092501472,16.322907100645,20.1606994637154,18.0569350048576,14.5082058280227,18.8148580946283,22.1120256599683,19.9271706698397,16.0484265063317,18.7101593251605,14.8518293751792,14.979531171595,17.6120494534645,15.5935225440551,18.8473751126239,10.8409613200882,13.5107347153231,19.9271706698397,16.0484265063317,13.3205913769978,14.989333427369,13.6658016015364,14.208310427619,17.6120494534645,14.5902756826602,15.7286261766044,12.5876404207561,14.2173714318505,14.9172242813632,17.7985155066292,15.0677248395403,17.2633779575979,16.8958852215876,15.5109615089328,13.7798274415057,13.9236737698024,14.8518293751792,13.6251487483955,15.3977996932094,11.541893855266,12.5559791479686,10.2986821076999,14.295932986417,11.9757237935801,14.4024993398511,14.5101224721818,13.8293448227003,14.077968658177,16.9609084557712,10.6699098024337,19.3185599103602,16.4023278408925,10.6699098024337,12.9410256595778,13.0113485820819,13.2781726464988,14.026162396693,16.3965442910127,14.265638794704,14.3739964500162,13.5181213656302,16.3789292954176,12.7369277918843,12.4171172475546,10.7305366823067,10.088595620451,13.9837409794468
"AH1_7d_5",1,16.4891449403349,19.6570796177928,16.3643261187564,15.8893318348648,17.7175847047854,19.4950372973292,19.5349907715001,15.9355331431878,15.5072064379166,14.4326117311212,9.65143069457654,13.0203031371975,12.4790498629929,12.4790498629929,14.1061854321156,13.5102306689272,10.6154071529657,12.5007273851305,11.1638867221046,14.7506579239209,16.8282406160257,16.1527576935224,15.8720776725407,15.9469002078297,18.7465410757048,19.6553556941222,17.8735167702388,19.2396680102739,19.7825412694364,14.2954592722174,19.798563363652,12.5007273851305,17.8735167702388,19.2396680102739,13.4028884549725,14.0960452976173,13.5866695074849,11.4487865535779,14.3529684153381,17.7534390635676,19.9405465995048,19.8842410546579,15.4145883396698,15.7790049200434,21.2252065541852,19.040540066845,20.2327574443921,15.525741826041,19.8842410546579,18.2210651859848,15.4145883396698,15.7790049200434,21.2252065541852,18.8480317421758,18.2880599088469,14.7169170877645,14.9676049956669,15.8169811827013,7.90305721934963,15.1762108973934,16.1880397360515,15.7878287465961,14.1844713221437,19.8882415819045,17.5528571550413,18.6587719623846,18.5181411806964,21.2220292465458,15.6478984153522,16.3167173905275,20.8488302657263,20.9048346954786,14.5433975685388,18.5181411806964,16.3167173905275,20.8488302657263,18.7313062888754,19.8174795558007,19.7926541846499,18.9023303041328,16.168138486536,16.1198085348767,10.5333608661679,14.1146181597245,11.9906912247643,14.3624278698356,16.3482329618019,20.1805956047433,18.0673900452918,14.1146181597245,18.6651718347114,22.2549010211712,20.2764552841397,15.856639333784,18.7148122087568,15.0119784293681,14.9366412635287,16.6986475516708,15.635578199444,18.6381608950727,11.5289002195084,13.3072483456111,20.2764552841397,15.856639333784,12.7864621792733,14.4085795650019,13.6191167569289,14.0868696421998,16.6986475516708,14.5354216925966,16.0615641840415,12.9733236419362,14.7081699381731,15.5056368865665,17.3821333409203,15.8153870095651,17.1610877393943,16.9125463006735,15.4623694661378,14.8591632767612,15.130105783153,15.0119784293681,14.0398149982523,15.7376058122941,11.9397986180703,12.7598577140014,10.2438898712021,14.1354400079949,11.7665353787652,14.3617984353246,14.818041946452,14.0689755276403,14.6843594349295,17.1354108853738,11.3841853517497,20.7375969418993,16.7018924251132,11.3841853517497,13.2067653306708,13.3998252555219,13.9166223690257,15.3488195827977,17.7669818512441,14.0523343790373,14.5998625727328,13.7154379619128,16.7057813879071,12.8582132597565,13.4540678087115,10.8848169504095,11.2638949796099,13.8211405271682
"AH1_7d_6",1,15.9641651875782,19.7177979381937,16.034664817087,15.2439234197249,17.3052454533289,18.3676404373232,19.1880880443505,15.5485604233739,15.2383194516327,13.9048389207971,9.14569850494121,12.4422368576263,11.9645202281778,11.9645202281778,14.2140623446463,13.3660541549038,10.349292838951,11.9029550391454,11.0605813235652,13.6375354158299,16.1452194461435,15.7763717841418,15.139306994368,15.3332440852967,18.9232914830322,19.3563189746699,17.6937342988592,18.619554391601,19.4047130724357,13.320733215094,19.2096300600097,11.9029550391454,17.6937342988592,18.619554391601,12.6574943310012,13.5561053657916,12.902462430868,11.4166449851471,14.6625462556647,17.6359654947055,19.6408522562703,19.6442235529754,15.4206665026157,15.636759462468,21.1604877448391,19.2251974323174,20.1021480852253,15.4593434357468,19.6442235529754,17.3195445111743,15.4206665026157,15.636759462468,21.1604877448391,18.5726869285422,18.1435597805551,14.9090181254678,15.2496340199378,16.5014399712828,13.9931846793519,15.5300608624788,16.0565502361099,15.1247747915774,13.8919050287992,19.5154106228187,17.0972454785149,18.344833215002,18.1976390558275,21.005780607313,14.7738328136491,15.994970640251,20.6925689993303,20.1066113399968,14.5244217924922,18.1976390558275,15.994970640251,20.6925689993303,18.502952321061,19.718970106675,19.5689526449999,18.6408613007039,15.8699701109613,15.5921246251261,9.58493051159345,14.0411195251621,11.2401239965918,13.8096989584086,15.8799270162127,19.537361675573,17.7008775988882,14.0411195251621,18.4131435445725,21.7862076985415,19.7900059808575,15.1949095152854,18.4268770429753,14.4262413328747,13.9138369875864,16.5803900402798,15.0659311425794,18.5035727089561,11.3898338879126,12.6233062828138,19.7900059808575,15.1949095152854,12.3735402569467,14.3455193551394,13.5458401208899,13.5324080082668,16.5803900402798,14.2308208480004,16.1506179511774,12.9222344988404,14.5198797634737,15.4522181108499,17.1797899070455,15.7339144246341,16.6138281250399,16.4205053738087,15.5639747650251,14.8261259936153,14.7957647199317,14.4262413328747,13.9655405275062,15.6917600227567,11.8760288138239,13.0308657937703,10.6415292187879,14.3748861224251,12.0063116951186,14.4997196367917,14.8838755742034,13.8582245494452,14.2152999940519,16.7218223322369,10.523060696587,20.3070822391304,16.0481354422166,10.523060696587,13.0359914527542,12.3959251334842,13.5102202843238,15.0682423048386,17.1709615696985,14.0798620205686,14.1375729717997,13.0465625139478,16.4084168213457,12.4000404543619,13.0217987292764,10.863514804409,10.8377411974388,13.6274045233683
"FM_1d_1",1,14.0248792607155,17.6855049685821,14.4643779809364,14.1270478311857,15.9407260752789,18.1784584879319,18.1692451658531,12.8241062860633,13.8468805557681,12.3822333651443,8.8731891244195,10.6213970682675,11.031347340552,11.031347340552,12.2044990566489,11.0240449651253,10.8016405770827,11.9522252638962,11.7421888371702,12.3666917315783,15.4399982360525,15.3889444574431,14.429957188501,15.6210447566923,18.1432373044987,18.8857666481749,16.3592731530767,17.7080839300942,18.8929897394638,12.4850901687074,17.7758363030008,11.9522252638962,16.3592731530767,17.7080839300942,13.2995351829225,14.521478954488,12.7481828153668,10.1795430075591,13.0804639629118,16.4314578163139,19.063794318967,18.2305357703614,14.4752767582848,14.3154967645153,20.3511094833062,17.9071325434437,18.4481932018877,15.6972891567841,18.2305357703614,16.612636813885,14.4752767582848,14.3154967645153,20.3511094833062,18.0897845588664,16.5155252813102,14.6777010413559,12.9972401360251,16.7422775652284,13.7395874935215,13.9086601515782,15.5587635502811,15.9348592077918,14.658292016063,19.6006801700667,16.8102661550854,18.1301153693707,17.9592964345718,20.6019177661035,14.3180505272681,15.7878782543806,19.9803310194292,19.5147434256079,14.7247348066648,17.9592964345718,15.7878782543806,19.9803310194292,17.9953591591048,19.2329937938542,19.3587190681303,17.367383155045,14.9655361239996,15.5224725806329,10.6436499059155,13.3815466476465,9.4539348512912,11.3666193029668,13.9383582108052,18.7098463345396,17.8310010965504,13.3815466476465,18.2049033275135,21.2306429192588,18.7620487392224,12.9491587083726,17.2777794598764,12.4047807557162,11.9675230294746,14.0866584666436,12.3926356702339,16.6703039856468,12.1188726541756,12.4550077028971,18.7620487392224,12.9491587083726,9.2363838884033,12.2545335892161,10.7354644023642,10.7925041612519,14.0866584666436,10.6494946632592,12.968654929433,12.0027930445723,13.6258091555333,14.7571429658885,14.4120323714499,12.4171257484073,14.1394086460907,14.4437087145103,11.8980996304618,13.2835596465267,10.1379848697861,12.4047807557162,10.904998922664,11.2314992381277,9.0497533470978,11.5854997891167,8.23524587803728,10.9871645020206,8.36518959442718,11.733140207616,10.4570029315783,14.0943499621696,13.6343676051287,16.5571860120233,9.68571818475428,19.4445521348892,15.1603815659724,9.68571818475428,11.8399174732237,11.273548056324,12.4720541736842,13.2716096364996,16.2570486755218,13.1496654181653,13.4188529581024,11.6416588629332,15.4128623436166,10.6088762072185,12.5196983939446,10.4353910006432,9.95987673984317,13.570675446553
"FM_1d_2",1,14.8324606815918,17.6529482289722,14.8238846897323,14.0008689385831,16.1596106885605,18.5197688092936,18.3010026670043,12.7620899115051,13.8490436717499,13.0459875703437,9.02937907100912,11.3249089810081,11.4881359324428,11.4881359324428,12.9612338239793,11.375505888916,10.7482453745346,11.9440230026003,11.2783745881588,12.8226272318002,15.2355082608674,15.3425885252956,14.2421912385228,15.9035293983885,17.9592380550733,18.8917609940883,16.3040384814308,17.9568451174388,18.8661918773416,12.3964006983604,17.9352271095875,11.9440230026003,16.3040384814308,17.9568451174388,12.7840843461413,14.4160358140506,12.6630515083512,9.23436005661339,13.0187730601671,16.0571206558637,18.9680419235311,18.2347010913671,14.072435550671,14.3028470897506,20.2698064129625,17.9019586097921,18.6686036997155,15.6790797153217,18.2347010913671,16.9105946081173,14.072435550671,14.3028470897506,20.2698064129625,18.1062225003623,16.508342582471,14.4211781664185,12.839165623966,16.6621041909795,14.062373774281,15.7401036483444,15.3011013581899,15.5355612307489,14.8855458526709,19.5133646090221,16.8705262389991,18.3580548781309,17.8864217613888,20.4005373354617,14.4143965925794,15.6313683658021,20.0051377655464,19.6514004743239,14.5343875506358,17.8864217613888,15.6313683658021,20.0051377655464,18.4046687712948,19.0692899563631,19.1017998704958,17.5127937408913,15.4879873162712,15.5798950283358,10.5876082620619,13.2490487665678,9.85129087240673,11.7148698400995,13.8704804283985,18.6793867795399,17.5734432133871,13.2490487665678,17.9427414262902,20.0703070359408,18.6656046120888,13.2176499527026,17.307682495154,12.5748469883271,12.4965983035229,14.0134738118829,13.3340865227071,16.7529982784016,11.4452903550129,12.2295654980822,18.6656046120888,13.2176499527026,9.80323098266755,12.1679450020684,11.416117919589,11.0784533076612,14.0134738118829,11.1587415722656,13.7465166788405,12.1508004507865,13.5378948323317,15.149255136178,15.3408975870566,12.5039335590344,14.1184573219744,14.5754915831856,12.6721025450094,13.3596680701803,11.2267883257978,12.5748469883271,10.9614504009586,12.0129538768505,9.74505241930809,11.6948561601816,8.19841236701332,11.3271907846813,9.50275242483727,12.4499693778286,12.6864910163443,13.8546195062421,13.3051155866329,16.1908213180492,9.7113803590316,19.2784701602412,14.8887780804071,9.7113803590316,11.4091711700854,10.8348674846539,12.2477712361121,14.1619924899856,16.1701033937491,12.8358776063952,13.6983440301661,11.7086774603911,15.0270943792096,10.3780590526921,12.3851435654745,9.6794035324754,9.7588573568854,12.9189856723558
"FM_1d_3",1,14.2123013371608,17.7826094546735,14.8562267972414,14.5193048684193,16.3915576163143,18.6149855515863,18.5100719936921,13.277140090093,14.3781854278973,12.8432878545097,10.4488467825229,12.4660257875721,12.7774822838618,12.7774822838618,13.83781153806,12.4253029951865,11.0172921696938,12.2833262094383,11.4559212818682,13.0977886253711,15.4183900144095,15.5670014231434,14.6475483452749,15.7423946614618,17.9183628373364,18.9087354543843,16.4436021141615,18.1005011362055,18.8964740428066,12.0287579565593,17.9960878566407,12.2833262094383,16.4436021141615,18.1005011362055,12.5116414346612,13.9861342955242,12.1401953848918,10.0094297092679,12.9268183485017,16.5871551030373,19.0921325562628,18.3490531922559,14.25861462512,14.5578405306191,20.1140989517805,17.548561716807,18.4005009841103,15.1148071761934,18.3490531922559,16.8072816064476,14.25861462512,14.5578405306191,20.1140989517805,17.7755895853982,16.3250816967546,13.7391444129065,12.26247154015,15.5363615345702,13.0190687504335,13.7117208452778,15.601428953533,15.8693457992208,14.7953988135623,19.4306493222907,17.0271941264491,18.5079616691515,17.9636733807789,20.5191278669148,14.4502410473441,15.7743649162966,19.9162645457651,19.4642847395829,14.7847582372476,17.9636733807789,15.7743649162966,19.9162645457651,18.5360530662924,19.0707069858217,19.1051183531282,16.7360213756654,15.4022765694154,16.0112055827801,10.969587123742,13.5958798234507,9.83731186247993,12.4972515244955,14.5105791135623,19.1023707832072,18.0178849461165,13.5958798234507,17.9449083511827,19.9632368918877,18.9113747973339,13.1945938080041,17.3985039011885,12.325547569187,12.259183078435,14.0285446764974,13.0497241039272,16.9477715779748,11.8417292197169,12.4678354949093,18.9113747973339,13.1945938080041,8.86990329719635,12.0005701817818,11.0718255032905,11.3275202997379,14.0285446764974,10.9942364569361,13.4565095843223,12.229834342199,13.9870966542662,14.504862378215,16.400601957825,13.0726668071806,13.8647606560237,14.4476979671978,12.5620616436596,12.3487910879575,11.4202257327817,12.2622864314053,10.7524914130858,11.0749208422122,8.30604833503596,11.1572402166328,8.02637704240418,10.0440206706351,7.981625287372,11.6490622897107,10.7140794613173,14.173929157768,13.7362311789349,16.543944424684,9.80973241566374,19.2961580897514,15.3193730608378,9.80973241566374,11.7084056182466,12.0022967190109,12.1795589525291,14.5752167651892,16.3033326006414,12.6750051208793,14.2237401356298,12.2280973387767,14.7998983696312,10.4265304314348,12.0668304043916,9.08276269723256,9.19422872759441,12.9389031297796
"FM_1d_4",1,13.8589854036393,18.0000983707225,14.7852827338066,14.6379001919416,16.6363256889141,18.6543173124609,18.1742232033873,13.1104458729622,14.0927134352454,12.9290434478242,10.3020470273771,12.3465566103659,12.5511026015821,12.5511026015821,13.9896232604229,12.513371235888,11.3518264718571,12.0120215805603,11.5639293935652,13.1100929629613,15.6643942226328,15.5160986776414,14.5154900305091,15.703593552338,18.2821684986952,19.0184426708868,16.6780319400906,18.1113374026643,18.941640490477,12.8931703218436,18.0101252924655,12.0120215805603,16.6780319400906,18.1113374026643,12.7374567617913,14.1918780679411,12.612445253341,10.1031512364661,13.0786686189929,16.3377709211173,19.1646191080722,18.245280971878,14.3333624356223,14.4323494660975,19.9603054073938,17.4777093598275,18.4946952090855,15.3615383688316,18.245280971878,16.6201686922143,14.3333624356223,14.4323494660975,19.9603054073938,18.2399006089748,16.6496526452074,13.9829897462059,13.5454461211276,15.9928852774453,14.0676148911737,14.9070632100011,15.4814886806333,15.7103454892543,14.7578442025647,19.6023578164036,16.8129370827847,18.6194978614599,18.0659245705671,20.3852951299369,14.6735568811728,15.9665952204468,20.0771105515403,19.3702539828376,14.6961622868196,18.0659245705671,15.9665952204468,20.0771105515403,18.4298932294545,19.1907071017471,19.2001667465023,17.4494875988601,15.4361362102398,15.8718808038018,10.801552268461,13.5047452933745,9.68752540674672,12.5019389608823,14.3333602516212,19.0445967319626,17.8938479061476,13.5047452933745,18.1101366233247,19.7927154405459,18.8460247909557,13.3133559663117,17.5672593552672,12.6117781361927,12.4845454909024,14.429384520037,13.4162973239085,16.8233731686899,11.1265455238132,12.3632742910964,18.8460247909557,13.3133559663117,9.42339499157895,12.3231824724154,11.2706349582153,11.4937058332742,14.429384520037,11.2951524869698,13.2738742634344,12.6737309019689,13.8408976620624,14.655986812592,16.6662962874701,13.0940654400776,14.0066544606241,14.6977432635766,12.9918607060307,12.7406023264654,11.5208163564458,12.6117781361927,11.1183708189894,12.1431116267581,9.72453279629504,11.7183225736252,8.58550712429218,11.3659428602866,9.37843113312783,12.1589327519189,12.5081075164184,14.1729308763351,13.5696848176393,16.4774047676755,10.2887359916774,19.1803128724902,15.3923749457339,10.2887359916774,11.9741923341749,11.8315077944814,12.5342788942125,14.8371322372538,16.1403487801914,12.6715675207964,14.0965779588968,12.2215638167072,15.0404194982293,10.3559183018484,12.5429902708617,10.2075751714119,9.74100441715084,12.794922490954
"FM_1d_8",1,14.1449340498991,17.8823421008051,15.0884948535476,14.8051507802118,16.4105517606049,18.6672334927165,18.3019338922924,12.9578455347678,14.1363171688207,12.9386651960757,10.3178800030657,12.6000772553246,12.7809885334731,12.7809885334731,13.2783130443273,12.4163778681602,11.3285468788234,12.3043297342448,11.4814302918759,13.249911154762,15.6170336823928,15.5968666205978,14.414726650147,15.8201302585415,18.0379733424657,18.9936095246696,16.8359995827787,17.9902464727706,18.8971979117605,12.80503256567,17.9055812824768,12.3043297342448,16.8359995827787,17.9902464727706,13.5094199620292,14.260817624386,12.4567117304849,10.1051077998743,12.9976804981992,16.5034558833563,18.4650564170144,18.1414729211116,14.2614206503211,14.5499975353283,19.9841062770254,17.6594253261341,18.3414645300512,15.2587005902104,18.1414729211116,16.8737506769702,14.2614206503211,14.5499975353283,19.9841062770254,17.794653536092,16.2348548449227,14.1704483452607,12.4484600386949,15.9899858595348,13.2048933303016,11.8758667847053,15.6351084132218,15.8756589971985,14.7041812265313,19.5928101270136,16.9663821430687,18.1077280719933,18.0549713952723,20.3925991192368,14.2335319115149,15.8705254864753,19.9857254807132,19.3422248558899,14.8560102704676,18.0549713952723,15.8705254864753,19.9857254807132,18.097694605999,18.9542324373869,18.9460847281135,16.7072153507118,14.7717524018963,15.9825808225523,10.7879463870646,13.9172645334897,9.84615767965274,11.9967053528856,14.430701381624,18.5848218120531,18.0539182605601,13.9172645334897,17.7991972205457,21.3587436122146,19.1735058951512,12.8437671622132,17.4813404868328,12.4562711833867,12.2652458973881,14.5096713637174,13.2115014238253,17.0493339167327,11.6612663089353,12.420284209997,19.1735058951512,12.8571219173479,9.1389299928806,12.7057038842359,10.2974853030563,11.5593775573529,14.5096713637174,11.3366898771465,12.0605671412077,12.2016371213588,13.930410251512,14.191941002674,14.4582462651572,13.3250889728783,13.8611218435705,14.6045637481491,12.3962655853989,12.4975705934045,11.5713580193009,12.4562711833867,10.6720132801434,11.4187023054074,8.59933072128669,11.3555901025779,7.6321501085145,9.89821562766794,8.27223337571647,11.492746701262,9.65588617528659,13.9408977346589,14.01460284502,16.4367486442492,9.39619645598283,18.2023903565498,15.4153742879868,9.39619645598283,11.779778157533,12.3905750549079,12.4584516727208,13.1763378339805,15.2753099496363,13.088266767628,13.4136072707842,12.3210946326362,15.0208326361065,9.94337761678993,12.8804951077019,9.18827190301869,9.40111153923627,13.2635205188812
"FM_2d_1",1,13.9823740975209,17.3025707369785,14.1018851291796,13.753030423539,15.8805732962034,18.4714235532424,17.7499361063861,12.5722282478689,13.84977798646,12.5843083597509,9.15959713910808,11.4797130495237,11.349379506996,11.349379506996,12.6890857902809,11.8169270013372,10.6934923811739,11.8533127920206,11.2313462985304,13.1765149786052,15.733071092298,15.1889438897467,14.5181552312148,15.123828869768,18.0636426019163,18.7206309808549,16.4836455601249,18.007837591343,18.9637499225046,12.774948685968,18.3258358845014,11.8533127920206,16.4836455601249,18.007837591343,12.2847113005626,14.1843948935059,12.9045458748142,9.78107070369368,13.2966329747828,16.3660071826833,18.9284021685453,18.0379435244998,13.9010209883049,14.3716081003216,19.9007182303469,17.5383794785588,18.587050692605,15.8956751209487,18.0379435244998,16.840753340932,13.9010209883049,14.3716081003216,19.9007182303469,18.0927423037176,16.9824393823099,14.7391941774059,13.7707367747046,16.7437661077324,14.7369150991762,16.139736506065,15.6494759147736,15.7739080500521,14.3952768111479,19.614481489241,16.7728310312141,18.2997679682069,17.7691502850591,20.5249203083382,14.9491179111108,15.5610015482114,19.9191352000694,19.528239471629,14.5354432886696,17.7691502850591,15.5610015482114,19.9191352000694,18.0946502122864,19.1451108933533,19.3249497591658,17.8085970846494,15.2864646979541,15.2397471009529,9.90035081957668,13.2628167453707,10.0115821626258,11.6677096080238,14.0693958434166,18.4174447517746,17.1700602881176,13.2628167453707,18.2124856983133,19.3759042075507,18.9738091057171,13.5956261615829,17.2570296786511,13.1964526464373,12.8239857286686,14.2529492018528,13.7971806054024,17.3072454267502,10.6962969845433,12.3479217924291,18.9738091057171,13.5956261615829,10.3347790190789,12.1575840941007,11.5780820629256,11.0919357044425,14.2529492018528,11.7300579451147,13.5860784657091,12.4078701481503,13.3719410488267,15.1771418106646,17.2947390856289,12.9841548778483,14.5506906638303,14.9527431131363,13.251135204862,13.3364379119604,11.8749803161238,13.1964526464373,11.3824965883724,12.7217584081459,9.91312744903813,12.0148478148869,8.48910952914567,11.6231842464437,9.63697469671731,13.0151740930459,13.3267299679186,13.7547527633891,13.7186787736694,16.1068250453369,10.1702050384543,19.2146751515996,15.3477173272083,10.1702050384543,11.7013432701147,10.9798664937484,12.3372391449019,14.953881070584,16.1383597744748,12.6470795860027,14.0181514377418,11.9624015590726,15.0585457193108,10.7144440473295,12.2301072418025,10.1269623142497,9.66426421811812,13.0446752679613
"FM_2d_2",1,14.3197918654248,17.7465103232871,14.4526068648118,14.2982933529816,16.6057419639993,18.1629598099924,18.2730969638047,13.1988053105112,14.1763997761978,13.0206493765348,9.55606114986829,11.8508528690223,11.8998142760101,11.8998142760101,13.0114356033591,11.7048529681617,11.2959953240864,12.2124821360022,11.8996922310343,12.9438195289007,15.5452194989601,16.0148181960017,14.6139471346433,15.5361847159548,18.2175560337294,19.0689158472984,16.9217112995931,18.1816057339096,19.1251591366892,13.2789110710963,18.1681828740915,12.2124821360022,16.9217112995931,18.1816057339096,13.5882072574122,14.3023349168495,13.0684179777048,9.77210401167244,13.2959689885008,16.4877425321744,19.0996343423563,18.3524117685026,14.5325316680796,14.7044350792615,20.385513033558,17.5703159704462,18.6859644027402,15.6099800313615,18.3524117685026,16.5115817202153,14.5325316680796,14.7044350792615,20.385513033558,18.2091382961966,17.0088250720925,14.7027186717572,13.3201309267645,16.7881010681871,14.3157550387455,14.5632858959236,15.6255001707847,16.0106010066816,14.6834543894985,19.7820928862341,17.0322810260013,18.1661929704964,18.1530955262931,20.849228120784,14.7318036671373,15.7115364339548,20.0948524915104,19.7645681229117,15.0687900842098,18.1530955262931,15.7115364339548,20.0948524915104,18.1303641173054,19.5416598217623,19.3929042065126,17.8402372964069,15.0951510270147,16.0284664378036,10.7497836196844,13.8910746389607,10.016582012489,12.4953865024719,14.7200444371064,18.9324220316214,17.9973987404724,13.8910746389607,18.2624779920017,21.4533318065255,19.3240542967068,13.425274306675,17.7943865143458,12.6217853946042,13.0178592964608,14.8830995764856,13.6042780093799,17.4588390010718,12.458736891639,12.7320378996237,19.3240542967068,13.425274306675,10.07616335257,12.8917361526714,11.2819610050496,11.8682064141099,14.8830995764856,12.0032224490022,13.5739487620815,12.5486138059238,14.120777183347,15.2673972223308,15.0224702581333,13.129950508985,14.9401906284237,15.1920584333517,12.8567848285498,14.1673020615462,11.5831777077714,12.6217853946042,11.2987792800137,12.3031068019465,9.84857413682198,12.5285428189478,8.82374351482961,11.6592578475121,9.22681874727623,12.9492807369636,11.1586873410312,13.9751940083808,13.9058943116194,16.6039849722163,9.94522260995926,19.0458163087849,15.8156432353379,9.94522260995926,11.8538661467539,11.7347822742032,12.8115647075653,12.8333544494545,16.0363923081156,13.2009011486844,13.5002521726137,12.3506760709802,15.3743086805848,10.9061452366696,13.3176895881481,10.5607016855147,10.7772467856112,13.7665353787652
"FM_2d_3",1,14.0718888267221,17.614682438946,14.5189061944046,14.3277349100862,16.3136452059728,18.3547532732642,18.2211811551357,13.149521383094,14.2834867368193,13.136281491741,9.55101303948724,11.9803793117517,11.6908572655969,11.6908572655969,12.7449974178022,11.9065350292598,11.412118065598,12.2854984553799,11.7024759309618,12.8224517012183,15.4594086040481,16.0978493730916,14.7407632996897,15.351918512823,18.4133731664343,18.817112478648,16.718768645936,18.2154780475662,19.1249214761886,13.4171820330925,18.2742173201597,12.2854984553799,16.718768645936,18.2154780475662,13.5437925999778,14.4984422821732,12.82771416468,9.90087666348845,12.969902199392,16.0745596231105,18.7438580251746,18.1740114782898,14.3579213592887,14.4410436202233,20.3464484004703,17.9456802976785,18.5674149976635,15.0080401013598,18.1740114782898,16.5132771315388,14.3579213592887,14.4410436202233,20.3464484004703,18.2897915174105,16.7912056234756,14.1143900362855,13.0094297092679,16.0118663666871,14.2125839552613,13.5823712628697,15.3068060013231,16.2594435866067,14.5373806356364,19.711131297386,16.8655269447522,17.9072454324354,17.9777297381449,20.1124875505081,15.0141671078449,15.5765925230947,19.9355909612286,19.3915378195607,14.9106505982301,17.8009931839961,15.5765925230947,19.9355909612286,18.0795165223832,18.9211166154117,19.1267492085598,17.6935131185651,14.9992933222219,16.2035031927104,9.8789419499355,14.0081505804823,10.2059851535442,12.5152351885179,15.0443916177905,19.1877069686975,17.7704070132213,14.0081505804823,18.0246520500562,20.690791528437,19.3040954551628,13.2418967643837,17.8544648518168,12.7187295626382,13.2526755371004,15.0894579166826,13.6540669447759,17.4558124453189,11.8487884401751,12.5393771570726,19.3040954551628,13.5719609060149,10.3706344663545,12.8294163481576,10.7270324653028,11.5327321171435,15.0894579166826,12.3383867035877,13.4595692084391,12.1051420177198,14.2697987099654,14.3214789438801,14.8890446297114,13.7312770747415,14.9542413136612,15.4244707966486,13.5141317978379,13.5079752144607,12.6061686475492,12.7187295626382,11.7086576764736,13.0679051695393,10.3694627614321,11.9725198985906,8.97599232920352,11.6794854687099,9.74837079186386,12.9946224978464,11.9154783350448,13.2574617955852,13.8803932788083,16.3891749426832,9.97283871574775,18.0390026894472,15.6978942473416,9.97283871574775,11.8951667967268,11.7601046992807,12.6604751635377,12.6313967881211,14.9928348957791,13.2684190676919,13.9081692128672,12.6676103265313,15.276088472658,10.6933618882886,13.070233323003,10.1396725011612,10.2203610560936,13.5244172488699
"FM_2d_4",1,14.684951678564,18.435529493037,14.7386451274355,14.9455331390067,16.7334446687639,18.7768018729778,18.5786326292236,13.4315445322177,14.2034038672312,13.0397060810413,8.9337896010211,10.7669619413332,10.9979328361209,10.9979328361209,12.4300977352461,11.6181180632673,11.4859846556005,12.7202205609837,12.0651524794,13.2124597229262,16.4414959332004,15.7889018977627,14.9619820779031,16.2873069872822,18.1836226615034,19.1927310667052,17.0777745898307,18.3784642081807,19.4805295245405,14.2988779836057,18.5229809863857,12.7202205609837,17.0777745898307,18.3784642081807,13.2624787088723,15.0011920351025,13.486969276359,10.307886183551,13.6083846706377,17.1150503197855,19.2248578223904,18.5244507278569,14.6041287828334,14.9606598083908,20.4486541166573,18.1078206417917,18.7679668970777,16.0031436829415,18.5244507278569,17.4413478799607,14.6041287828334,14.9606598083908,20.4486541166573,18.6144689078924,17.3566091309781,14.9155824585144,14.5895564027261,16.8828614915996,14.6431063156719,15.8362701870806,16.264501445617,16.0192405013385,15.2216170626439,19.9084840632524,17.0568877203746,19.0099437420647,18.1572918805876,20.8423479453966,15.1140763871008,16.4529558120401,20.2287849356394,20.1426106758309,14.8172579152271,18.1572918805876,16.4529558120401,20.2287849356394,18.7014397284132,19.4727816800153,19.4559837212511,18.0250912241107,15.7964229789895,16.3322174291481,11.2040204708155,13.9858316899217,10.3582713000144,12.6416308625481,14.9031994870226,19.2478106329203,18.2640416431675,13.9858316899217,18.3084997148352,20.7974664062651,19.2527070054148,13.8471055318003,17.767179722632,13.7273858983621,13.3604445860196,14.8256421465326,14.4094968573756,17.6627700617423,11.6661862876261,13.2253129226761,19.2527070054148,13.8471055318003,10.6019391825748,12.7481102187585,11.6738169342365,11.6318176171676,14.8256421465326,11.9581023693336,14.7544974182584,12.8839010173252,14.3128104049045,14.9139342925183,17.6569294279683,13.7776509319721,14.6145282190037,15.2665044794447,13.9907170158275,13.4384435233595,12.211017726636,13.7273858983621,11.8768384992572,12.9737215363787,10.6744522067132,12.0560338531041,9.09502608115988,12.1719280871282,10.211738310918,12.9145373271694,13.4931936017148,14.6014687402048,14.1926507103632,16.9545349100366,11.1502995285876,21.0254912328473,15.9721110645456,11.1502995285876,12.3007910235391,12.3569365613871,12.9259524212685,16.6176186812432,18.0137179513883,13.1225596189157,14.5762736219133,12.6489903428102,15.8501617469662,11.1040941678964,13.1144774137311,10.9707511034078,10.3402055767199,13.5416037000593
"FM_2d_5",1,14.1217205235384,17.9718097119486,14.5901566463139,14.6514358407159,16.5586256545879,18.6840615627379,18.2693042056104,12.1248680090093,14.103545226588,13.2020544544643,10.2171166779698,12.4313256920636,12.4670007284338,12.4670007284338,13.7700824204449,12.773985696343,10.7796399130154,12.2727979127598,11.4005347296606,13.088800529186,14.9671489336389,15.5620609447217,14.4042447886417,15.4421019192145,18.0272327745409,18.8316104269842,16.6838037781957,18.1666157789183,18.9187872786398,13.0403221664211,18.6275019349172,12.2727979127598,16.6838037781957,18.1666157789183,12.672671573136,14.6635218393852,12.918586674036,9.81725879365849,13.4378563126114,15.9841542692614,19.1366003634619,18.5748138504001,14.1874845273907,14.7362806310693,20.3514961271525,17.938764250168,18.8637893696718,14.6449286326047,18.5748138504001,17.0990406684325,14.1874845273907,14.7362806310693,20.3514961271525,18.3046335996573,17.024952454148,13.7576196160508,13.5380998675035,15.9512310803986,13.5808263566224,15.0342569314663,15.3177322267156,15.6683300437702,14.863389838646,19.484947505613,17.1704028047714,18.4923963674805,18.0154781784423,20.5634218339843,15.0157454552023,15.7516838985477,20.1741777819023,20.091128169586,14.7188295677886,18.0154781784423,15.7516838985477,20.1741777819023,18.412430037189,19.5403298002019,19.4717926577751,17.9672096329488,15.6051131215586,15.8447215654068,10.3221259301638,13.4349707366519,10.3910134344642,12.2645810477271,14.3728135276907,19.0635685476699,17.5929729571204,13.4349707366519,18.3617926803716,19.9187817294091,19.4610098684824,14.1344095551813,17.8592525843125,13.1318153653459,13.4903416704347,14.6548706774245,14.2348399379759,17.6943351425701,11.6864220876042,12.5744887812515,19.4610098684824,14.1344095551813,10.4965650252093,12.3861189091125,12.2253913331534,11.4124149183318,14.6548706774245,11.9810775391741,14.2445129331131,12.0612418031104,14.208440971613,14.4590777287499,16.8420309883694,13.6763263219909,14.9506171205293,15.3609026616242,13.6866607059373,13.3281193747216,12.9203341356299,13.0295226393371,11.866340468543,13.2324415683776,10.4359750202484,11.5005638927309,8.99989500077082,11.9999962163767,10.2086622888861,12.7329575828626,13.5054620769133,14.1606833089368,14.1698318984966,16.7702855137598,10.3407617917754,19.7409342368832,15.9082428918164,10.3407617917754,12.0826041917608,12.3587694970533,12.3936369907068,15.3990592208811,16.6507620878227,13.1766577133457,14.7435895481952,12.4645762857556,15.4758023151369,10.8150828411883,13.5282533048915,10.3890303519736,10.4720422707181,12.9226235075474
"FM_4d_1",1,16.024217646753,17.831641447236,14.7942101914274,14.8989863984241,16.6058691008719,18.8541535904418,18.6852333236022,13.0213249991153,14.3482798408182,12.9995127768788,11.1170777259085,13.33868280055,13.7682792434551,13.7682792434551,14.4615596314199,12.3857765805457,11.7258740067898,12.7009723955839,11.9010402366627,13.7477683819653,16.2268387339854,16.4108880025683,14.7458691911238,16.6242643506235,18.6285089517781,19.3864374741461,17.2726272223353,18.2875431629127,19.2726218123002,12.0749726008323,18.5819162258288,12.7009723955839,17.2726272223353,18.2875431629127,12.2522037187972,15.0413506751188,13.3147059008409,9.55893563869465,12.8709779646185,16.3703014822406,19.2920591288354,18.3583358311926,14.3667412157027,14.5578788506616,20.5535159836805,17.9209244189007,18.5633989069731,15.6948956831071,18.3583358311926,16.8557097964241,14.3667412157027,14.5578788506616,20.5535159836805,18.3712810581297,16.9046728380934,14.0691296357855,12.8165638848748,16.5163148900425,14.4208486824124,15.3926409104443,15.7731034810584,15.9663080294749,15.1600200375819,19.6545205471582,16.829994035453,18.7923095345247,18.1141243763488,20.7053427782328,14.5848659578963,16.1650929963089,20.2319160773507,19.3913631768267,15.0530425749139,18.1141243763488,16.1650929963089,20.2319160773507,18.6805465681454,18.7417767919352,19.0229561383084,17.3717932584153,15.0528476111507,16.764952862308,11.5375673789469,14.2471969634477,10.4134060957071,16.3394763997036,18.1188460460862,19.8245966691529,18.6752805292426,14.2471969634477,17.8868251035888,21.2501416741749,19.3333950587455,13.9020395090878,18.1990435422076,13.4943230059843,13.4866884805878,14.5056869148141,14.2033866899511,17.3889154307652,12.9777201319191,13.1933839841291,19.3333950587455,13.9020395090878,10.3968920421995,13.0107749634849,11.585920126192,14.346890657213,14.5056869148141,12.1256661830897,14.3648349173912,13.2217495052315,14.7185192888655,15.8122274539421,16.6974939573417,13.5653632558379,14.7046793901214,15.1992227144683,13.7556027726506,13.5475414257376,12.0149979426416,13.2546633326458,12.0101155579814,12.4853544452275,10.4722153500153,12.5827091450057,9.84707675441768,12.3486101123278,10.2062278675269,12.7161715901829,12.9714648810486,14.9116037434876,13.9880369549339,16.8047927602102,10.4689964735812,19.5775256393143,15.8773057609337,10.4689964735812,11.6830520004745,11.8430781013133,12.9570992067871,14.2153056233679,16.5194561724889,12.8613723467651,14.0088696851327,12.8738043612862,15.5493486146778,10.8726487687569,12.9794509269094,9.92383650109979,9.87167591902285,13.2113213933273
"FM_4d_2",1,15.8956817766076,18.4832118092037,15.4238113330455,14.9755520304897,16.9577725751426,18.9279829875604,18.7903836984811,14.1240592931824,14.6069136851581,13.2185818595611,11.4536156532469,14.1314781640076,13.9030308242566,13.9030308242566,15.0165983340515,14.1755423935229,12.1015079976448,12.4337704532716,12.1518392362687,13.1318282364611,16.485968446271,16.3514335809199,14.6298023858273,16.0192929389929,18.6108100484498,19.6022463436461,17.3205238957266,18.0029291566141,19.477763576911,13.0952205798124,18.261719199805,12.4337704532716,17.3205238957266,18.0029291566141,13.5739417145059,14.9114238080334,13.1783862994755,10.182194283156,12.9216991341335,16.7075045842184,18.93203700848,18.3767565447679,14.8571420452292,14.7616533849374,20.3915708576999,18.31824779145,18.9317850475065,15.7670074204222,18.3767565447679,16.132466782126,14.8571420452292,14.7616533849374,20.3915708576999,18.5091994511564,16.838763349157,13.9278425102828,13.0315597019324,16.175613201699,14.6405402989039,14.0395558253713,15.973393366788,16.2275892108374,14.961371617337,19.6838312931105,16.6589380814036,18.3732943811351,17.977950751002,20.8896190756828,14.3909270021204,16.3609404262805,20.292129780668,19.6187413758024,15.2374013785675,17.977950751002,16.3609404262805,20.292129780668,18.4609505200322,19.3378350150204,19.2234554229209,17.588374039356,15.0744720808167,16.6905518873988,11.3350897637321,14.5084869404761,10.3429686456269,16.1583691536617,18.0663689354697,20.1042605694838,18.4382899526214,14.5084869404761,18.0467010524217,21.7713981875096,19.4765048200362,14.063629601557,18.1777063349577,13.2789816610275,13.3094240333034,15.9538307288164,14.2182256089607,17.4949676170055,13.2410074512613,13.1954437011294,19.4765048200362,14.063629601557,10.7645710586967,13.4754292872053,11.4549425864298,14.5527532809092,15.9538307288164,12.5879635701145,12.7423408950123,13.2388899813629,14.5898820941441,15.4830585013135,15.9120413281894,13.8401503584012,15.1666789060426,15.6153716780765,13.9576685304596,13.6969198908122,12.4478799176193,13.2789816610275,12.3487918982451,12.9977294190335,10.5892725912751,12.3964532243551,9.52939266254262,12.4608669282846,10.4289785985814,12.9373327781106,12.0619380622845,14.2877363303425,14.1963918594427,16.9347264162786,10.546823472532,18.2627422063851,16.2179815043409,10.546823472532,11.7550773585171,11.8386644939146,13.0049907215027,14.2136950397292,15.259182934733,13.4859063088207,14.0337661068218,13.0395248687512,15.9338825987372,11.4389924368185,13.0162567328464,9.97887931607444,10.5387619167231,14.0904597512489
"FM_4d_5",1,14.9668336080171,18.1151455967585,14.9203423142067,14.8670437812287,16.3337361241309,18.5693751645046,18.2724667634634,13.0746334419612,13.841688051469,12.5018717992573,10.8908629090455,13.7074297008436,13.641813847362,13.641813847362,14.4704389366939,13.0587589033937,10.9304237875781,11.8585129283472,11.1613622690694,13.3895658297546,14.9902735703817,15.788291383888,14.3952531423283,15.5152993243816,18.2810251448833,18.7036704302682,16.5971150619756,18.0527620575089,18.7704214311504,12.6714467998464,18.148022503197,11.8585129283472,16.5971150619756,18.0527620575089,12.7055390564638,14.2518137891943,12.7635919975574,9.86194315356155,12.8891385139227,15.9484550166573,19.1498047882528,18.2297134932135,14.3686728374531,14.6207827313693,20.3955575381915,17.705751652297,18.4966279242332,14.7581731871646,18.2297134932135,16.8594979146084,14.3686728374531,14.6207827313693,20.3955575381915,18.19207755257,16.8412386749935,13.4866001069759,13.0225688017662,15.7083950929369,13.0468948507523,14.5403875087698,15.0926482774644,15.7880714878254,14.408046433355,19.9872213285666,16.9926321414764,18.6301660108756,18.2035347065837,20.3681419392108,14.4181097055917,16.0734559729918,20.0216438861009,19.3441756060631,14.5762859640659,18.2035347065837,16.0734559729918,20.0216438861009,18.4656479811477,18.8757075492367,19.2141143855387,17.6476917207136,15.631699184686,15.5187092169424,10.2506167692624,13.4007322360473,9.85928965195922,11.7988352484236,13.8909258840891,18.9489346655128,17.4541202852272,13.4007322360473,18.0873061464296,20.0134577957051,18.7505179849751,13.1423738474307,17.3772752792398,12.7097389747873,12.7858298833864,13.9536642422069,13.5233301945591,17.1252338804723,10.8078301055641,12.1617331472084,18.7505179849751,13.1423738474307,9.83093893115337,12.7578658659909,11.7908457161318,10.5415878674366,13.9536642422069,11.2045621894637,13.9817392012353,12.0714594164716,13.4567864158876,14.0013540716958,15.0129814887314,13.436937316596,14.2609158019009,14.8274868224723,13.0280987940298,12.1740570574472,11.9277655764531,12.7097389747873,11.2953698641575,12.1985550499492,9.73799780865127,11.4226279009386,8.5420678495141,11.3187230459586,9.20224506270905,12.0689051898347,12.3425962561752,14.1544204158716,13.6208745518903,16.2274599474336,9.99225412653817,19.1970413222607,15.3794606023895,9.99225412653817,11.7873378601958,11.4736387469124,12.4111032390827,14.4793475698051,16.2114994929243,12.971387256422,13.8943219981218,12.0442228353171,15.2584932877468,10.7309733991896,12.2934994332928,10.1973452448536,9.54166100324841,12.6975737060895
"FM_4d_6",1,15.9835765175183,18.7189013540455,15.5296064153528,14.9097543124831,16.958696339895,18.8556089591996,18.8004164042152,14.0270444186093,14.4010051307889,13.3895281505951,10.7517109659787,13.3344949407273,13.1895584088489,13.1895584088489,14.366932067142,13.0503450616348,11.7746651242461,12.6173184757415,12.0687881165125,13.7941672478809,16.2995819945052,16.2218988941372,15.1310224716318,15.9909337117842,18.7383237208392,19.3570494928685,17.3851733265644,18.4634159840766,19.334493031226,12.76504232659,18.5250601487499,12.6173184757415,17.3851733265644,18.4634159840766,13.1427924775725,14.655627564157,12.9174186104378,10.1943581470705,13.3065854735943,16.6874218195229,19.5263850913096,18.596836372639,14.9694271886188,14.9022683770622,20.6431568626765,18.1285900454605,18.9236175575124,15.4436709057981,18.596836372639,16.8878102875611,14.9694271886188,14.9022683770622,20.6431568626765,18.3768854181008,17.2471104550457,13.5552781398209,13.1069992764141,15.7935549897749,6.89806613072631,13.3931772762952,15.8105042680619,16.1391171003818,14.5898918066188,20.0026225860366,17.3150474036447,18.6374110392536,18.2921764117912,21.0767472711845,14.8332939297774,16.457580022705,20.3268225269836,20.109319764463,14.8274079323621,18.2921764117912,16.457580022705,20.3268225269836,18.2798385287453,19.321444949126,19.4752314789562,17.8658077335469,15.6371270888085,16.5096899664263,10.9109134116642,14.6115642873733,10.4974691178951,13.3806616822219,17.7737494254045,19.5699733193171,18.1495646416392,14.6115642873733,18.3021268164543,21.5351711782584,19.5371302242138,14.1177875013843,18.0752088382084,13.3137289224216,13.1624570996664,15.4169327924763,14.062376738978,17.6602810365696,12.4177482353205,12.9975757606947,19.5371302242138,14.1177875013843,10.3437585361641,13.514397550656,12.270615141431,14.7831423282587,15.4169327924763,12.5344961988762,14.7030408188196,12.5892227499128,14.4465992203454,15.5653455897825,15.8654062123664,14.2361513060394,15.1934224880032,15.7108096911045,13.5932128357845,13.112158212066,12.9027199328149,13.3137289224216,12.1099995827128,13.0609491915918,10.105227398898,12.1950738781156,9.09212836134018,12.1056260972797,9.97794786958238,12.6732564464362,12.0558705635143,14.7446831712268,14.473528761601,16.7281671539393,10.3290412065486,19.5944371460498,16.1049007166229,10.3290412065486,12.325277727413,12.6571721016419,13.2743913774504,14.2522871789221,16.5912631228022,13.3286839656165,13.4330424916132,13.1086402637516,15.9473575421071,11.2259434693859,12.7676170049968,10.7222996399028,9.6873612656082,13.5659590098622
"FM_4d_7",1,15.5797689186696,18.7149639314167,15.9024128387557,14.8480740673742,17.0257475384002,19.1347018970156,19.1153497858773,13.9434381619225,14.8563106819436,12.8581153488348,12.1388437715742,14.5739339736865,14.6542851856463,14.6542851856463,15.7954724382506,14.8918157734625,11.3422119677501,12.0753288195745,11.721295630055,13.4679207977311,15.8561154501029,15.7076239051092,14.9331115178079,15.7765583323469,18.4650610268956,19.4680994696568,16.8013044821155,18.3648795238901,19.5317102018278,13.4098334747146,18.3234035016889,12.0753288195745,16.8013044821155,18.3648795238901,13.1945040870464,14.5370798522548,13.0139167420862,9.94134631785162,13.2461357541098,16.1229202325558,19.0564146249017,18.407452681108,14.7716330304835,14.8638357712376,20.6049221424628,18.0523245935174,18.9282842353677,15.2232833602761,18.407452681108,16.2029806491177,14.7716330304835,14.8638357712376,20.6049221424628,18.6303703430427,17.1030453963245,13.6303344564537,13.2256843417199,15.6069731947638,13.8201700984326,13.8923297269832,14.8693719705833,15.6927857492775,14.9442604119043,20.158300268027,17.3003274214556,18.8733734226137,18.2745966925516,20.8044943259133,14.8572806541447,16.8116216383122,20.4275193783911,20.1639998579636,15.2164713072956,18.2745966925516,16.8116216383122,20.4275193783911,18.4820640653611,19.4587327620614,19.733006733441,18.1267366070898,15.5981345311129,16.111870337333,10.7327013518889,14.14177490322,10.3942334452448,16.6816733663696,18.3026339040097,19.3365410187099,18.000282367878,14.14177490322,18.6500467024259,22.0366471874866,19.2802407848471,13.4436000908284,17.9410175974178,12.6303704541453,13.2660174258569,15.3652965412866,13.7007855470287,17.5411943591282,12.7996750981362,12.4177398668806,19.2802407848471,13.4436000908284,10.1107873885216,13.3616605778141,11.2099697045826,14.7721528535734,15.3652965412866,12.2951203891747,13.7940195638962,13.111640823896,14.6412129969613,15.4064397567051,15.1178960692494,13.5701989824219,14.9114454782782,15.5196434507912,13.4612830897479,13.7339053246963,11.9991088546973,12.6303704541453,11.8803702962474,12.6760195744017,10.1029507580946,12.306868427074,9.16302186843494,12.1233205455345,10.3951770333264,12.810302541449,12.0338566582206,14.2787595320485,14.0500611951936,16.9470833551867,9.99136172911413,19.4845477034574,15.8186339564711,9.99136172911413,11.8312649071311,11.8513355805531,12.951329186563,13.1103931411073,16.2806205589679,13.2074868499452,13.2443072115926,12.6009670757997,15.7027607271779,10.9044257914463,13.4726294906013,9.05075157936315,10.7553247559276,13.5478033308551
"FM_7d_1",1,13.8778542023403,17.9156245798846,14.9995343678304,14.413412164942,16.245075650083,18.348981222969,18.2584789106046,13.2650222157614,14.2212547744794,12.6955328939288,11.0563418526565,13.1960484023316,13.5677743850375,13.5677743850375,14.3202040742057,13.187015823571,11.380493697299,12.0827700049542,11.5563044376335,12.8550887894921,15.2642152139729,15.8802337947129,14.6974232190582,15.7772286224536,18.3469416365077,19.0318923161634,16.6196605055675,17.7072200909853,18.8148607343083,12.5117089874183,17.8722236857471,12.0827700049542,16.6196605055675,17.7072200909853,13.5078757986077,14.4327933006917,12.9987034422973,9.52759273781903,12.8163028415062,16.0502065404604,19.1498078886578,18.2149522671356,14.4938863475849,14.5378444870626,19.8592004415094,17.8512385363771,18.5006228493752,14.4640548514657,18.2149522671356,16.5414062524646,14.4938863475849,14.5378444870626,19.8592004415094,17.9925429413002,16.6720481448294,12.78875675985,12.7988659928949,15.0084741022492,11.7684369562153,12.1254450028575,15.2389899538869,15.5958112060001,14.922309822454,19.8272295899245,16.9632619435189,18.3925370197207,18.1322301655753,20.6426137475758,14.2163086241877,16.0677154860502,19.9433681368198,19.3280504636154,14.6175580398344,18.1322301655753,16.0677154860502,19.9433681368198,18.1955495834381,19.1225428733855,19.1707123906381,17.4985534278587,14.6477237751414,16.0594723702728,10.8486251370304,14.020595631802,10.0102444918748,11.8898806434532,15.5503013925593,19.0967026095954,18.1279519846509,14.020595631802,18.0190470255422,21.3732942483614,19.1263900235251,13.4997085680795,17.8351805245235,12.6235329103501,12.5807861115618,15.0010394325721,13.112931640598,17.2542667135475,11.1912567035952,12.8050576661537,19.1263900235251,13.4997085680795,10.1607133105245,12.7598001254173,11.2600468997914,12.0282576681097,15.0010394325721,11.461720610719,13.3509838152263,12.1123792112317,13.8101755284549,14.2109361536057,15.1853860327088,13.658267061025,15.0144651056801,15.2500232374963,12.9805060496174,12.3967070730402,11.7844687093309,12.6235329103501,11.5894849693385,12.0554032579522,9.75831990942676,11.2448202267139,8.64485493936153,11.3479003066997,9.58087476419354,12.0988789631394,11.3446854653433,14.1942775806771,13.7298102207439,16.4573927783636,10.0255954839087,18.1977488258905,15.3092610919403,10.0255954839087,11.7670331912696,11.6853463726284,12.5058300853452,12.7056525291698,15.1919991169989,12.9924318655417,12.9710175831014,12.2344454325004,15.5967795138573,11.2301433117188,11.875849821669,9.85707302061746,8.6773870581591,13.404986644063
"FM_7d_2",1,14.9254199741224,17.8967658693307,14.6722575311003,14.3563072865959,16.064745066843,18.5058929450745,17.9682989711948,12.8225192903143,13.9381560009596,12.9270267666915,9.28885157420954,10.8805485416404,11.0681317397047,11.0681317397047,12.0682997166251,11.2120611276272,11.3497282864865,12.431407952309,12.084593504343,13.1471696714046,15.3751130297558,15.395140938994,14.7141881758728,15.8124705315767,18.0686298720638,18.8843924568401,16.512361432472,18.1655743957155,18.9654559778323,13.254173994778,18.024606400741,12.431407952309,16.512361432472,18.1655743957155,12.8310519483671,14.8162704153133,12.7890495093454,9.68467629144057,13.419249777391,16.2269787801427,18.9939393457289,18.2822643854716,14.2334028869113,14.5314696319326,20.3428156873753,17.8192646138574,18.3298356101316,14.9133009625784,18.2822643854716,16.925753534827,14.2334028869113,14.5314696319326,20.3428156873753,18.171939842005,16.8770240174483,13.523537429627,13.8019266796229,15.8799237453015,13.9224678077647,14.4500801667554,15.2370633163631,15.8074867038871,14.6772854290963,19.7452246959024,16.8299177010998,18.5158166389094,17.8216366872938,20.6294746891553,14.5379173390603,16.0523177933713,19.8780820732358,19.6111798425518,14.6406334078107,17.8216366872938,16.0523177933713,19.8780820732358,18.5436442988841,18.959575473632,19.2044615935543,17.4458378064304,15.3200110726578,16.048155569111,10.794672869205,13.7380597799084,10.0455958712335,11.7346633182005,13.9921626550344,19.344346572586,17.8498360055378,13.7380597799084,18.0493944126308,19.6881065319777,19.1844371189371,13.6597560882942,18.0007539468848,12.8819912569689,12.8456430864496,14.2895908862327,13.574866039404,17.3224471139493,10.0397089253741,12.5607599840767,19.1844371189371,13.6597560882942,9.89647561341435,12.3994912492353,11.7755152403891,11.3076032906725,14.2895908862327,11.4467594801012,13.2780164910472,11.9250198530702,13.1632567139677,14.1451108933533,18.1409947964344,13.8409414452596,14.3001464086404,15.1683224564003,13.2686984707907,11.9679721154031,12.5567380431272,12.8819912569689,12.1564619490821,12.6388246520235,10.12595242163,11.584800483967,8.91768665782502,11.8660524235504,9.74112243990248,12.0887360030553,12.4044607585998,13.9714753183917,13.680720606257,16.4819123594732,10.2406936677263,19.2328669163251,15.2656539590253,10.2406936677263,11.6881550997315,10.9668284165332,12.2566649477979,14.7178535682101,16.2238198097763,12.8924186725835,13.9871655431377,12.3433466324535,15.1894021642031,10.4565609694787,11.4164247750604,9.93531524816463,8.71877993182493,13.2396898589612
"FM_7d_3",1,16.8824683277286,19.7484130729631,16.5118223724359,15.7926947905507,18.0041529015108,19.8925687558502,19.771568354251,15.2601778716066,15.3490064733903,14.5112078154079,10.0184705175074,12.8279282948643,12.5253469584638,12.5253469584638,14.0419110976001,12.3257298142195,12.4169298296674,13.1063362555867,12.7159410495283,14.4665817327093,17.0789246054772,16.7882673841809,15.7347263630031,16.466928311973,18.6993824577581,19.9378762889645,17.7961637126728,19.0297137045993,20.0211670544872,12.7758125974413,19.4223059348849,13.1063362555867,17.7961637126728,19.0297137045993,13.1767849149239,15.3957643547488,14.0704926120605,11.1660606929061,13.9893806396515,17.7367850698818,20.2225918091568,19.4659051343749,15.5036771524951,15.5882368860657,21.0746367081948,19.1984546338077,19.7087830051113,15.9766721453016,19.4659051343749,17.8980576403117,15.5036771524951,15.5882368860657,21.0746367081948,18.8939956196722,17.9630586951981,14.123160907402,14.3808458668145,16.2598494143233,13.7052025902112,15.0685332770248,16.8069394504303,16.2669134717085,15.4112528767979,20.4824644331867,17.7515199509901,19.4947077810131,18.6621007130409,21.4879965132608,15.5726360483165,16.9179298058343,20.7606645249671,20.6424701970964,14.9796322561016,18.6621007130409,16.9179298058343,20.7606645249671,19.6387088921716,19.6926627474129,20.0201264247663,18.6127217312973,16.1393880352604,17.449944323244,12.1401744731808,14.9181367816201,11.7147240807429,14.3549713529265,17.8830085623825,20.3365365241175,18.9558326568763,14.9181367816201,18.8857483118922,22.6515949240118,20.2208068038854,15.5390397424206,19.0998628850295,15.1926401764285,14.7239353420082,16.7570681729681,15.9480349367633,18.6694637169835,12.3625689901608,14.2023030624167,20.2208068038854,15.5390397424206,12.112848145554,13.9139274467011,13.1569513270539,14.8722225582886,16.7570681729681,13.5241497477756,16.7373978593891,13.4808998806975,15.2640962085177,15.9916015951663,17.1962362030423,15.3010709279643,16.5546346349284,16.4686169587204,15.4725558687877,14.1412932920664,14.1317032876122,15.1926401764285,14.2054399418331,15.2376671621006,12.3533351757546,13.0952608287423,11.2091458836628,14.7052501669798,12.5361415456776,13.9674235556623,15.7919402673807,15.0257012479518,15.0126109000603,17.4782309449473,11.5322088223404,21.7341709572173,17.0811020728702,11.5322088223404,12.9393178050254,13.4288297661627,13.6928793768853,16.3755663396873,18.5954474676341,14.1141312091251,14.7737656206036,13.7666475910967,16.8081668447623,12.5181486262873,12.8796306415567,11.5300649119538,10.7210699758133,14.2567157623203
"FM_7d_4",1,16.3276189751272,19.2781503801334,16.0223644262892,15.4773890793148,17.5148417675277,19.4415093572938,19.399621627791,14.4135148215366,14.9147477094254,13.8296529666524,10.6020153274539,13.4877211913119,13.4256154580979,13.4256154580979,14.8162585971521,13.5079147433469,11.7876695531111,12.5990911765549,12.2466298549678,14.1912408873892,16.492957887227,16.3429804422653,15.4258259482346,16.004066983315,18.6600565174853,19.5644057227429,17.2866683021479,18.9012952301421,19.7964644691591,12.7310105979587,19.0909545946892,12.5990911765549,17.2866683021479,18.9012952301421,13.1242713764553,14.9737091011017,13.1546225207447,10.5551887195296,13.7749319009876,17.3951028820352,20.0340076765738,19.2923870757908,15.2282372628173,15.1661425439695,21.0841123736992,18.7523287824328,19.341322950937,15.5550774045907,19.2923870757908,17.6790516799704,15.2282372628173,15.1661425439695,21.0841123736992,18.8624452503081,17.4499191423186,14.2193406313559,13.7808215763935,15.7036788781426,7.49763052516664,13.8319689069648,16.3539583469104,16.1248725829753,14.9877331871335,20.119672726548,17.3309596744545,18.9795681524259,18.359375176982,21.1250771348354,15.0175023622051,16.6672224461025,20.9385680195558,20.1146540588749,15.3852752470617,18.359375176982,16.6672224461025,20.9385680195558,19.2496181076585,19.7630501295652,19.6859154404611,17.9274004690502,15.7003635145848,16.6626469726961,11.1888853504639,14.5035993967584,10.6350911379394,13.6408563717707,17.4554880185516,20.1169786117571,18.3701877205539,14.5035993967584,18.5057794564428,22.0390791871415,19.7949602575998,14.0854003275536,18.4255192933206,13.8963477418656,13.3518493815776,15.4904028826192,14.4590293107634,18.0804851076709,12.3537287605191,13.1980170675801,19.7949602575998,14.0854003275536,10.765471151847,13.8870820638053,12.0783212059093,13.8559750188471,15.4904028826192,12.6101805949847,15.7447354135625,12.8351422538138,14.2158982082167,15.3910754684477,16.1262546757921,14.7658652591558,15.7582090810994,16.0631893303623,14.4034799274712,13.6379478271037,13.4443058090189,13.8963477418656,13.0081382674387,14.0039206876676,11.0470921187062,12.186421983916,10.3057457414521,13.0338674097717,11.5404915675664,12.7258829495564,13.0418913845823,15.1664579490218,14.9842966716083,17.5061458097254,10.7956798157287,20.3791024082032,16.6420095933716,10.7956798157287,12.4295621545753,12.9649180025518,13.9502695893958,15.4042949506119,17.3294246389071,14.3186928472688,14.150382898568,13.3112939039846,16.387060979029,11.7345863171224,12.9817503482862,11.4314993895888,10.2832932821604,14.1654932791302
"FM_7d_6",1,15.8891117700813,19.4010486328651,15.5539578081392,15.2375937920663,17.4544367359016,19.2873973191626,19.1235594170854,14.2759156143241,14.8165054887014,13.7295048878224,10.6516113459271,12.9297520650157,13.226066840154,13.226066840154,14.7509876314185,13.0153531147042,11.4546059162744,12.2749611828355,11.9666437987397,13.8625964033086,15.8898401768778,16.050245739648,15.6793375935155,16.1325082017218,18.5373335905213,19.5857568418478,17.0985493943586,18.5360977810835,19.3691892932115,12.5109650089273,18.9160964010565,12.2749611828355,17.0985493943586,18.5360977810835,12.4768956118333,14.6730181893478,13.2152746618578,10.3607369943423,13.5387986159835,16.9859194824732,19.6776807205392,19.202608718226,14.8499500329457,15.1149345497957,20.8457428044162,18.5490840514121,19.0615996151794,15.1296862844635,19.202608718226,17.3532929034269,14.8499500329457,15.1149345497957,20.8457428044162,18.6706258886911,17.1158253741281,13.6576892693558,13.2637079046468,15.7284693447153,13.5788448521276,14.8552677140497,16.0036318259704,16.0148733479205,14.7922587882412,19.9198154282807,17.4532784220314,18.996111913166,18.0667836073299,20.7179963978638,14.792076245755,16.34184372531,20.5840215634994,19.4574611660706,14.6464012680231,18.0667836073299,16.34184372531,20.5840215634994,18.9048209171801,18.9639111935627,19.6034742211852,17.8461029566321,15.4133317132222,16.5122404931263,11.2727822539292,14.2588806977788,10.416160452803,14.9253756022019,16.7300224844606,19.7320582973814,18.3144183951237,14.2588806977788,18.4735754568397,21.1055452154987,19.4639087213208,14.0154591218109,18.1713729036125,13.8894220795765,13.188560172805,15.075091132506,14.9827069320344,17.4118636825767,12.2689515572913,13.0206237759812,19.4639087213208,14.0154591218109,10.8997593386129,13.3349041976391,12.3733505432879,13.6663444029917,15.075091132506,12.7329811753492,15.2350341546538,13.0050733285096,14.2737192068881,15.4148723004848,17.4669023058621,14.5113744496881,15.2234996137813,15.4168481567997,14.956943994345,13.7662361032048,13.0999445674131,11.4187657332673,13.1996485338174,14.2103104584419,11.8900284853057,12.6572068906119,10.7743387733309,13.7478069937134,11.9156276796771,13.5457761503748,14.8602736345619,14.7729718419722,14.3652555526033,16.9996485966514,10.38782841447,20.5398407220227,15.9122606647705,10.38782841447,12.4259457756158,13.8568791263932,13.9600311066613,16.5585666858525,17.4948824340346,13.8564273334218,14.2314240887999,12.5255313231006,16.0926498903163,11.5793357354575,13.7740451351744,11.0494716907885,10.7864541027924,13.379818707665
"Mock_1d_1",0,14.6368690744666,17.878113045926,14.7145413106041,14.3877821458783,16.4964637227608,18.5680769576134,18.2178935219265,13.1118315040612,14.3865202290154,12.9182592783653,10.3411421221229,11.9917305510162,13.2246299976225,13.2246299976225,14.0554585349876,12.841145077274,11.1871079752454,12.615415684771,11.5318718679578,12.7586278454686,15.2273646082523,15.3525773169419,14.3216608778955,16.3019825791315,18.0917807857637,19.0401125964415,16.599840784976,18.1525745130121,18.943264658,12.3941808383682,17.9483199947667,12.615415684771,16.599840784976,18.1525745130121,13.6140353460027,14.8355118081084,12.9621041743373,9.3104750762981,12.660098964392,16.0561885227526,18.8904239550722,18.2149673809977,14.0642906612068,14.3243761503423,20.1073642789935,17.3604664215791,18.4546280036423,15.4519068310672,18.2149673809977,17.1821231909096,14.0642906612068,14.3243761503423,20.1073642789935,18.1627740795455,16.7458727805344,14.5650423275121,13.1950795869085,16.3211396485945,13.4134511623956,15.0919739474311,15.3276293904689,15.7501369428795,15.2479131754503,19.78624300145,17.3046271943557,18.7201331803367,18.065309955117,20.3221458772779,14.747085694915,15.9743815031097,19.9391307091263,19.6980387486044,14.2305145155304,18.065309955117,15.9743815031097,19.9391307091263,18.3874339008265,18.9956445067063,19.38550197459,17.439311334984,15.5205541812887,15.7791029378303,11.0926832759453,13.3692621254991,9.53290246506618,11.7241218192787,14.0422620444672,18.9972506470168,18.0304061462326,13.3692621254991,18.2649195939671,19.4726815441618,18.6001153774341,13.2236215735328,17.3626152718957,12.5168777560951,12.9983933036505,14.0721061015012,12.8946054719604,16.7301044988607,11.6264386242307,12.4637931283752,18.6001153774341,13.2236215735328,9.51516154307148,11.8366460010559,11.1341843833861,11.1311556454195,14.0721061015012,10.8204562509415,12.7977525462497,12.0309849751552,13.2755861745011,14.608268924266,16.6086492955829,12.7248631169549,13.964030922797,14.7476125930375,12.4619360126355,12.6263491625953,11.197102231918,12.5168777560951,10.7480370040927,11.4759702451661,9.21341234255485,11.8130625803579,8.53113345695216,10.5781159322731,8.91295647212757,12.3621547961736,11.8404712825151,14.27564357262,13.7941521727069,16.4648697667479,10.1403494043506,19.3383431747951,15.0151696682749,10.1403494043506,11.4664161915094,10.8636700040004,12.4291939632055,15.0288845608756,16.2600224848708,12.7666018984799,14.0949776134244,11.7072678088716,15.0380289563509,10.4457146953248,12.1207703819744,10.0532762977599,9.43328781853872,12.6649431943046
"Mock_1d_2",0,14.598042728851,17.9608459003369,15.0286952403197,14.383685178587,16.0994048002832,18.1911105853792,18.1249959168668,12.8033944796707,14.0993312748899,12.7767590103986,9.99362774927277,12.3585752823739,12.8272572150602,12.8272572150602,13.6772606928972,13.0141991242779,10.7831805044786,12.1690067040772,11.4860066361428,12.7079127408621,15.187822026709,14.9301066493026,14.3123192093331,15.9961332964072,17.7690195967405,18.6808729528447,16.4452458930901,18.0470456757676,18.6229833608065,12.4172492627219,17.8751938271026,12.1690067040772,16.4452458930901,18.0470456757676,13.1046248259611,14.5597463029087,12.9291016168521,9.80025079165094,12.90694324427,16.1888443112,18.8260917503008,18.1380692670001,13.8462007295213,14.4256950997053,20.2210560378943,17.4306243127272,18.2256518371781,15.1831911761063,18.1380692670001,16.8467148370007,13.8462007295213,14.4256950997053,20.2210560378943,18.0451117234812,16.3671900965533,14.4896197828918,13.4096675062886,16.5562378884703,14.0641941041864,15.4529639786814,15.3319484222402,15.2378704782449,14.5322487806477,19.6146493049519,16.9228734449611,18.3149207666911,17.9254417068101,20.4401384418576,13.9265882755818,15.7714405043825,19.9658004867127,19.7043766073737,14.4807491615281,17.9254417068101,15.7714405043825,19.9658004867127,18.1804295840379,18.7857143647061,19.2025786786418,17.5162351669939,15.1823899582199,15.8532639564115,10.6844218272423,13.3593715573348,9.95458132261562,11.6639474051406,14.127349383607,18.7637231784454,17.6668060787053,13.3593715573348,18.0123299119917,19.537479342441,18.9433642911537,13.3617521273777,17.6137048346729,12.6662481703437,12.5906971431631,14.2809034129795,13.0012602542109,16.7386315221933,11.0597116542713,12.3185619789744,18.9433642911537,13.3617521273777,9.43220837378944,12.4360451934992,11.3196112114268,11.1274811650555,14.2809034129795,10.8582781505432,13.4423974761115,12.2023531376081,13.4910036035918,14.8015323366054,17.0520046202073,12.756957350206,14.0607707930846,14.5533330514788,12.3551103027204,12.9550094370844,11.3286595894966,12.6662481703437,10.9029446459739,11.6561904670481,9.32176133087116,11.6936734776585,8.54076835107952,10.7648806998574,9.31569437816647,12.3597559935586,11.9167769700558,13.8362931124179,13.7498024384992,16.533835990102,10.0921046436636,19.2525942648379,14.9880021848704,10.0921046436636,11.7976083949901,11.0810828881541,12.1033984334179,14.9443072455719,16.2204704394121,12.749528723296,13.9641084152887,11.7745631852158,15.2377017307838,10.3677730597463,12.271443792435,9.7897200908767,9.53474920475838,12.6538064769319
"Mock_1d_3",0,13.9268280283118,17.4395123542853,15.133019572991,14.3563607554014,16.034857049245,18.5737011520218,18.3879936285525,12.6854532102547,13.9713713801364,12.7634956555789,10.7132088204105,12.8601427977836,13.1591673398725,13.1591673398725,13.882427372827,12.6668189701333,10.7998727840757,11.9711946240526,11.4658380174445,12.7490157254382,15.6238090575601,15.4149606639836,14.3569577786775,15.892700297479,18.2930361488047,18.7038652467874,16.1921779619429,17.9744727085134,18.7773636866504,12.5503198310042,17.6064462178977,11.9711946240526,16.1921779619429,17.9744727085134,13.7351618136625,14.5838742427811,12.6877660848354,9.75315971119104,13.2378929375249,16.5361526941697,18.9593865643402,18.2890942533146,14.503391097482,14.6283586505383,20.2387849007325,17.7187175448338,18.2446210812162,15.2134414157536,18.2890942533146,16.9751751994858,14.503391097482,14.6283586505383,20.2387849007325,18.1028360950014,16.6091805420869,13.767631349816,12.8301339229101,15.9141944095027,13.5566025261764,13.1348074764503,15.3543818957836,15.9171229175271,15.0145727103427,19.6072202406541,16.7482406647735,18.2404926415738,18.2667656703376,20.4758866535743,14.3345792290509,15.9457426212804,19.8849444510755,19.3060447182001,14.7865447362618,18.2667656703376,15.9457426212804,19.8849444510755,17.9086680301581,19.1347498316632,19.0085436875671,17.5853590382131,14.8421789231054,15.6100142868985,10.5500160951233,13.6421805187556,9.85665604933342,11.8956760453477,14.1454471005392,18.6625017075936,17.7721798417908,13.6421805187556,17.8895733103716,20.7020888561498,18.8289614864832,12.7845899187778,17.1463248819117,12.1415709903789,12.17575511214,14.3043915708904,12.5233864333462,16.6171581462446,11.4342253064912,12.061369379638,18.8289614864832,12.7845899187778,9.0976148856287,12.5439857106909,10.2520112222796,10.8321461815297,14.3043915708904,10.3958084072901,11.9409714630803,12.0047848689425,13.8592365624518,13.9898543228864,14.2221045919445,12.8100697901902,14.0285374261072,14.355267744135,12.580576934152,12.6825278803544,11.5087168678726,12.1415709903789,10.872173231117,11.8135853042027,9.02046473719978,11.2452766190689,8.52652717771002,10.6921227345369,8.79492546474149,11.6216121473507,10.6007690829246,14.1594704147729,13.8045090964662,16.4302464369219,9.48225367529056,18.5189312797925,15.0807467890763,9.48225367529056,11.7001942647899,12.2117718729652,12.4681739408428,12.703699786419,15.555450644461,12.6495688873284,13.0856513948849,12.0460407106049,15.4232366041011,10.5830056167585,13.0323242468907,9.91896502467158,10.1431564795502,13.3342952477641
"Mock_2d_1",0,12.6860200979851,15.7730070676754,12.9181467928885,12.7977153473035,14.6381095096712,16.6992623473415,16.8330487363683,11.228011586383,12.2836810132357,11.6393385003717,9.01208673129819,10.5312942357161,11.1577433602386,11.1577433602386,11.7383611429297,10.7513847951619,9.74166787386749,10.7473430722683,10.0343135284983,11.4690506463419,13.5243459838677,14.6320767583666,13.2439186271266,14.7453498631329,17.2413076357253,17.757489608424,15.4621904576373,17.003323002473,17.5492064076688,10.9518344654979,16.5256455384961,10.7473430722683,15.4621904576373,17.003323002473,12.2229953156576,13.2496059563453,11.2621143493034,7.97824366529505,12.0769453909775,14.5564410350857,17.4867645757494,17.0882250288546,12.8631365654482,13.1631809962026,19.3772721014499,16.445835912493,17.2594971767727,13.8733726715736,17.0882250288546,15.5014314670432,12.8631365654482,13.1631809962026,19.3772721014499,16.8069343386077,14.9013495566231,12.8053601172542,11.3603292405559,15.153895707233,12.5237582721117,13.6485472857956,13.8794630334782,14.3027260699255,13.6783077385439,18.6156709420277,15.907536555397,17.1508698503515,16.9768749703736,19.3200394528058,12.8228186865149,14.4219252318561,18.9036340200716,18.7584486222842,13.3900083221259,16.9768749703736,14.4219252318561,18.9036340200716,17.1327416353879,17.7788297141985,18.0139879389474,16.1888023654517,13.5241004752896,14.4612653513004,9.67982261472629,12.1670943729508,8.89162677119544,10.9581925737276,13.3203685390885,17.734054328953,16.8986843201175,12.1670943729508,16.8810588668138,18.6774616891234,17.7186864025793,11.9217403510218,16.2178796216929,10.9145358673414,11.0751912074526,13.0390030242381,11.2568828762147,15.3042688699131,11.4429665215721,11.107849528737,17.7186864025793,11.9217403510218,7.88020155940597,11.0764214150231,9.96374630714584,9.53981268518974,13.0390030242381,9.21518488453613,10.412343844658,11.3332386248398,12.6430677710142,14.0850259956414,13.1582674421715,11.4421095145823,12.847587204821,13.0183207506952,10.9176700884049,12.0694368192929,9.91402839639253,10.9145358673414,9.36963994222961,10.079412840514,7.79582089067782,10.7730030419243,7.47805920324672,9.30938170362844,7.7262898907613,10.8455764763675,10.2306967105748,13.121465221629,12.5597849223861,15.0889507555369,8.65920666356034,17.2473844529663,13.5484420105358,8.65920666356034,10.4971759804785,11.342809584981,11.1094471451881,11.9267740195698,13.7977798512487,11.4313767067217,12.4710604338988,10.7138077963712,14.0040472608514,9.08497151568632,13.0442215009897,8.57996682307531,9.3942257244552,11.6893386866738
"Mock_2d_2",0,13.3023909816621,16.3416367681686,13.778945785438,13.513647488868,15.1303864286691,17.7797057310791,17.0771764148425,11.4779489370147,12.7735342433623,11.86100225698,10.4486337018926,12.7167958123465,13.2991646890281,13.2991646890281,13.7312079737086,12.0721584519775,10.4104737371279,11.6340372868139,10.8232058938338,12.3215158279703,14.2456471411901,15.2055455404956,13.6644307910738,15.8042504914683,17.7025937662704,18.5754823503354,16.0307780847957,17.3762450438639,18.2256230090079,11.9654794937078,16.7401058106158,11.6340372868139,16.0307780847957,17.3762450438639,13.4523993664365,13.9754339533686,12.1255477936121,8.18542399442951,11.879174417776,15.1899934218248,18.1841180517353,17.2340897150426,13.3675012706375,13.6660785555119,19.4752502836586,16.2756555065956,17.3966203279215,14.7748523958228,17.2340897150426,16.096199276401,13.3675012706375,13.6660785555119,19.4752502836586,17.3765520191575,15.5209384967769,13.595064737723,12.0937524976502,15.9278163839781,8.40204582521699,13.9687044050704,14.3264969670359,14.9720274251256,14.2321166913863,19.0065430108456,16.2356185467543,17.7690032472528,17.449586964775,19.9104770401062,13.6961826674245,15.0370942913824,19.2486026860419,18.5885437756662,14.2003161416524,17.449586964775,15.0370942913824,19.2486026860419,17.7515527419922,18.1791461488189,18.3580381050856,16.1937358953763,14.4075191986991,15.0651616851341,10.2952543822249,12.8260161793172,8.87404028580523,10.3319732893809,12.0721666315679,18.2687220255537,17.2702422785273,12.8260161793172,17.2567583702852,19.8443818537662,18.1890279226575,12.2968651088078,16.7214787982055,11.3381946229016,11.9955855958484,13.1695816067698,11.4624887927998,15.8105797734428,10.1306875983121,11.5116708687513,18.1890279226575,12.2968651088078,8.2747569147172,11.2297558795079,10.3405481599286,8.81631495230699,13.1695816067698,9.78653277177361,12.1483690500718,10.1629260146683,11.2231996785595,13.0514949049694,13.5199390155081,11.8413501203582,13.0575964944428,13.5262032241795,10.8855464112181,10.6269023320683,10.0889623978303,11.3381946229016,9.50136549673922,10.2132696380532,7.63262707091824,9.87574897651796,7.59029464531708,9.50114776117918,8.29081478063071,9.83730839725305,10.2691556499911,12.0356267285656,11.0960036223725,13.8567472216484,7.84990671313431,16.2832388727798,12.6849272874208,7.84990671313431,9.17751853956866,7.88219085651805,10.138723334276,11.6902318422048,13.6220955111182,10.7953098247382,11.5540990790568,11.2461825907643,12.7699305355575,8.08863459901859,9.25070407952023,6.88789105470613,8.15287363734055,12.3267015819488
"Mock_2d_3",0,13.738299803182,17.2990458760444,14.6670100530874,13.9944803342409,15.8105964429295,17.9382273565379,17.9349264085948,12.3425831000923,13.4093362891329,12.9229160796885,9.15127564704095,10.5544545379529,11.4706547784679,11.4706547784679,11.7422692375662,10.7390092261395,11.0663613799461,12.4138261039828,11.497971674623,12.707673610459,15.0790480229345,15.6756673262024,14.0608972571492,15.5278084274961,17.9093170407192,18.750655981837,16.3527315333434,17.7353234983483,18.8769814093734,12.6193844586765,17.9931347401481,12.4138261039828,16.3527315333434,17.7353234983483,13.6179707097549,14.7838364379813,13.0041621618492,9.46404911626128,13.1980025247315,16.0567556132039,18.9380323993615,18.35382417923,14.5168290760154,14.3640232122095,20.3024845576279,17.5674708205615,18.2879806057227,15.391034549925,18.35382417923,16.8600503237945,14.5168290760154,14.3640232122095,20.3024845576279,18.1930962253779,16.644690710877,14.2589176364567,13.1029877494108,16.3301903772369,13.9961148447581,14.5583890644643,15.2211032532224,15.1436651808055,14.5803365554238,19.627321579208,16.6409023308373,17.9342506596296,18.002121221659,20.3350795384482,14.1957945097505,15.8419383055727,19.8638233913324,19.688510608596,14.5016361623199,18.002121221659,15.8419383055727,19.8638233913324,17.8369178321039,19.1806558470211,19.1215801525999,17.5392266261569,14.9009714387191,15.7538217844012,10.7084950802787,13.8103637390851,10.0344597971899,10.779542132083,14.1549430801127,18.8187186905836,17.9308934104246,13.8103637390851,17.9817538317219,21.0617708259509,19.0947534490964,13.1759346118972,17.705526400962,12.5523811015698,12.6221735047085,14.2795238693047,13.142660529488,17.0675466205085,11.5776421499889,12.631562758841,19.0947534490964,13.3247729081757,9.55386092530969,11.9681365195841,11.2134688567558,11.037030092631,14.2795238693047,11.1458357715995,14.237420927433,12.1621738638672,13.978281726691,14.704662928141,14.8218500673694,13.2615457588264,14.5156345172306,14.8748120730945,12.8415762483186,12.8831779036986,11.7585534344615,12.5523811015698,11.1939345219009,12.1463023494909,9.62939886812837,11.7681956345642,8.38901157119044,11.1876655938886,9.481563079761,12.462068234751,11.0034748489536,13.9181525265837,13.7834515066118,16.6207647244673,10.1704749353515,19.2635741010879,15.2107814642104,10.1704749353515,11.9870319269639,11.2432793260956,12.2180362133888,13.8262221227692,16.2366124921515,12.5897259999938,13.2873792814231,12.0663694282198,15.5348725453623,10.7876896774127,12.1041832911335,9.4791041531084,9.4160084874661,13.2255319611572
"Mock_4d_1",0,14.0244180397721,17.675315853535,14.8403592889734,14.2289770342585,16.4225212712756,18.2267399734323,17.9537590753347,12.7541982858851,14.0763814526197,12.9840101138643,13.2501635094241,15.885103322185,15.9632021364394,15.9632021364394,16.8276953662142,15.4688253687288,10.6053800428696,11.9376238193832,11.7722666437535,12.2693230415414,14.5316253763692,15.5475906101089,14.1102973904254,15.4719325356233,18.0228313826026,18.7029884180305,16.1750403933437,17.7263079789934,18.8628144973113,12.3729561670555,17.6399001780071,11.9376238193832,16.1750403933437,17.7263079789934,13.339605248689,14.6382227761378,12.8815651842525,8.89887645846523,12.9260140641624,15.4590547085145,18.7777208534559,17.8443855894011,14.5625412681758,14.6146534607828,20.3415238452625,17.3497097968112,17.9728318809348,14.4963376638127,17.8443855894011,16.0549576543223,14.5625412681758,14.6146534607828,20.3415238452625,18.1297455466413,16.4398821059193,13.1563534673648,12.7424824517013,15.560364440405,12.7520262386054,12.848154128349,14.4581846747408,15.6598118248128,14.6946116676994,19.619200062169,16.8149268224992,18.4499635863553,18.3601522524076,20.4663789732409,14.1030445956887,16.2252445123059,20.1115957764039,19.2919185171797,14.5623040381924,18.3601522524076,16.2252445123059,20.1115957764039,18.2631882361135,19.2830082107476,19.3682651889628,17.6545739734631,14.9978184713643,15.435422922475,10.1446153036551,13.4077048612053,9.52522292025987,11.9734531908278,14.7225408401959,18.1122920248195,17.567548342334,13.4077048612053,18.2696904357098,21.228343114486,18.8188776145657,12.6078102471925,17.4950252163934,11.8254950295085,12.3355251572364,14.3049083046324,12.3352224131788,16.7699197436589,12.2268519603318,11.9530917368365,18.8188776145657,12.6078102471925,8.89199122030088,12.0001721443629,10.5839814074741,11.3966687960931,14.3049083046324,10.7899918567956,12.7807240757336,11.8935497490112,14.3347091979957,14.8620244356445,14.377234497071,12.7882103210335,13.788346750984,14.6962292657467,12.2490120084945,13.0211375650553,10.8363527358541,11.8254950295085,10.8258163191282,11.1750292730371,9.00685884844314,11.8370325962551,8.83131149673229,10.6913736828691,9.03755248357835,12.2691186870907,10.6853385653645,14.1273778821685,13.5513084676776,16.4782967470973,9.52771191989572,19.2835809818101,15.1483347560405,9.52771191989572,11.6847573938088,12.340169167378,12.1747641882991,12.8812740010779,16.3290659869428,12.962395998567,13.0647695674595,11.7633379082913,15.3822210934162,10.2859898388599,13.4527365518505,8.6853840180201,10.5274641198881,13.0530422433652
"Mock_4d_2",0,13.5247284539249,17.0444654956045,13.9917575342831,13.5083231160066,15.6600520550457,18.105642241124,17.8314264177596,12.4720115209344,13.2060449413069,12.3523736452191,9.89157801033967,12.5342227221641,12.5332598569174,12.5332598569174,12.9597290768579,11.980020305976,11.4194149043753,12.3354407878579,11.6845781707397,12.3381850998227,15.1375781310217,15.6721825225017,14.2364771736179,16.0331209946513,18.077414736617,18.89136125488,16.4840822546623,17.9978068449213,18.748265646809,13.177629699144,17.7489128788285,12.3354407878579,16.4840822546623,17.9978068449213,14.0028012837495,14.6637205247356,12.9509644790018,9.26653664836412,12.437721852659,15.9071889431912,18.5738115014648,17.930338688732,13.8607586976582,14.019362683211,20.1294948054041,17.1923066623886,18.1882719030187,14.8959550018765,17.930338688732,16.2960161960974,13.8607586976582,14.019362683211,20.1294948054041,17.9604939312809,16.3446184245315,13.8273946543641,12.5421044647755,15.9570399409932,13.2563519599768,13.61918561846,14.9140388925644,15.789713624373,14.7138805669113,19.4997439633334,16.8274184965213,17.8016920797273,17.4383498598457,20.4001625729214,14.4566438085236,15.2890700435432,19.6880907337625,19.0337755150239,14.6061172397718,17.4383498598457,15.2890700435432,19.6880907337625,17.5647785339761,18.9691265047482,18.871136218526,17.3076131567309,14.2261341823199,15.8423664579858,10.932051520813,13.668496580795,9.71834536135502,10.9829971421403,13.3067345351207,18.7872671077717,17.9386574796199,13.668496580795,17.7597340023561,20.4787214876347,18.8889059744944,12.9571983320233,17.6929178901147,12.0916022859107,12.890454756707,14.3975815487021,12.9217134784705,16.9631004234262,10.8631428056357,12.4260266790738,18.8889059744944,12.9571983320233,9.47055300546159,12.3548499690615,10.1404550393969,10.4481572753547,14.3975815487021,11.0077050208275,12.6874247029792,10.9523844510058,12.5693282240032,13.5079717072054,14.1211194249698,12.6853922528186,14.0375653859337,14.9131410569067,12.442392033855,11.9203697575367,11.3468241244954,12.0916022859107,10.9294088621509,11.6425661560602,9.15350224375902,11.1786268629665,8.56165200800943,10.5338661627321,8.73574957724954,11.5813092098011,10.5336525649461,12.8601473455318,12.8316492746708,15.5496135994328,9.1708935882645,17.6725024960467,14.4546630164474,9.1708935882645,10.6959234301473,8.95204036793022,11.2999178754602,11.7113634481506,14.7351953918453,12.0779378631795,12.3012555932693,11.9272175189302,14.366909929136,9.75141105091316,10.4342678183275,8.54729559641401,7.72073210658115,13.2994998286906
"Mock_4d_3",0,14.521760846863,18.4705760911877,15.2606100516806,15.2082060732404,16.8482361910142,18.9989150695631,18.9215170939231,13.4882777901996,14.6100412174897,13.3571391871992,10.3888657819715,12.634883153881,12.8490769927047,12.8490769927047,14.1988874224821,12.6851237955671,11.2420879976424,11.984601163773,11.7409853803189,13.0862180402496,15.0214405656669,15.564686793673,14.6947107022414,15.9127033489114,18.505552936965,19.2950075506464,16.645644910773,18.3834312694143,19.3632833826002,12.0832048289553,18.3555827098427,11.984601163773,16.645644910773,18.3834312694143,12.9424826476483,14.8824936091034,13.156970608726,9.34357475950241,13.1754600080236,16.1892406232313,19.5722429380882,18.5713999170798,14.7307515336867,14.8796081142193,20.6532156319572,18.2919300363322,18.8615115910692,14.9875278930283,18.5713999170798,17.3564197300017,14.7307515336867,14.8796081142193,20.6532156319572,18.6533543994926,17.1705582172346,13.8862263752266,13.3343401265279,16.1349982517384,13.3027660856685,14.8859880613317,15.5483977943128,15.5992879240325,15.1876450570464,19.9655585817424,17.1419792548346,18.9785719554601,18.2097441264524,20.9582282467256,14.6079606732352,16.4266578774733,20.5084487365804,19.9635716127949,14.804469314099,18.2097441264524,16.4266578774733,20.5084487365804,18.7048353475137,19.5125783262013,19.5604612373513,17.7075699855052,15.5740892442736,15.8782972775831,10.7062387329531,13.6663706274426,9.35372997179761,12.1304151815374,14.1365797124721,19.1735107749667,17.8472205399936,13.6663706274426,18.4312225094036,20.2928664324037,18.8001959782966,13.2709401593384,17.7014341230087,12.7554651462971,12.6675547822143,14.4091951297076,13.4464239237394,16.9484446787942,11.364583412428,12.3457302221606,18.8001959782966,13.2709401593384,9.63843812365295,12.6053673818985,11.1548641441509,11.0561812445527,14.4091951297076,11.2261103629611,14.0734404456136,12.3264264696541,13.7773196366414,14.2756086225522,16.6752713749404,13.3191785695935,14.4686549892681,14.7711458725811,13.084593017778,12.1721269911684,11.674375480134,12.7554651462971,11.4725666520155,12.1919277534847,9.78518583357938,11.8180361909613,8.94350576914162,11.5559709592205,9.71161173459191,12.5526084777379,12.3918068224083,14.4798895271658,13.7506215349677,16.8167755756,10.0555344960812,20.1736838452491,15.4856472920827,10.0555344960812,12.0263257059737,12.0007774960058,12.6177062200752,15.2129098473178,17.1081873513409,13.220138721118,14.4739800443366,12.0851553772901,15.6226374682417,10.6807688868465,12.6189709611828,10.7419041097147,9.81302068378607,13.2214632192971
"Mock_7d_1",0,14.305751446102,17.8875525274102,15.1350734271887,14.8769853424792,16.5931168435014,18.835427476328,18.2306989090873,13.3550473751288,14.5459982089646,13.214811641358,11.2736904698078,13.8874184702105,13.5114531146516,13.5114531146516,14.4224953504797,13.9876641519028,11.5267840917046,12.4777553024537,11.5744953641953,13.6901514733846,15.8640959136814,15.916574263499,14.5448965332697,15.5586372145129,18.3470535953205,19.0104174671973,17.0651894663686,18.6082670063629,19.2366091348872,13.4774207029224,18.4303636004934,12.4777553024537,17.0651894663686,18.6082670063629,13.5312312830273,14.7334066017035,12.9687746171388,10.3182418601231,13.5314082337833,16.4761034128901,19.1076822637065,18.4389147946144,14.7706888928937,14.8663431100259,20.5815281649454,18.0154805605035,18.9011198060962,14.698475980845,18.4389147946144,16.0204152247468,14.7706888928937,14.8663431100259,20.5815281649454,18.1996003115561,16.9724944813265,13.4688942107389,13.6158451286175,15.3894556778073,13.5498284892419,12.5333794035682,15.7964481306906,16.4679610847739,14.7493473430251,19.9819207655196,16.9424055956618,18.5867263080487,18.4157524689455,20.8794183471667,14.9431574149869,16.2121408554976,20.2507578507584,19.8250128152596,15.297408615528,18.4157524689455,16.2121408554976,20.2507578507584,18.3657698962166,19.4695935041025,19.3260010806378,18.2142897687964,15.5909627485093,16.2477758710865,10.6479977455751,14.1739084244517,11.0289428861565,11.9145953541339,14.6155451150489,19.4768718855585,17.9083977519681,14.1739084244517,18.2247422955928,21.5928439944529,19.6820522362026,14.4441667661001,18.1619645133401,13.1912413392832,13.7592931044819,15.6370430429115,14.3450364645541,17.8375419926667,11.3218532460961,13.1737074787866,19.6820522362026,14.6040352113861,10.9996182339994,13.2344125399915,11.4460836184066,11.8444401860373,15.6370430429115,12.4392051702718,13.1121823979297,11.7249603046641,13.7866184153816,13.9763141388449,15.475812208464,14.4856189190024,15.2716671930415,15.814411136949,13.9631001587689,12.6806977528812,13.5355482979332,13.1912413392832,12.5550422876859,13.6374082752079,10.3615767861334,11.6747623043155,8.95941752027268,11.9270285757454,10.3267964739214,12.8040670960858,12.470625488436,13.8621552911233,14.3921584692945,16.9778159293274,10.5910255457212,18.9766031905166,16.0736777510894,10.5910255457212,12.2771044666213,12.4581774139087,12.5448576310634,13.1119016896628,15.9008549260175,13.4329856757944,14.0353590824799,13.2231769893703,15.748393417013,11.0815369121992,12.8577658703062,11.0234760350664,9.55037397055383,13.7150105556864
"Mock_7d_3",0,13.5971380278511,16.3215711523377,14.0350707410467,13.8398622247295,15.702293505035,17.8774085569198,17.3519574566468,12.0407497419356,13.2916042335962,11.7770871226229,9.50850229428838,11.7868848850313,11.8828932944788,11.8828932944788,13.2588760983441,11.3203926425002,10.4864372153152,11.8412817759014,11.2571779051701,12.7598642141557,14.2508385038582,15.3809115093152,14.2090268599877,15.6597363840489,17.7152692144347,18.0528713198862,16.0934504486702,17.4541338434425,18.4962818237373,11.7288376806353,17.2175909397625,11.8412817759014,16.0934504486702,17.4541338434425,12.4976111572475,14.0855381039326,12.1209641294522,8.85727438854959,12.700417915868,15.3066783607569,18.4337937531848,17.6625260462224,13.7786245118809,14.103980715811,19.826752318548,17.3997514731215,17.7072593819866,13.4822472732839,17.6625260462224,16.3970675842131,13.7786245118809,14.103980715811,19.826752318548,17.7061977275232,16.1149963267076,12.1362813352606,12.5069962383854,14.6809204773965,12.0606573452213,12.9777527054982,14.2860702388273,15.5217840858507,13.9549866370917,19.4490685243316,16.6017746415222,17.9969741479853,17.608222781067,19.9401660692745,13.8442756235885,15.3696178457371,19.7510388284588,19.084232752518,14.3762042325616,17.608222781067,15.3696178457371,19.7510388284588,18.040308619721,18.6759043926754,18.8726355249668,16.8167153328315,14.8681021123142,15.4104342709099,10.4508786025532,12.9194355729612,9.03459899896856,11.4910786149467,13.8882342414073,18.6477857962417,17.315097447062,12.9194355729612,17.7923098324428,19.7023833468736,18.3516197288663,12.8440355471429,16.9209093400194,12.0252480637363,11.7378492111494,13.5542349484808,12.7971841683656,16.2139272667899,9.71175276830698,11.832616457368,18.3516197288663,12.8440355471429,8.88111209312103,11.7454840467577,10.7726697714202,10.3234114735051,13.5542349484808,10.4159606646977,13.0501409292673,11.2631845102152,12.7186883881793,13.1255867323687,14.5935248235898,12.7965919028639,13.4781324212956,13.9146619545342,12.1456782947039,10.9535978197873,11.4969967303781,12.0252480637363,10.9160118200498,11.5889238942554,8.61875324794222,10.096352917009,8.36076538814565,10.3131106899315,9.18755324170646,10.936599931038,11.072704092596,13.6319805430631,13.1362855602245,15.8121314651923,9.29248425174785,18.4503284037786,14.588155663208,9.29248425174785,11.2387687225908,10.8048966217374,11.5747546159026,13.0961872096917,15.4702928310941,12.4431748750082,13.3495873810853,11.5787123172298,14.356882442455,9.93005041631619,11.1713142578948,9.0153393315065,8.45269897899516,12.419221225482
"Mock_7d_4",0,14.7313207921263,17.6522766047431,14.7221791288852,14.3031265955909,16.1859606451012,18.2171183054602,17.9542868480899,12.4866277243111,13.5205496254693,12.568630542906,10.5215736036289,12.8896428396531,13.1064523980855,13.1064523980855,14.1168092297345,13.1702195585419,10.9515999000661,11.9449665987391,11.5484274287397,12.8746223306875,15.044254692019,15.507653720938,14.2656654036905,15.6119038419942,18.0850564775759,18.6454693378675,16.3319343488882,17.9539378028517,18.7567025985805,12.5191734693791,17.5664199200292,11.9449665987391,16.3319343488882,17.9539378028517,12.4185350380431,14.3772254930602,12.476369464231,9.04979588156059,12.6936154186659,15.7794107786172,18.74123047319,17.9825293834287,14.1043213652765,14.2082939041048,20.0726986960823,17.4468466690734,17.648213065626,14.5567291571597,17.9825293834287,16.5810319338735,14.1043213652765,14.2082939041048,20.0726986960823,17.9233992154565,16.0029293282479,13.1337342478495,12.6813861995205,15.4085553360188,13.4590495789555,14.4229532587519,15.0422196213479,15.5921806409111,14.6398932246091,19.4986567747072,16.6682582938246,18.39807510086,17.7887387410244,20.3302880494304,14.1345427300298,15.5526741392765,19.7167178516688,19.3502535911655,14.4921783743961,17.7887387410244,15.5526741392765,19.7167178516688,18.1874437503153,18.7566540451248,18.9040146576232,17.1241867993637,14.9097033225817,15.8976251167854,10.7315340766717,13.4735743421169,9.85653656688962,12.0911987238302,14.1955934359626,19.1198466792055,17.6867721473744,13.4735743421169,17.7652276133581,19.7633992058503,18.9619959389727,13.3488914251097,17.3275603189037,12.7960257418155,12.6350922453355,14.0529086230519,13.16591092716,16.9248751916894,11.0972647710445,12.3972787548942,18.9619959389727,13.3488914251097,9.31949241668354,11.8625099510278,11.4890643142877,11.5546961063176,14.0529086230519,10.8573877346543,13.2701691205006,11.781637760787,13.295002223889,14.0059736437813,17.1203188889399,13.1261059204476,13.9788448481695,14.4985100905814,12.6956364313649,12.250055486786,11.7292804103163,12.7960257418155,11.2033934115198,11.782902854371,9.14466415464743,11.7933022533903,8.46211705024063,10.8048567516088,9.09005813145133,11.8047659814287,11.8713927918044,14.3733218650149,13.8210554484482,16.5433991026216,10.1578239887625,19.5885277636598,15.1818371191068,10.1578239887625,11.8884716271669,12.0320183093176,12.6172611852189,15.3411129321641,16.517152857821,12.7009168514006,13.8389820951908,12.3012578264163,15.2859396218702,10.6920484323594,12.507549685871,10.0270380046231,10.1290589307177,12.6303495667053
