"","response","1,3-dihydroxyacetone","2,3,-diphosphoglyceric acid*","3-hydroxybutyric acid","3-phosphoglyceric acid","4-guanidinobutyric acid","5'-deoxy-5'-(methylthio)adenosine","6-phosphogluconic acid","aconitic acid","adenine","adenosine","adenosine 3-monophosphate","adenosine 5-monophosphate","alpha-ketoglutaric acid","aminoadpic acid*","aminomalonic acid*","aspartic acid","beta-alanine","beta-glycerolphosphate","carbonate ion","citric acid","creatinine","D-altro-2-heptulose 7-phosphate*","dehydroalanine","dehydroascorbic acid","D-fructose-6-phosphate","D-glucose","D-glucose-6-phosphate","dihydroxyacetone phosphate","DL-isoleucine","D-malic acid","D-mannose","D-ribose","D-ribose-5-phosphate","D-ribulose-5-phosphate","ethanolamine*","fumaric acid","galactonic acid","glucouronic acid","glyceraldehyde 3-phosphate","glyceric acid","glycerol","glycerol 3-phosphate","glycine","glycolic acid","hypotaurine","hypoxanthine","inosine","inositol phosphate*","L-(+) lactic acid","L-alanine","L-cysteine","L-cystine","L-glutamic acid","L-glutamine","L-leucine","L-lysine","L-methionine","L-ornithine","L-phenylalanine","L-proline","L-pyroglutamic acid","L-serine","L-threonic acid*","L-threonine","L-tyrosine","L-valine","maltose","maltotriose","methyl phosphate*","methyl-beta-D-galactopyranoside ","myo-inositol","myristic acid","nicotinamide","oleic acid","O-phosphocolamine","oxalic acid","palmitic acid","pantothenic acid","phosphenodiimidic amide*","phosphoenolpyruvic acid","phosphoric acid","putrescine","pyruvic acid","scyllo-inositol","spermidine","stearic acid","sulfate ion","thymine","uracil","urea","uridine 5'-monophosphate","xanthine","xylitol","Unknown 001","Unknown 002","Unknown 003","Unknown 004","Unknown 005","Unknown 006","Unknown 007","Unknown 008","Unknown 009","Unknown 010","Unknown 011","Unknown 012","Unknown 013","Unknown 014","Unknown 015","Unknown 016","Unknown 017","Unknown 018","Unknown 019","Unknown 020","Unknown 021","Unknown 022","Unknown 023","Unknown 024","Unknown 025","Unknown 026","Unknown 027","Unknown 028","Unknown 029","Unknown 030","Unknown 031","Unknown 032","Unknown 033","Unknown 034","Unknown 035","Unknown 036","Unknown 037","Unknown 038","Unknown 039","Unknown 040","Unknown 041","Unknown 042","Unknown 043","Unknown 044","Unknown 045","Unknown 046","Unknown 047","Unknown 048","Unknown 049","Unknown 050","Unknown 051","Unknown 052","Unknown 053","Unknown 054","Unknown 055","Unknown 056","Unknown 057","Unknown 058","Unknown 059","Unknown 060","Unknown 061","Unknown 062","Unknown 063","Unknown 064","Unknown 065","Unknown 066","Unknown 067","Unknown 068","Unknown 069","Unknown 070"
"691_1d_2",1,18.6668225496784,22.6547754349186,19.4112878653259,21.5036773254421,20.3845138258566,19.2341655223747,18.719189041465,17.1830749452993,18.8231309079113,18.8485263039268,20.7090967091843,18.0611288480248,19.3769540587882,21.8033806680886,21.2804073317251,23.4865561348614,18.3944819824717,19.3100072467538,22.6433778005827,24.5564037876848,19.8642126986823,22.3256085414361,20.4986442601169,20.5867097272076,22.0590964206847,26.3307551421663,23.4473901358976,20.5212020825049,21.7197408472084,22.1831912558695,22.1249353552504,20.9102437925355,19.915959394561,19.7294524772068,22.5491130088398,21.1895027754535,19.240249373294,19.0011342503031,17.8566585260061,19.5740759501963,24.0373828216754,24.8115214805352,26.7471386516102,19.0406152957947,21.7136807917358,17.7163017834572,23.7134999530679,19.6838898668254,26.299398668949,24.3376075189992,22.0487010301527,20.9062253676788,25.5213493484819,20.0999216119424,22.8672872292526,22.6507378553295,15.8965174765759,20.9947273661869,21.3134124348672,17.6552223643779,21.1280673871168,23.8666164751421,22.8451085251285,23.1469528929693,22.3330678125716,21.4439059403238,22.154829022457,20.9227465530833,20.02429566632,20.9770080096778,25.6622162891958,23.0831320406471,22.226096047491,21.359448273598,25.2241498573919,19.5374566523721,22.0527053133148,18.8792667510838,19.6751630421197,21.0049595534517,27.6320197903258,20.8919952449938,18.7734933526574,21.5309243759222,23.6983774162386,22.3687342318008,23.5083725341377,17.986808439864,21.9581376901128,25.6744502905947,17.0598860565098,21.728844537828,17.7396489411685,18.8491811179609,19.9959441480736,19.965360148878,21.3894950633671,20.7267919846376,18.6991632316174,19.1090502020451,17.695995262092,17.2697111211428,19.1084823539478,17.8452799160033,17.0577867891987,21.9368958766995,17.4652788841934,19.6979951896974,19.4919020150099,18.8521465160317,22.6258442870449,16.7111852443595,18.7370062621292,17.8522929594957,20.8953236878496,27.0740304645373,18.6010543892635,15.9027247596299,17.594132031334,18.4075681504238,18.747036478893,19.8864818065475,19.5888450851925,21.7398963697348,19.1196908978383,15.5410184556422,16.347892020889,18.2305036681166,20.5501901853893,16.6360223152456,20.2007972513549,20.6202095723414,19.6652990954841,19.2191256018087,17.7722990801983,20.5884129287892,19.4003318493998,19.6177347266553,18.4303701517279,17.7392992182643,17.7085141111904,18.1569732892276,13.6401030501937,21.0834444390069,22.3046114522537,19.7882082480944,20.5244514518187,17.9643846759647,22.7637832455263,20.1222822280503,16.8811231866537,17.9746023164425,17.1811089353249,18.0727965959898,18.8733950586112,18.441333012337,19.2754967540625,18.4400802837921,18.9160309250981,18.5342274256993,20.5414582743768,20.4126118077892,20.5902283232761
"691_1d_3",1,22.6539842545289,23.8658082821933,20.5649129486639,22.4252654621007,20.2388208382452,20.4500375042348,17.8916688383023,18.5727504128922,19.5704215245858,20.0195323640642,21.4785815195735,19.3226389599775,20.0407391424027,22.6219535343597,23.8423690702808,23.5934661492683,16.79595458614,20.2901541102099,25.7388570391844,24.7656879841676,21.9681635322599,23.9248510593183,21.7355951272488,21.0782869460442,23.3194935538553,27.0465581989691,24.4283262581358,21.7438379401938,22.3848940373918,22.5629261402245,21.9260218252708,21.9591587706534,21.4567520965758,21.7951392103969,23.2593897623024,20.2003197587681,19.8777273181609,21.4672178732775,18.9296973976709,19.4152940951998,24.7597162766478,25.569469970082,25.9470449515906,19.6813960024056,16.5970885482107,18.912741510314,24.0941997531647,20.3074055970393,27.2299892990946,24.6607520454438,22.9669800543029,21.4195126608404,26.0975832420119,21.6163368282424,18.6735722253688,23.4374408671475,21.646260520791,21.8154197418406,22.1170692962276,18.3573723954877,23.9894325342363,24.3811913033554,23.632469453364,24.0059479525275,22.9361695246496,22.1617565092767,22.1448977504473,21.0830676155097,20.1824283716685,21.1243992311033,25.9630821061644,23.5861311966897,22.9925077850482,21.9453448099635,25.6300062363591,20.6863574495057,22.5907215451101,20.0171587913269,22.051704995082,23.1764255935952,27.8511381415412,21.5622662709208,19.7433591489157,22.1489113049452,23.6241281488251,23.1030648916742,23.1512996328371,20.49576685887,22.4465147876136,25.9529043105365,18.9434869832657,23.2575889269965,18.9865300162491,20.9135986159208,21.8682641887877,22.6151058225392,20.4053079711265,20.3921028000067,18.2942886811916,19.8179853859128,17.7570226823531,19.1440343343418,19.9598748879735,19.0141881876117,17.7626400046112,22.1223303420013,17.8087362846953,20.6743791562782,20.0404609001498,18.4700649588169,22.8866062741729,18.7646363808337,18.8597282479066,18.0572266792362,20.945086455657,27.3900492041396,19.5258359733287,16.3989086285617,18.6721992218701,19.088552324595,19.7275796382073,20.3357177688326,20.1288734409149,22.5282950232633,19.869775645772,18.8365096371658,19.2289287505683,21.5770974295323,19.3030367222552,17.7940895827117,21.7334163985035,20.8891397248021,17.5571575161597,19.4542553184022,17.9582425201863,21.0418718808986,20.8640230510807,20.4173822287061,18.6438272004566,18.2684698056241,19.1250504107783,20.5022725411839,18.0108879032436,21.6460943265265,23.1120000739475,20.862715126474,21.6055234910081,20.0618697041145,22.6340027580504,20.8081164144767,20.0916326749831,18.6955548998068,18.8162589942138,17.2989822168404,20.1462318923848,19.180001552108,20.4047326115896,19.5423863227394,19.6198657994691,19.4201822122521,20.9567360490644,21.3548886829404,17.698128688471
"691_1d_4",1,18.8904854968404,22.8077196537333,19.672832449791,21.9560173847668,20.4303923023308,19.5119919781095,18.1799943567724,17.2835057200804,18.8096873905707,19.4847902393905,20.9310455235692,19.4501198182245,19.8067209782604,22.1027205712167,22.3502844262341,23.5589015925655,18.7376554378796,19.7794002745545,18.4482859028422,23.9554688878332,21.5082068255679,21.8965620538997,20.6897826624185,21.0841418969121,22.5321410640705,26.4923326616763,23.7294348762469,21.3102797509099,21.9871990511102,22.5582829186353,21.5005238980892,20.296060977227,20.4342560217731,20.9286274081589,22.183123178389,21.5937548710621,19.1932762595956,19.8949812598109,18.6649185073758,19.4345373563361,24.6439189368929,25.1696479694932,26.4073882895981,19.142520744676,22.3908175673668,18.8608657025157,25.0010167172346,19.9200320687421,26.9357532700424,25.2331217749283,22.3223487130516,20.2985281317531,25.6183299753135,20.1171655848967,23.2584016863395,23.0360272745013,15.7870884192082,21.507529247708,21.7809306880393,18.034379614361,25.8592223932536,24.2616124239273,22.912795628907,23.655539620852,22.511902590477,21.7217697908048,22.2675633134182,19.6047763417741,20.2510412306296,20.8126463444769,25.7384258785425,23.1045447611386,22.4361256188205,22.1940527746139,25.3325037634043,19.006490669998,22.8214338203274,19.885557576209,21.029574142064,21.44121407524,27.8527232760623,20.9783664523419,19.5758997650229,22.1998222779905,23.5676316136313,22.6638035088043,22.1483799823735,17.9836449442241,22.1775434274443,26.3791944560876,19.1813354044662,23.2100874472413,18.1723045634163,20.3631368007067,19.82559423248,19.6809424613894,19.0691400103824,19.6219887055616,18.0435884072163,19.5508697208473,17.4468181424866,18.6069034548948,19.601719717397,17.9551915450765,16.9119160539415,22.074930644407,18.098848892849,19.8561566978862,19.7424459587494,19.069633720361,22.042622764271,17.3540676340811,18.6373467396366,17.4407034045481,20.2782268322777,27.3060074831218,18.7526767265787,15.6873231763748,18.889204478448,18.5191567952239,18.9407621777965,19.8918523254204,19.6795356050089,21.8994685111828,18.8733880636823,16.0953538797246,17.1610087875622,21.7566325025318,20.7878264104332,17.4663752423399,20.4123749274763,20.14812394076,17.9963498877162,19.3045710008786,17.2783400844679,20.5121556431876,19.5065391145705,20.4641324543221,18.8895228022231,17.4440371774164,17.8311108894983,18.0193874982537,17.1955924902173,21.0996683052408,22.6022207451785,20.4159539458754,20.8268562549066,18.5703527877831,21.6717206916194,19.6873698668372,17.4373875622462,18.2048769856409,17.920406293666,17.4405957826077,19.2512882698432,18.6109462673256,19.9713268435374,18.7733418044376,18.9635152193869,18.6507706095525,20.7158805470596,20.7824217658061,18.4446649291579
"691_1d_5",1,18.8942376571756,22.5538855282038,19.704289382942,21.6866436807391,20.0331289132103,19.3658371960595,17.2926045910236,17.4329379813461,18.6918508196163,18.8146375620422,20.7175304815393,18.9724329082562,19.7930395093548,21.442214881474,22.2595945662949,22.4604857203423,18.3644941948451,19.1701645620686,22.3900274426114,24.5219026867105,20.4313385089818,21.3989142588047,20.3267239764963,21.0266849765604,21.7789745677365,26.4529011456646,22.9951811224982,20.6734724384013,16.5494399800101,22.3004196636647,22.6562037277533,20.3210481026126,20.344215713463,19.7285368453497,20.5763218734251,21.2626634605665,19.2457951072183,17.7416456468176,17.8741783878366,18.9929620729786,23.9966772183594,24.9806861754555,24.6690581431001,18.9087390834677,22.5811086243612,18.3239954478751,24.9789985044967,19.2101368426868,26.3018310612685,23.706418691028,21.6845506952098,20.3207366544007,25.2189438110225,19.5844702879286,17.7366373592118,21.7441811701018,15.4904265776985,20.4463701277136,21.0814108938509,13.6301739652343,25.6979679873199,22.2994735229729,22.4392371602218,22.5508354175067,21.7724273272855,12.3281138948337,22.0542867038937,20.2832548106372,20.9597870277707,20.9947046321501,25.4451486155629,22.5429955150478,22.1541057050822,21.5254547765231,25.0636601465449,18.5713244703369,22.2395763569301,19.0655217455602,20.3640880378074,20.855427128508,27.608040600984,20.8962172800734,19.1455131464001,21.4884285979451,23.149715255184,22.3612297323172,23.9913380866596,18.7004235145925,21.8603514496213,25.5069964810407,18.6829571059502,22.6057541947607,17.8712442690608,21.6936518531034,19.2942983058069,19.6291632132137,17.7274181409985,20.9217342675207,18.3430649593745,19.205735133542,16.4327404101221,17.6301817895945,18.581863213851,17.1149542198411,16.5470743711936,20.205347844455,17.8301767175056,19.9882969095036,17.7979385759569,18.4333206290724,21.9104591266478,17.2270202979974,16.9962705776344,16.541933047467,19.7891589619351,26.9270742866528,18.2250940228107,15.3059862179257,17.7315961433196,18.1295920539068,16.0080092330623,20.1256179561317,19.7080632877028,21.3745153148377,18.4893448064587,15.7359926032214,18.3218708979595,21.5195709510156,20.8280309065388,17.2210449970353,20.4238524749773,20.6999845197346,19.5513345443867,20.5744570672892,17.1382142021924,20.4560136186464,17.756058042287,20.1972820711687,18.7649506175013,16.5565930355614,17.4591709856303,18.2485166242281,16.7294974142381,20.8710938567009,22.2709472831931,19.7126037298444,20.4030205362869,18.3319893675334,22.9070472328936,19.423378427336,17.914422171229,18.2384490096648,17.4992665450576,17.7135525208417,18.4287819289058,18.3420522455669,19.9304746291611,18.5655626533478,18.3585425036255,18.329858378244,20.4757626958744,20.3856023470812,21.3301868174611
"691_1d_6",1,19.4244924841616,22.4984323477832,19.8948098414018,21.8299783652206,20.4541467100165,19.9988708709058,17.5014302253288,17.896491102594,18.496917390911,18.742186405302,20.5694737457754,19.0726462939218,19.7371403778811,21.7905829730918,23.7584367845018,23.219098316036,19.6697503584004,19.9015501168482,23.6277242761692,24.07132513654,20.8767461375574,21.3474692314603,20.8243784417466,21.2902853800459,22.4983429829624,26.4630214980663,23.6147576172906,21.2631575665936,16.4765610523472,22.435511889751,21.6995080651863,20.493196706678,20.2507646902644,21.1243094332619,19.9537547718562,21.6670530383435,19.2175568103121,17.9367985845821,18.3481194479749,19.9943788835732,24.1258188164505,25.0875819043862,24.7061594725369,19.2208728562218,22.6397280528789,18.5267736284324,24.9394605480052,19.548915218508,24.8820304589264,23.2048587559668,22.1251520619697,19.9202901962716,25.6958554434467,18.8557764414913,17.3614277928208,21.8220192341888,16.5361852444199,20.502180651163,21.1408030506225,13.3134505544637,25.5557407349662,22.1323663724168,23.0930810719916,22.8355322838313,21.860668891326,13.9890687600853,22.2499135863953,20.6002740576364,19.9617147915294,19.6699785009986,25.5591191093292,23.1636787594356,20.2086482286847,21.4095673213056,25.3008600849326,18.4135265777186,22.5668815144606,18.5829676211562,20.9431132405709,20.637704918643,27.7694041319438,21.1911335535313,18.1779944735302,21.7092018818935,22.9902641491777,22.7279165148388,23.9878175773407,17.3252480998553,22.1223727188548,26.1783362198246,18.902779368799,23.1116297774456,17.7389458424788,21.7069121990852,19.1728862629455,19.8419835409199,18.0295959292324,20.3077686152917,19.5017245476342,20.2783547836802,16.3538879269155,19.2497662083414,17.6007103454428,16.9335811496224,16.7646225743172,17.0768758974348,18.1365530847838,14.8105483976912,19.5945921787979,18.3204807632147,21.871922397665,17.3056703546162,17.590389905735,17.1546888547592,20.1756741305141,27.1772260954432,18.6369516854156,16.4330227029189,17.6119190956319,18.2097802049663,18.9948395694755,20.1573152591056,19.7055107412837,22.0045074676495,19.1594183210831,16.3095632444196,19.2145558724473,21.9125226367427,19.1408410976441,17.7618289187228,20.3474360300936,19.8542709136347,17.4451031534813,19.3871314977377,17.1991343822137,20.4890894489574,18.2085737146401,19.6327885869189,18.9164557017199,16.1783255737343,17.0028896566423,18.5634741166911,17.5123704954561,21.0256967282159,22.7256027346319,20.0895610475117,20.587674866192,18.09914392641,20.454174738459,19.4394019314176,19.0870269069905,18.2689391704039,17.9592915792438,16.8117732570367,18.0989723427269,18.1923759154461,18.1812669925357,18.5606404203633,18.3743953582588,18.3973063540992,20.7141166565962,20.3426334724469,19.4559133568253
"691_2d_2",1,17.181631203881,22.6079445969086,19.7841577126284,21.9262774222787,20.3960733045077,19.5901891435924,18.6314296974813,17.7279953695757,19.3777883138185,19.9400317368462,21.3201807112757,19.0590733058361,19.7452076077098,22.2882502709747,21.4264445618657,23.8432334617627,19.3336231922133,19.5982659015144,22.5552251938317,24.121163309266,21.0250738241625,22.8935435008912,20.7855113270813,21.396859147635,22.6891009252541,26.6878052902513,23.8885385142163,21.5143551268793,22.2624615825458,22.5453942343102,22.0088327640944,21.2753229656823,21.1432277993338,22.0835380721794,22.9857622989347,21.4532402852229,19.6786415673512,20.0776944429235,18.2855117507856,20.7650413749315,23.9993045385282,25.190850918911,27.2352056583664,19.3013782472379,22.2139724254954,18.3124425592258,24.2249657569224,19.8532495086115,26.5843103023448,24.5084196346024,22.3410493551853,20.6282408146461,25.8569900276311,20.9293188285991,23.2499332481406,23.1525324038319,21.6378119167464,21.6019562939581,21.9343678678171,18.4563907529118,22.4163307061142,24.2881522616825,23.2586667252959,23.7634935245649,22.8718086584708,22.1556669143982,22.8513345975409,21.4677564393545,20.6865573243629,20.4111191777481,25.8851823093909,23.2725159914301,22.4977269824668,21.6503932846739,25.7047257737219,20.4384617755076,22.1835713865778,19.1666412139657,19.5621533192585,21.414631163738,27.7446794254315,22.0704959837198,19.1401270746915,22.1674159760557,23.8811812586893,22.1025499659147,22.4063251325708,19.6874415005228,22.3117495831128,25.6589122736019,19.0876358633957,22.4126826868082,18.0785087964763,19.7325222932115,19.8233648457863,20.6449221433508,22.2343525823241,20.1322694724528,19.4988008271264,19.4570406308118,17.9830764923707,19.0170281071085,19.6754465055046,18.2732235036049,17.0487020200194,22.4011672426516,18.2559695921358,20.321323950893,17.9214793845931,19.0630870095741,22.9485480910241,19.4973163615592,18.3678209538689,17.9913949313155,20.9700318007782,27.4195069914351,19.3844959859263,16.1897453187873,19.1142860798868,18.4681420707259,19.1691977322051,20.3101839474885,20.0274550460589,22.4947409169018,19.6257599179555,18.5547624694597,17.2199357161692,22.2187567884255,20.1805890109425,17.8644875060068,20.8314493878669,20.8285680936023,18.8207318463451,20.3645622111299,17.7993504164985,20.3687807499838,19.6027944241486,20.2521723589552,18.975471707431,17.6205306838027,18.2522322217428,19.4267485266527,17.5496290261661,21.6215146667044,22.6904874909267,20.9289087176988,21.0441810497663,18.1000474042225,22.0015596728537,20.5961185895893,16.5719421747023,18.4373443536647,18.5570156751128,18.5940545949435,18.4535709546172,19.3861129516723,17.9168481652873,20.159768413044,19.5997118758624,19.3899780475342,20.2904064714778,20.6931922903928,20.5735242542217
"691_2d_3",1,19.9343860294946,22.9733932826416,20.4810774525097,21.4414658588816,19.9797254620584,19.4398767579792,18.2691605174392,17.5387900914814,18.9075906069382,19.420579072898,21.1261412904561,18.9884315687406,20.2607380287372,21.7925561861621,23.1858391174664,23.0854129264535,19.2854107582656,19.472017668496,25.5115921028651,23.9013361913026,21.7425380991611,22.8566113107575,22.2973034720295,20.7445432482472,22.8273151184922,26.756665668622,23.7202457011986,21.3409909652258,17.0729666291128,22.4566510012378,22.1487493524496,21.5093254971158,21.2491616101249,21.3137018533548,20.0398092782826,21.6481625760907,19.0832325177745,17.0326449605356,18.5077568723692,19.4034659455766,24.4971134311639,25.0841119870949,23.929529976857,19.0990368377148,22.3360309567333,18.4438788532517,24.2762584526255,19.7510287057916,26.5079325603755,23.1932161356259,21.8154613359549,20.4132458299688,25.5733455948823,20.3941514908672,16.4832685966979,20.9994005672407,18.2502024793985,20.4258017819965,21.4025306250178,14.4573089628322,16.3734645844819,21.7966261454154,23.0042698470433,22.6721356828923,21.7730036092632,13.523561956057,22.0833130169158,20.3937826454848,20.5153749109162,20.0289817499255,25.703661033287,23.6557246340973,22.3840282716311,21.7924845721565,25.1859627168524,18.602695114516,22.8474022077942,19.0356130340705,21.070670530971,21.4474547013216,27.9452118072855,20.3930926764645,19.1777032249335,21.7088869159323,22.9672577397182,22.5284806593836,25.5617684837193,17.7488492438681,22.0725775342077,26.2630997089031,18.6560206398399,22.6959043853692,17.6916113796395,22.2349738133782,19.7921664381283,20.3147460723777,18.7475255642642,20.6519064303752,18.3395511413222,20.1445264237349,16.6276000269112,19.2769831131336,18.8010226164041,16.7438009376501,17.2203399715676,19.5620221070716,17.5240590095027,19.8631636763906,19.6647146261458,18.0247062061586,22.5062695314639,17.217487091358,18.6913316129987,17.7031935297187,20.6423186460021,27.2212255616403,18.6641954251853,15.1869951577703,18.2101372351069,18.7181288492594,19.1003248615711,20.0547526973492,19.8229197587371,22.2625805556009,18.672290640638,15.4474403864231,18.8445191486846,20.9081626087679,18.8785172740115,17.087316842929,20.9196101469681,19.7268465231596,18.2398613039718,18.6709221383604,17.4391820854481,21.3563228548551,16.8257847690468,20.7968539954758,18.7566981399981,18.0525835050317,18.2082040315644,17.6868630390813,17.054808016286,21.005635467264,22.0889122889646,19.5124358060916,20.4881180919337,18.5859220436259,21.1664788767756,20.2546866232229,18.9983846922398,18.3026863132949,17.1734011960277,17.2283905974436,18.7510535398317,18.2235509194737,19.9935486577586,19.4736957619471,18.894013108888,18.7106913573248,21.3175680358632,20.7081993861073,20.3541612377799
"691_2d_4",1,20.0810151989774,22.4010310847,20.2110825930208,20.7513512343757,20.6212413954985,19.8451250058924,18.5277522412551,18.998468892166,19.3085348378398,20.1157645537143,20.7118025691236,20.8248521907451,20.2466244313018,22.1858109134378,23.7135813029149,24.0213974450513,20.9665955674672,19.4702837663562,23.2851277566924,24.0188391466118,21.2228474879491,22.6556653401811,17.0053854701064,21.7661578097811,22.6726787233247,26.8573264584856,23.6015682474675,21.2652765705682,16.4843988594238,22.7652456842911,21.6447450219984,21.3050866373917,21.3862641496496,21.0739806645255,20.6756176286443,22.0783435672919,19.8549115312698,19.857293936984,18.4855539127033,19.6982928188829,24.3782553497727,25.4744593918309,25.028581295285,19.742110384473,22.1693812302863,18.962109137204,25.3650287925594,20.4719873307226,25.23845958079,23.781466049066,22.2268510817033,20.4180939474516,25.9349335106906,20.7997855938003,19.6746532062672,21.9266975150962,20.8653761955496,21.2640659844167,21.7393038278033,14.7705942340508,15.0547084778209,21.7472118394139,23.0523708108287,23.5119179946922,22.4718493930632,19.3825425893779,22.2626657391582,22.2635082066283,21.5810245054397,20.889940772764,25.7476115160721,23.0395035491229,22.7865364571756,21.5426854060203,25.7201571161748,18.4792200967291,22.2653614939896,20.0327593473525,20.8967861836359,21.6327049840972,28.0379120243058,16.1485309525215,17.0411432183307,22.1089021596176,23.3240941299087,22.2593110457277,24.4587176777444,20.3085479025296,22.1454877263087,26.6670453649579,19.2251604073111,23.0052296097283,18.1914317777586,20.9819693753041,20.2825284446315,20.4159251973302,19.165596475811,19.8655080685954,18.2787041884333,20.0627482049627,16.5294544986545,20.4550215377105,18.5037648073254,17.4759718322205,16.8978294622066,19.4402315115215,18.422286710804,19.020825064222,19.9964790056365,18.8868538128347,22.5798071843896,18.9313887735816,18.7304053763407,17.614529768828,20.6218154463722,27.454607602978,20.5659687062904,15.7613180063103,17.9787112943421,18.6975613356243,19.2757419144536,20.5683114806383,20.1748411095633,22.3415605426082,19.4070857186257,17.8435694795992,19.3139876859063,22.3939927067421,19.1265832325291,18.6075458948465,20.9770710957133,19.3894616442719,18.113091871341,19.4752510049013,17.7761502987432,22.0420421570116,18.0378381307283,20.77529179228,19.5981451064369,18.7499176913488,18.4374768723402,19.294877148534,16.8443042113719,21.6101015278743,23.1773409058772,20.5978380927896,21.1283322552538,18.8747128530066,21.467329036143,20.2826228579735,19.7156001887243,18.568819432374,17.8418743906214,17.939828299767,18.8990389475084,18.4455440240389,19.9781853660255,20.3052904649148,19.0712660318611,19.6171412912526,20.9679498677223,21.1114129172884,20.0518248849309
"691_2d_5",1,17.9945464837855,21.9082438933971,19.6392400864314,20.7947794059054,20.2480911685035,19.4596893914318,17.514636655062,17.2952210999108,18.6701325381544,18.5769740256323,20.5164796616231,18.5827134234275,19.4074443392333,21.6843104467081,23.4325980135029,23.3122578443602,18.6586767884329,19.051601336358,25.0092074158856,23.3806181347414,21.7096828544403,21.6809455393005,21.5683298915559,20.9848330529117,21.5339937458821,26.071562321314,22.6762453753457,21.4459090992389,21.9667753788989,21.9659379923125,20.9688516795181,20.0025802052894,20.5618456712256,20.2431970627832,22.5867787969881,21.074980796959,18.9632865191853,20.3737271847846,17.9708746756174,19.0281149345638,23.9741080928601,24.9897005117452,26.7858119248657,18.9560400131745,21.5717290514619,18.5538027775968,24.4690875474959,19.3197081177679,26.7064240124762,25.3107498344242,21.9636596545262,19.8474772263895,25.204122660731,21.1104154163218,22.9209164188485,22.4130425554618,20.9161686244445,20.3086133638634,21.4234874604827,18.4306928972286,17.7997179768474,23.9241314425389,22.5147853642418,23.3982640031823,21.9352572167571,21.7330026829964,21.0189870594366,18.4786137501211,18.8423895214537,19.9177611293906,25.2735049665229,22.7809230440543,22.375606601345,20.6659153838361,24.9453985115737,19.5934060304802,21.9167578922409,18.8881376403335,20.9267295533394,21.7609945894476,27.6252956871142,20.4299768767102,18.850894949335,21.3566109956352,22.8207978732299,21.8039513886991,21.399206739409,18.2973087196814,21.6007443088398,25.4847276242864,18.5923915399236,22.3961455193245,17.5600296746959,16.8355914318111,19.6626883883158,19.836124342581,21.8177712866411,20.733055715943,18.654090425924,19.1843405936823,17.6794022947905,19.8376176669677,19.4489572889889,18.0743614372656,16.2869981989137,21.941942868556,17.5522290241382,19.5131465332459,19.2779162079258,18.9761530866321,21.7223668987784,17.2662258015971,18.2933224112874,17.1561945562119,20.2674761507924,26.7972801048484,19.7158912640052,13.9681448455688,18.243762500465,18.7279746480349,18.203511968686,19.7242819794989,19.1593312975255,21.5775495949165,18.414561928736,15.2183336095533,17.9792343519909,21.3959138252824,18.7230861368026,17.6147924455904,19.7425700395082,19.8211187779779,17.2004668417337,18.7132566591654,17.240859241321,19.6045887566052,18.7571496625541,20.0442881155036,17.7059108925227,16.3347460701616,16.7206473692804,17.4521522910491,17.1723363394177,20.5941232304223,22.0826891459818,19.921056532328,20.4408046984009,18.0019172334742,19.8553399171252,18.9722053811675,18.5650939310821,17.7995693214733,16.0080976780807,16.2829610874397,18.1483049245366,20.3818621329215,18.7266354652366,18.7596643445072,18.1739757448424,18.0719796790987,21.0709274802447,20.4092652317032,19.821072563986
"691_2d_6",1,18.3880039716794,23.7797450576928,20.2413605776018,21.6893906416814,19.8248475119914,20.2589877641722,18.7576778032244,18.0552002008835,19.2710991457673,19.7461761132074,20.8528453678156,19.7251112097325,19.9117815452133,22.3025493131719,23.9375387490691,23.7354592146852,16.5655152194445,19.3208666865405,25.0199855479131,24.4536678768455,21.3380690592719,22.7712510584673,21.3439744975399,21.2607678633643,22.3011880505266,26.7009982634374,23.3533446753421,21.7194195961262,21.6167347104463,22.6086142117771,21.9182995016254,21.140923042755,21.4849143951582,21.7024134523812,22.1779740062448,21.9680667466031,19.6481984714007,19.766531925416,18.8311417018666,20.1492143453219,24.1726166919694,25.5467859467382,27.0880053510763,19.5524921482906,22.1700273550067,19.5020606623637,25.3914194807082,20.0254577197059,26.9335081878418,24.7212402234851,22.6946593232578,20.571773640661,25.7511155413014,21.6370413903728,21.3473315617623,22.9965580683067,21.3004135189414,21.5983985905881,22.0264372732814,17.5030187037316,25.9021356813634,24.2178351298658,23.8821798217721,23.7450118189113,22.7891473776017,21.2957519177567,21.7773310859033,21.2701862439339,20.4694403155569,20.321171965953,25.7202680809691,23.8008159961987,22.9502911134981,21.7565651107292,25.650508350681,19.1580092985062,22.7281794008722,19.7023927525886,21.6169134698752,22.1597618267173,28.0793331561753,21.3673896643446,19.6238751615521,21.9755525529833,23.6389267481193,23.0016181766571,24.9218734399132,20.2105687635487,21.9953327105735,26.3013378884444,19.6623770435789,23.2958937727379,18.1816748692785,20.6513295009978,20.3634119499462,19.8659342545727,22.0079744144425,19.8300029360272,19.5484974036915,19.902432824794,17.2762174213052,20.7285779393551,19.7166275567907,18.5671159904462,17.1209939430484,18.7711993484669,18.7201226847922,19.9536078960703,19.8563084970132,19.8775572698343,22.6292592077679,18.6413475206067,18.5761990616087,17.8806079100126,20.8596259979401,27.4157152037331,19.8582318615787,15.9590248897637,18.1774905833012,18.5799584294479,20.1158940833394,20.4638480364892,20.079018588981,22.9214747067422,20.2437107806653,16.5736322297102,19.1986765791653,21.7546267468598,19.0108339961657,17.904715620424,20.8881876822117,20.0922602725349,18.1371888853726,19.1145010049032,17.9419410060475,21.2278415501723,20.2262030219277,20.4617949074852,18.7756035908692,18.1071079632241,17.8717664666463,19.9192283649244,18.0236325634649,21.40091189934,23.2097358281111,20.6919291618429,21.1565565592437,18.7591346576082,22.3613801648272,19.9051836507181,19.7981942449868,18.6189305875077,17.8360619582364,17.7092907209108,19.1858772209706,18.9802079215197,20.197924892532,20.3102524432456,19.0882043556254,19.9781390801024,22.1845809123723,21.1285517272431,20.3136952430957
"691_4d_2",1,19.3848641041472,22.6733618262186,19.7684342223889,21.0919863774188,19.7740726476765,19.1411328925643,17.0855459010853,17.7769117241251,18.8668428768007,18.0336669950049,20.9521079719461,18.8084515406101,19.605243344173,21.2035934008946,21.5764768662881,23.0259381248661,17.6384035478762,19.178827499043,22.0423956586125,25.0405778335457,21.025227513025,21.1958192907009,20.9780074319283,20.7024761424884,21.3380872994387,26.0373401059559,22.6974440853037,20.9933450889652,18.3664171749224,22.2329468750837,21.2899772100463,21.3623005220347,20.5219788186344,19.1010529272396,21.8421361496645,15.3625398950674,19.1370060100482,17.2740213667618,17.5081144352216,18.8280750277084,24.0309091392611,25.0617851976936,24.67540855703,18.7339537870982,22.1031621016773,17.7377811007162,24.6389556657341,18.8029351293808,26.7217631886669,24.1187755449069,21.1662916878863,19.9080150181382,25.0764863215416,18.9506417479272,18.1393853478125,22.180618558427,18.5178109915976,20.5744981451439,21.1166890216414,15.7960101186966,25.8400835887635,22.935254144923,22.2829551845493,22.6104043456504,21.8702048834336,13.7917996507582,21.5569888113578,20.0256957190087,20.3920765456103,22.009681709014,25.334266590278,22.4923317250964,21.8635049792319,22.0121388180558,25.4168012907655,18.592589842909,22.2547496634138,19.3961414062033,20.1489910916889,20.6514015296937,26.5671186679496,21.7760455753805,19.3252102300025,21.2595129690662,22.5324896351717,22.1734015386617,25.9961096047692,18.7696125075038,22.0920312740687,25.6645013446075,18.1188378592137,22.5804910514923,18.5615496498405,21.8617947524609,19.1549531724551,19.4554807924147,18.3438194312106,17.2562491340885,18.6814637432968,18.9562656886206,16.8759178736846,17.9317279124533,18.5587309972813,17.0181482453016,17.9090205100635,19.3221282269039,18.4405006036806,19.720669891488,19.374557700046,17.2966618785619,22.4572717253007,15.9214447141773,17.9918031182922,17.166787771965,20.310131196914,27.0564192826023,17.8863262709417,16.1654711775089,17.4549895684271,18.0317458676086,18.2129909656119,20.1738112556145,19.8203173564712,21.4299303974,18.4260342629939,15.7278430489285,17.6020127732632,18.4017586774039,20.5895350114968,16.8210130964458,19.8065750447974,20.0279670862749,17.9888004065379,17.0226780673837,16.8853175804712,20.6733080686516,17.6754631495021,20.5308754416235,18.647411779775,18.0229313435578,17.9152590790243,18.0082859445246,16.5003967431217,21.2021576184009,22.194559785896,18.653912348152,19.8553944126914,17.5210661629534,23.5361585495792,19.4777359956929,17.545508126245,17.8947152732595,16.799307932588,18.5104239890532,17.9401783992227,18.017722767746,20.1758916558346,19.6667015909478,18.2419506891611,18.6257855466724,20.5836682020246,20.4837252939652,20.1708530606673
"691_4d_3",1,19.5107242402097,23.5465571642595,22.2694029996449,21.7155277393324,20.9572597784332,20.5536606158101,18.2755794704952,17.5941923658769,19.94294523437,19.1369703614058,22.2241199589536,20.4696163006696,20.5449113794782,21.697498695959,23.638079072265,24.6047808558461,19.9748495926029,19.7752246737807,23.3813680616601,24.2281231432055,22.1132444598339,22.3745463611207,20.9590435893744,21.9469680808064,23.231580289487,26.5041476669085,24.3623386137925,22.2966127702043,19.596722121317,23.3116052804942,22.8015321392589,22.5014806040082,21.4423853159759,20.9797156098549,21.9139381224885,21.5420950894337,20.6987200504258,21.583262263152,18.5062062760592,19.8151393077585,25.1219809242138,25.4266058639296,25.6777886567702,19.6237685219064,22.4956958401012,18.5088562743113,24.7083596070915,20.7736110355421,26.6796185561425,23.8013720625472,23.1171872341399,21.6012278803759,26.3010012066002,21.9964115074335,23.1115974120532,23.9917524293856,21.7449909743504,22.8524044367229,22.571868396339,16.1822779522716,26.7859225737927,22.4996946106348,23.4208673057217,24.0540406270236,23.5097624658631,21.8367966214383,22.7820248231804,22.5355111865409,21.6900472964932,21.4147484386774,25.8480420735862,24.0523006361752,22.9634002779752,22.8589517836968,26.5502302419047,18.4789172227918,23.6139245596549,20.4016206226729,22.1713894503624,21.7130765914051,28.2950933805617,23.4217886772734,19.0386452786846,22.1447634487383,24.074822856711,23.7258236840669,24.0707261854173,20.950944990766,23.2750214368572,26.6676197630673,20.9005278176862,23.670256688455,19.5790739083763,21.2011380329277,19.8421859928836,20.1201730909879,19.2098626448709,20.2667922944419,19.7212109263343,20.3433516141212,16.8328000006937,19.2424042403728,18.0069053564102,18.1439610722807,19.082195506702,20.2915053490317,20.712863853361,18.6745490464084,17.4220297898865,19.5881470894305,23.5719206793497,20.0771702943963,18.6078062985729,18.7598437383038,21.5814398120268,27.6431237251495,18.8699130859775,16.0161534852229,19.2912123355883,18.311058144025,19.2301692796934,21.3399759484977,20.8780072046021,22.7164690003214,20.1852182178421,16.8046974331714,19.3158039473505,22.8084515506615,19.9765625145531,18.7728863761739,20.6047797026431,20.4384384466779,18.1730397006787,19.7544148618659,17.7972872415622,20.6062768939196,20.3103749224049,21.4592661257144,19.464827095456,19.221325171013,18.9704334965354,19.1485819570497,17.3222643981906,21.7169048097661,23.2638554043001,21.2445485511309,21.4886107035344,19.7868585518597,22.0942470286433,20.4541824306225,19.9942594252129,18.8202090519367,18.5931572603389,18.3058967530855,19.750125337915,19.8079165437197,19.9933779317407,21.0660221390784,19.6505553994108,21.4475292640588,22.3805445864828,21.4848646449011,18.508042844053
"691_4d_4",1,19.289002358179,22.9941210170926,21.2389675774646,22.6320845445507,20.328856673502,20.4364784194377,18.3236972219246,18.6842139913657,19.4315425278549,19.0810386170162,21.567213073981,19.6155447434051,20.2146533414354,21.6887115761471,24.1194015772404,24.2983995065904,19.6457443382066,19.4599587442827,25.8450355093723,24.0054066108913,22.7059339207127,22.7359933565301,21.3577348202153,21.6151406682861,22.8517229139323,26.6219098133668,23.8652041309925,21.8250363475728,22.4757220835888,22.5318036284539,22.5337187384978,22.867945732258,21.4796143711404,20.7842505596312,23.5721397270609,16.5062781950735,20.1209446554679,21.5851229802627,18.8137791062926,19.473724199091,24.4241797275348,25.329829469716,25.8216946996709,19.1358956468549,22.9489385455816,17.8956665618637,24.0744416712463,20.3378699208322,26.8802750770692,25.532895986321,22.8322437245629,21.4460964593741,26.3781054820777,21.5677803697128,23.6759983736177,23.4967785254765,21.7520699040671,21.6507518776132,22.1079686707105,18.6572124953731,18.2990785702828,24.7919144705733,23.1312571944265,24.0261350059063,23.0229416297931,22.0844297554019,22.4030783286035,21.8148109973033,21.3578844134237,21.0515701207473,25.8497319009261,23.4338686498509,22.7596505045624,21.849442250397,26.1093328436133,19.5626913250203,22.8606610919913,20.4297443178579,22.0968493412787,22.3256444061574,28.125567139329,22.5548980732879,19.6187348861257,21.5540144975056,23.70183259144,22.6083532260454,24.7971971486601,20.5438931863333,22.9307864041716,26.3451910395053,19.7307258897418,22.6471678725304,18.8571164971338,14.468297742924,21.0508295737148,18.8406286306198,20.0314667938036,19.4609386873399,19.247293888756,20.0319049919653,18.2555578242799,19.2912746448062,19.986146341978,19.0661671868409,18.0413796454646,22.7695692676404,19.2130654789652,19.6957615192829,19.39183513558,19.722784184873,23.2912685948467,19.4211811487568,18.942687873392,18.6432958745727,21.4333439225532,27.4941951551107,18.2044293207134,16.8584416362216,18.1977720042886,18.7949598324644,20.2551382629831,20.9956873169509,20.5762085072484,22.5774602043047,19.5704328505768,16.2799957786154,20.2422090051969,22.2467390193912,19.8679773779941,18.367166051733,20.6789151015248,20.3667651053126,18.9412814051818,19.137287776651,17.8948310954725,20.9298307193379,20.8162549270882,21.196726869694,19.3452582991583,19.0016136659435,19.3189944300116,19.0855524010558,17.5103922911175,21.8084084395329,22.7711412890945,21.0367668898707,21.4262225817005,19.4059668832134,21.380030156174,20.3909533568354,20.0915015592151,18.3953613839366,18.5634384827067,17.5956244874806,20.1656190769608,19.2127121450176,19.5067621703028,20.615315323439,19.5448718548063,20.5211993813395,21.8800039480287,21.4461844225032,21.4284453229286
"691_4d_5",1,21.9726620661448,23.3073606785866,20.9497495324224,22.8714960063275,20.6252215550423,20.3677346563948,18.4438092641159,17.6310191114691,19.3195970779915,19.5386812155257,21.2111104287596,19.732121747919,20.1730419638775,21.7507892707099,23.1967953941436,23.9208377920523,16.0632249503293,19.5130517889426,24.5986353595893,24.1090131059864,21.5220445550327,22.660153764982,22.0345295480419,21.6074260610903,22.7598803224479,26.5071217269768,23.7924971222483,21.1681561219226,22.2333564003173,22.0925997167346,22.4448253317345,22.5259941841268,21.1423975926028,20.3911750207772,23.7045314542755,18.8568708518271,20.1222245399596,20.1097903664351,18.5132171508861,18.8979618221236,23.9299527154,25.4637664628937,27.3079079177896,19.3383870388517,22.1599748665744,18.4472043493197,24.4763429107622,20.5152237774584,26.8882287623472,24.6963259087118,22.9944833110025,21.4097541976326,26.3645463981397,20.6708859712105,23.3689881088551,23.4792703869097,21.8478780774114,21.7478179830866,21.9041770144158,18.5301741901291,23.2241152842375,24.3940489575212,23.0759019277016,23.9936178198947,23.0024099710494,22.0212685705048,21.9565307739274,21.7066775050652,21.4491684663192,21.2959903737617,25.7939665041899,23.9391384675243,22.4737664510265,22.4603144899988,26.1248224277647,20.2909639986761,23.4145737909386,20.0287956129271,21.0137015623809,22.218830187355,27.4251144408266,22.1685115078696,19.8074154315573,21.8886184200412,24.030250215109,23.4633671107116,22.6565190872638,20.1383766720556,22.5546531721673,25.8219262425529,20.5749684835008,23.0041449061226,18.8173535960208,19.8216526460094,20.4728640669095,21.6520487203527,20.1479579949401,18.2568241334897,19.2273755084278,20.3210586113915,18.0547289772193,19.5707888533166,19.8965202083754,18.2325815706554,18.3357838827208,22.6148962793258,18.6081114367517,20.1765569888913,19.2315727722771,19.1698784159417,23.3055267043193,19.9118305455299,18.9105641757559,18.2825738997586,20.9751072602072,27.5261876209987,19.1518352083172,16.3043857484612,19.2615214397781,18.5042081929219,19.5432482192279,20.9668149165139,20.5403273453128,22.3384082103391,19.75945295387,16.5270542440585,19.4231493948906,22.2563640498433,21.052930922413,18.2648150191454,20.6667253110883,20.9296008652598,18.8004331134227,19.134474871822,17.8917455926135,20.3243831211414,20.259473560905,20.6852577596666,18.9619771293936,18.3365016521497,19.4498491577712,19.3536762984164,17.268405690502,21.8589065492801,22.8658218071333,21.2089737080724,21.4167212826488,19.4100540833753,21.30419454985,20.213651411757,19.2001147367736,18.7106557751931,18.8721066674476,18.5026214257428,20.0536622496091,19.3345101431063,20.1094423659808,20.363500524821,19.4271868263807,20.3127945054547,22.6636281984845,21.3852740522577,20.4678672176201
"691_4d_6",1,19.4577994327956,22.4898408879492,21.6556335029383,22.7896177752368,20.7038564411883,19.8205723695257,18.7744560018233,18.2760723219618,19.2947432532134,18.8746070944404,21.4607554761727,18.9502234575788,20.4826341237072,22.0016063371341,23.7227090061608,23.8730944475738,19.2707164292125,19.446184420912,25.988830864258,24.1404605833556,22.5133093938424,21.9349863069132,20.0090827450676,21.584815772914,21.9616927543118,26.7035355304785,22.9653872606518,21.2124180884217,19.5907987588615,22.3253433203585,22.3173358778468,21.7124832895939,21.1336322223575,19.7096204516625,22.1128398622704,21.768421216017,19.8210887709553,17.6977091160025,18.3614140436013,19.2793468963323,24.2154725766743,25.4808764194369,25.7442820077897,19.6238722818852,22.6943792972718,18.467529458317,25.1655700796036,19.5783603070478,26.6398867954295,24.5354745585612,21.9792195853053,20.46177295013,26.0553610448614,20.5598582591367,22.475820351606,22.2780181937595,21.114333663559,20.4277932053303,21.5361125908811,15.3604409115216,17.0506427396354,23.1296899390694,22.6900420870379,23.3659242170042,22.2644499326095,21.1823211938003,22.1085311938975,20.6810764407081,20.3170396462155,20.4227846896699,25.6074327960643,23.767817745012,17.5704348581331,21.9821860250255,25.6737602574012,18.8525571953425,22.9061646497663,19.8883582726079,22.190264240543,21.732243553923,28.0290619767007,22.0686262385138,19.2043891346774,21.6709101949839,23.7546017374108,22.9120158980945,24.4566495441271,20.1405243282072,22.3167206732901,26.1071110293482,19.2773551698834,22.7618239344893,18.2857600547281,20.3628490351889,19.8967411081452,19.9923593222019,17.394127706093,20.5444807842592,18.9200922979697,19.6945399612409,16.8244566344897,18.6130998557554,19.411191612708,18.0306318902941,17.7615213616853,20.116878775825,19.1191139692833,20.1498371382609,18.6998327842427,19.1009675553575,23.0726978003038,19.2657543501694,18.3759560463669,18.2885203005511,21.1679599510188,27.357732962432,18.4635940772443,16.2026040436707,18.9447536089017,18.4892169737266,17.8158511147337,20.7610773176022,20.3058979578767,22.231435881538,18.9981355265345,16.8465996432451,18.7955586881445,21.8204636448148,19.3823147551576,17.8827591239401,20.7987518093414,20.2832569524508,19.1128338262712,18.2717682920146,17.5075985584845,20.5825615614868,16.9169648896905,21.3677921947478,19.2756138065583,17.042318083141,18.3541348123812,18.1238446814489,17.0094325329665,21.6304153688119,21.9520128671272,20.6623671919185,21.0017444594743,18.9136708662046,21.348873853736,20.2799582420358,19.3932657716209,18.2533060985563,18.1268415830446,18.1574833962011,19.6470171339221,18.4622048336266,19.4443155943166,20.1784795229471,19.2735101095084,19.083082133775,21.9785235069817,21.2352172144787,20.2154190563305
"691_7d_1",1,19.6757934194403,21.9057693439987,22.4747997552584,22.6925229673189,20.8772782594948,20.0641291381392,18.391600320075,17.227837733244,19.1703180384018,18.5025548319033,20.8680420956488,20.0203883714578,20.5678539782872,21.3715665183285,22.8011460630245,24.454529212199,19.4116292061272,19.1114705492297,22.7531867438235,23.9664745910055,22.5013477235758,22.2889785489682,20.2998636738939,22.1612261644322,22.8705406178295,26.4618601949513,23.8272328194397,21.8015304318014,22.0373811469236,22.8698267749092,22.1069817046167,21.6666208054478,21.1891829162386,21.9876129992574,22.1963018686593,21.3266752509394,20.6165422494581,21.0462227940662,18.1250729079188,18.9300222160338,24.0386086155665,25.091485569798,26.22660976282,18.9602737740453,22.5962300920283,18.7676517760483,25.0551229041194,19.8080666341624,26.966761516531,24.5591025221675,22.8074218915431,21.3079448695691,26.5715156361156,21.5088659686932,23.6305759165261,23.3951970104102,21.9834399401979,21.913077763157,21.9642702523835,18.0713821877539,17.520874812882,23.6105952052137,23.0053795512884,24.1007370594954,22.9090687017232,20.5794350529884,22.4064607377919,21.80295655446,21.7487412277413,21.7973168265711,25.6451874724245,23.2735485264005,16.1367455901167,22.0863815109872,26.4992679362788,18.641717458343,22.9456140213618,20.5477256091055,20.9084079131516,22.2351652873609,26.9963507906281,22.6948501593681,20.5112473613012,21.6886168875013,23.7381001601309,22.8650345247229,22.5842842254621,18.6391082237155,22.8409393202579,26.5655609788174,19.7650647460931,23.6149427778877,18.8532223598335,22.780516132499,20.6096942028977,20.7039976912531,17.5919094403999,19.2990283658605,17.8056306383239,20.2896398060135,17.2194000077862,19.3958597866214,20.071880494373,18.2947180356836,17.4307017841827,21.8967921021884,19.7593281457243,20.6384747059071,19.7831868591146,19.6841311536481,22.3683922693408,20.1252440646888,18.6814878756557,17.6531810524013,20.4111921322489,27.4042290863298,17.8773172270679,16.3436008957789,18.0609898758056,18.1634366807559,16.8530529272908,21.2712740920241,20.8190116184724,20.3623482889829,17.2803927563649,15.7607239996482,18.3969157198682,22.6948503039266,19.7359790396134,18.9926746760598,20.4675244524972,20.0971249339433,18.5705062494925,20.0323536453442,17.2969112632234,20.0650305201234,19.6424279689598,21.0510853743888,19.5021559804539,17.9655881007658,18.7378322154662,18.5985012677601,16.8188093654396,22.0726628572439,22.1740566175053,21.0403430277367,21.7654136258452,19.2971104445889,18.9522634710272,19.9117707866261,18.8577356170367,17.9346122906063,18.4319072690961,16.8342881380772,19.9952589227498,19.0098127675694,18.3372492707053,20.4620238355315,19.156023597395,21.0233086177172,20.9246638869999,21.6644415554296,20.0083171198969
"691_7d_4",1,18.8190582038993,22.6641830967395,23.27892154244,22.3077174818557,20.9077322725468,20.2921568938735,18.5599577763151,18.6516552583812,19.8395269578222,20.4348835814289,21.6965970110346,20.7424689798781,20.9022935262101,21.5046114075394,24.2224812195744,24.9413350920848,16.3147629086324,19.7546101487977,25.3345488088501,25.0327374896484,23.1629139991825,23.7529624335294,21.3314929173181,22.9848011930829,23.5547787100097,27.1208249317928,24.3397707385627,21.8956716889904,23.5340376166425,23.3813140679202,23.3766169991905,22.8294980258513,21.7965777981751,22.1671617403287,21.6992824667785,21.9113137013953,21.6583021514707,20.6895837380269,19.9516808851714,19.0194815592775,23.7739006135925,25.6321827347355,27.0844882198971,19.1808210112646,22.4975064363652,20.3767108480838,25.6086668248261,20.585276849048,27.2808396682162,25.5232774836365,23.0602199714369,22.1497458543692,26.9546623982972,23.2064357823327,24.4887553075946,24.3804461791841,22.5499708587862,23.2812633259639,22.9688205722494,19.8449355078904,22.9623318558569,25.1401391447788,23.3072810962748,24.662197452954,24.0314117302447,23.1552911792364,23.5801458744986,23.8899724730818,22.3176046726112,21.963675713375,25.6363858465968,22.907246107093,23.4407410025993,22.8045506875693,27.0528079118702,19.4329491971839,20.647265556826,21.3239287358201,21.8773242767203,21.2264179154933,28.1959647420296,23.6148392708661,20.6620369486484,21.6226068540297,23.4159657572484,23.6611179222895,23.6334651811505,20.8106208348422,23.6730986581346,26.5514301953575,20.1103090491331,24.1157976952481,19.925996796186,19.8117870284956,19.8691533206093,20.9920631055407,21.5507130263265,19.4883137804836,17.6689766138278,19.850120443691,18.3573153449873,18.2788082056675,20.5491032988596,18.5974396955312,17.630663837628,23.3273089777159,20.1724753370018,20.3934027714154,20.7445727273706,20.1141528868548,23.4968376617399,21.1210060696391,18.2550434664683,18.7588760548203,22.1014013293482,27.9470796911633,17.4930487774895,18.091600133666,19.505289027106,17.2810372750178,22.9722619734507,22.0689069676819,21.410334263235,17.1405717895175,19.4670083030634,19.128222292244,21.4405618248316,23.9224231747784,20.755275460638,19.7687716610629,21.5454790403321,20.9147700331056,18.7904378025581,20.3858991575049,18.2273311626552,22.3049531596009,20.118008097201,21.7990834301662,20.3197335414436,20.2357132771938,19.4324353168586,19.8835437057332,18.2493857926097,21.8219325473316,23.6215615824013,21.0579865130059,21.6755056488731,19.326054857363,22.4257030021275,20.6897015849899,21.1273864238671,19.3015130638294,19.2181794144482,18.5933974483433,20.0969794117835,18.8805302449378,19.4255456158139,20.5556099438547,20.0126254111581,23.251056742468,20.0926260331962,21.9059178185267,19.4963587852689
"691_7d_7",1,17.8706627909967,23.3843931848488,22.0350078584429,22.9860565100895,19.6074999049791,20.0030938362681,18.1634709169014,18.4311470852349,19.4660965592505,19.3496528301119,21.2470156149521,19.5012200281027,20.3847253517414,21.3457416073605,23.3826302283663,23.7894211292006,16.5038858655552,19.4595189294506,25.6206456954101,25.5237387432547,22.4897096697961,22.3336279842327,21.6252606055923,22.0892320185997,22.3243297155238,26.8350265011254,23.290936134455,21.5561988086501,22.6847163100839,22.6467412335209,22.7730011296885,22.2779936705894,21.2062394625881,20.379363677361,23.9489547289053,21.7358687599676,20.0431996468759,20.5463482204175,17.8132898332246,19.2091151541528,24.2908893152273,25.496864982283,27.4378590349996,18.7165069276489,16.2683698637339,17.3590117349808,25.1949352794867,20.1311356960308,26.5314895581477,24.2165208202992,22.9864437756054,21.6369501115242,26.1734949212927,21.3230565197673,23.8138233220016,23.0842740740696,19.9683357814089,21.087265545297,22.138610500805,18.3859738414142,23.9429260535894,24.1234659415313,22.8844894861886,24.0219569056772,22.8895744279016,21.9277273508756,21.90132459992,19.5916468077317,20.0368023398775,21.3768282862198,25.9777866183636,23.8712932274952,22.5916948377577,22.4347400881036,25.8505146431275,20.589339055789,23.1083107539455,20.2619284037093,21.473045416461,22.1941945544031,27.9664784735908,22.426253757793,19.6125157381195,22.2715600355657,24.2952260204191,22.8852103863622,24.9651419131897,20.7563567100528,22.4765348861113,25.1588098336369,19.190025802012,22.3339358281376,18.592433855888,21.3203138060951,19.8949822721937,21.0187516703462,19.3405920158919,20.0330613252665,18.6174387672239,20.22259964264,18.1973378578564,18.6201565286249,19.8514507663021,18.415928668663,17.8198670927895,22.0385145487545,18.6401742241664,20.0957221195626,20.0246674468656,19.173279010637,23.8404730381651,18.98245757021,19.2686571702735,18.8003784656531,21.7172427321398,27.4740811529456,17.5957237466327,16.9097327630112,18.6386318295261,19.3499568855634,19.9104441935246,20.7694618623634,20.4529605868666,22.5824340647826,19.9542059644598,17.4105924985992,20.2432025232995,22.1831646709278,21.4500728119913,18.1746837523695,21.0066161257503,21.3969319950949,18.9264635623649,19.4241940622694,17.9771619556369,20.8360425524197,20.3100994194804,21.37054695485,19.5105876260528,17.9774348425959,18.8941424748174,18.7453097988133,16.5926112504463,21.28451100888,20.5978363330304,20.9931398258455,21.5365125010765,18.630316974581,23.5231722585368,20.6697627353592,19.6217678294869,18.5604619237609,18.2931432480603,17.297165718552,20.2546382905823,19.1337489050472,19.0471595223254,20.1236274958811,19.3257772332648,20.1392566457978,22.6699122989401,21.9434130999857,20.1811596189191
"691_7d_8",1,19.7049805277557,23.1966241825013,22.5005840665658,22.5278610574321,20.2197777792307,19.5461259510975,17.3397423405109,19.1576971750731,19.6309392169421,18.6302582448966,21.7554579141179,20.0594384697307,20.7867513284329,21.3021301021133,20.8327517711764,23.2445843214171,15.7304202219845,19.006766595964,22.7987184163897,26.0266369645224,20.2409629761325,22.1832274177246,22.5779003512314,21.3837164651075,21.8145775453837,26.3721126987042,23.0637226826415,20.8282733939974,14.9302593139941,22.7298383813657,22.4376111264625,23.1929546209546,21.150525390122,20.0947182131825,21.9010172913114,20.4588115271294,20.5842609500817,18.2748923537544,18.7318214109953,19.7173350357794,24.0572492376506,25.2882245062453,24.4335237168625,18.9816112452594,22.5118534497687,17.5706019795931,24.7731814786291,20.0037605099228,26.0042849420726,23.9862600917678,22.0539278009803,20.5119904741958,25.457589065644,19.8134257317365,18.8778053481243,23.1046843019822,20.1824500602703,22.0773908993618,22.0814844267772,14.6211632380931,26.4244670589698,22.3379805600711,22.8769729410929,22.6094817835431,22.7293250795747,15.5723189710072,22.413781125607,22.8596789704288,21.5463636311631,21.16689306981,25.8296620616104,23.6228714768154,22.3081650489094,22.6188868161921,26.3574927409495,20.3614496864863,23.5224979192869,19.9993178243415,17.4439841750092,21.4741903385239,27.0855416081323,23.1502900624375,19.5143601344819,21.7502031008956,23.5703831586154,23.2649160609783,26.6955105212739,20.9253807894573,22.8762611585631,25.965192821739,19.9120373736908,21.9927737009598,19.3715143905449,20.4173995512301,19.5927424077966,20.948121226681,19.5062766080366,19.451531146363,19.974747396311,18.9557954792585,16.7564744299451,16.6889570641483,16.7832940389122,17.3563610864521,18.0329463341516,19.6198151623801,19.3261681638528,20.5042660240883,19.9683321097802,17.8956632954545,23.9245671727792,18.1201202456716,18.6718255869475,18.8507266557482,21.4886588772003,27.5662970866242,18.1517642666052,17.1019866695246,17.8588243035209,18.4825336236779,17.2103023082302,21.0753571866621,20.7732428129403,22.3212745604079,20.6536197014892,17.614240675611,17.8592544165283,20.760227394985,20.6715072354898,17.6416500506167,19.902359120726,20.5320242026616,18.8638807076806,18.5019651215287,18.2249195876743,21.3403124380986,19.009327570808,20.767005513143,19.6390488706011,19.5839423510622,19.4467747392524,18.6796664437886,13.819380096948,21.9188690357615,22.4941962442247,18.9564653818974,19.8736800450296,18.724509293168,24.8569476763534,20.4649176149608,16.6164463893828,19.2037803885475,18.408858584494,18.6654249719992,18.4735244803948,19.4603857977732,20.3832773575931,19.610237179398,18.8458336895261,20.8073687965526,22.7693425374562,21.0595605722403,19.7142646538081
"AH1_1d_1",1,19.9431805071317,22.6469047119606,19.8072872655025,21.7477548205543,20.4203718550405,19.8921105005817,18.0992392354823,17.2178623571315,18.771291002717,19.2122614196667,20.8680679925795,18.4024184488794,19.7561678522288,21.9733677141666,22.5932127222824,23.6008443336812,17.5463529987975,18.877048895916,23.3873760453104,24.1923422267982,20.5612060592733,22.5783986151937,19.9971723903138,20.9112595269684,22.4964894182565,26.5794182128576,23.578121192484,20.6523385469127,17.5482236795888,22.2563892691526,21.8640127252762,21.2082498382097,19.7993123196431,19.9380946572526,21.2842093660492,21.8060264635401,19.2262199977997,18.0143651463888,18.1455941096087,19.6734512718737,23.6963799113842,24.9993656524314,25.1617239942783,19.1275994017706,22.7233263744323,17.9402253603066,23.8965235143331,19.7723815713794,26.1532227376291,24.1347764092394,22.3460879574128,20.435685900836,25.6857913027638,19.7625263990463,18.2936153361078,22.0712540062224,21.1541482801983,20.604345771908,21.2390962414857,15.2630040279827,25.1773044109417,20.7878449472672,23.2115854495157,22.9208676730822,22.4613515686207,17.9835819865266,22.0500561347665,21.345481304866,20.7146055694946,20.3969166050257,25.7645218670551,23.686499815761,22.3613103548069,21.3807606932595,25.3863868839011,18.5718425308407,22.6657072497224,18.6599313292451,20.1887334012183,21.2392366780797,27.8207029153367,21.0468228583694,19.5294059552081,21.8841050308342,23.4585038496009,22.8777899888944,23.8235959223311,17.6169878175123,21.812434894194,26.4747015219776,18.4948263954016,22.0005543660624,17.6266897477154,21.9257349499663,19.2366594210141,20.321731821354,18.8594065843905,20.3761241939191,19.0893294713394,19.5513851313202,16.1996427387477,19.4624053820367,18.9732607630738,17.6786379783493,16.790457496388,20.3026422231225,17.7695149981637,20.0007381845071,19.1717094594958,18.2464793891995,23.0239739499795,17.4808248304372,18.9826844988641,18.1420664620726,21.1955513202158,27.2591386375785,19.1829852974268,16.0867972158477,18.2229876711879,18.8455300580105,18.0371763012168,19.7125665712919,19.7709249065934,22.4545706938712,19.4550671272928,14.6697374721895,17.4963491694906,21.4137654938694,18.7980599571439,17.2574265158117,20.6401056835705,20.0630756429013,16.8679179804089,19.7389466209876,17.8276977255677,20.7533729150394,20.2430235901513,19.8706913192513,18.8616786781057,16.9693358289099,17.3621541705663,18.5377597292781,16.9210328317629,21.2027858339388,22.4908025817067,19.918925852333,20.6178784900176,17.6736222483185,20.474060426499,20.3431732326989,17.5633621954914,18.3715866585556,17.8230117569852,17.4096377627738,18.3632274294521,18.563485152716,18.6517842166152,19.2246261768223,18.9116415147401,18.7322418804659,21.3145027106453,20.6090420944437,20.655981544168
"AH1_1d_2",1,18.736925351648,21.4863043879838,19.2415642949892,21.7547220316852,20.4540579079857,19.1887617780232,17.8164606615098,17.1743228089797,18.6513985831609,18.9190755852686,20.7654501841177,17.7921869598566,19.380048271206,21.2472416796142,21.4687135157755,23.1163290836815,17.7587243455427,19.0861380442344,22.1653742803708,23.5688201386796,20.4260846084729,22.0448546689972,19.6520864688947,20.3966230358884,21.571211815323,26.245624767857,22.8337391657537,20.27975029281,19.7027573903132,21.7065741391661,21.1039031024046,20.8429243493934,19.7379898540048,19.2392157862821,21.4744946769946,21.0667651202271,18.5249497080973,19.2967440223259,17.2457289323274,19.1417276026917,23.5377425357179,25.0544438766532,26.0067678738464,18.7379894306177,22.282801944574,17.5205459560659,23.9076336319958,19.323335360999,25.9404449632443,23.8335888889933,21.4621078839788,19.2725032816206,25.3233734955104,19.7727651038378,21.4906809619857,22.1832812820875,16.2966956484298,20.5732824718232,20.9065491275604,15.0735619992794,25.0423028575115,21.2023655996756,22.414739711168,22.9179579764367,22.116657921068,18.0818495197615,20.9126545961374,20.0899679159953,19.8546749212548,19.6339832675753,25.4534885569374,24.0262199172994,21.8106214250859,21.0046754378252,24.8824159633154,18.5512523717892,22.7326749087023,18.3811189750226,19.9671540857057,21.7851407473446,27.5168211438952,20.4888222407698,17.3840095816435,21.6581933776884,23.2554552426989,23.0755683012018,22.1114861970523,18.6698666694207,21.40356763443,25.6053682321698,18.4019900610033,21.5512457176864,17.1193791446745,21.541834894973,20.3176071159791,19.4801772754876,17.1999335906911,20.8767755460329,18.3015983236955,18.9923629863306,16.6413022142928,19.3229356430196,18.8873792479981,17.5810238392261,16.7999926265955,21.180608028924,17.6664052593523,19.3692524926788,18.6294654047489,18.5771035878227,22.4576360371483,18.4103076183605,18.260074815395,17.5176814223246,20.3336399712308,26.9736993756307,18.8135830250937,14.8465641538786,17.696523522214,17.9002730141545,18.0531490217733,19.3914875589131,19.3603018881267,22.2470101431919,19.0856240753112,15.4223768694871,18.7954792289688,20.7646913460445,18.0629603348935,16.797391521467,20.0323153628598,19.4036678103186,17.8970420177536,18.5615596377417,16.8326772098636,19.6749065226831,18.5615036818809,19.5656930037593,18.3138083184053,15.9841752828946,17.2425241294704,18.0934660863276,16.9284365947893,20.7524888155193,22.0855022615763,19.5846973491389,20.1785515135489,18.4839428136208,21.276402141749,19.803226498486,16.3202786201925,17.6857806848851,17.6567380468136,16.7945342519209,18.0284203031791,17.0740084260883,19.3305552157105,19.1242532722218,18.7889892548428,18.8877989460567,22.5198371432729,20.2064523393926,19.4606870909673
"AH1_1d_3",1,19.8673141827511,22.3096474729676,19.8182507909826,22.584172415364,20.4810295384078,19.9419864318039,18.7088318537917,17.9299096655355,19.1838652471412,19.595872787956,21.1191381516535,18.6781094298107,19.9551360865783,22.0868361854782,23.3908255962594,23.4963030327607,19.8517578063467,19.6869027202216,23.4715862069777,24.0101794742305,21.1303525594548,22.5844344025626,20.5460616193184,21.1862218790352,22.2007670280105,26.5376981772051,23.2282250289614,20.9056741225675,16.5106705703873,22.3357411390214,21.5854091278528,21.5656179050318,20.5665580617664,20.729776627247,20.2411531157532,21.7185522788434,19.2684880436146,20.1296125741676,17.878877500709,19.7177327553875,23.5444218026387,25.2005374124465,24.9096988887653,19.656948903196,22.6350687209934,18.1049294232359,24.4404142948443,19.9126626627767,26.4065856912032,24.2509608425439,21.9513663359469,20.3813332390185,25.4552799234188,19.5645308922129,17.654370309214,22.0773772728312,17.6168359005035,20.8422955008269,21.3431372919192,14.2122273954053,13.3894878517326,21.6093029595004,22.9669066554788,22.994775635111,22.2901266291349,18.7167651199393,21.5837129306754,21.8878007208243,20.80415669446,20.2824174484929,25.6584205537805,24.0033843272017,22.6431029844964,21.5405264840992,25.3613610977698,18.3691905519137,22.7868936416175,18.6753929451726,21.3963441953769,22.2345433692754,27.9137665497096,21.3600234268472,19.309909143741,21.7852471967627,23.2414604998591,22.9530172934621,24.1643490051588,20.2259419396826,21.6514666473757,26.5774730729861,18.901021421192,22.057172709746,17.6623521600528,21.4736706792217,20.8181608237949,20.4294064391409,17.5426657847979,20.1700116723947,18.7441382119768,19.3855234140876,16.4515204652432,19.4436682954732,17.4324112871022,17.5766014172931,16.5702111073575,21.3172900490852,18.0910198596448,18.5591208028326,19.6559097525518,18.9383576479079,23.1736618698172,18.2343603615785,18.7611176594503,18.2992135298858,21.364839093689,27.3475184152496,18.8775589018865,15.1607511088966,18.8232353466249,18.3363700660687,19.223333970315,19.8129698092349,19.7573903304338,22.2894020973267,19.4103856269002,16.1051890404907,18.7117137936345,21.6325507134059,18.5676387216654,17.9236627126064,20.4533824828232,19.4524486758448,18.0293542643004,19.4788646673428,17.6064830181888,21.1880062094485,19.5518301024356,20.5477251931409,18.4039814929235,18.2091714983834,17.5840524843635,19.3103027045717,17.0117108120365,21.3673742874626,22.8572104728221,20.3137794146601,20.6317021290884,18.55294946067,20.4884652525958,20.5064104360178,18.9824375919385,18.2613931412796,17.5706522660324,17.5206407131453,18.6299891112567,18.775112211636,19.7288354707685,19.7140410182491,19.2477451999516,19.066238450254,22.9738595756848,20.5984054844587,21.0670305715389
"AH1_1d_4",1,22.0776328644258,22.6936981595163,20.3812446879687,22.2745807134389,20.766064683106,20.481876322967,18.2622517679094,18.3728233507239,19.4212559297579,19.9854780243465,21.739389855081,19.7600232483601,20.1542514754935,22.7677285559358,24.9644935193364,24.3180113837761,17.2463628116592,19.8808996644261,26.3748837192394,24.0718724950429,22.3782182944744,22.2443316717973,21.3188900288813,21.9962006411699,23.2259403256457,26.7685170821296,23.9274871839559,22.2551438158047,22.5863602715946,23.0074966398992,22.3563872203835,20.9794292472985,21.3236793446977,21.6459979472664,23.1977072637721,21.7969538236932,19.8824888153429,19.8695901802781,19.8341386379196,19.6352548889854,24.3922847302524,25.462620259582,27.4620374516919,19.7505728410643,22.2118402882503,19.2925719071816,25.5674506072976,20.0620930585904,26.7683224271074,25.1034154071401,23.0299195662513,21.5843139024021,26.3790854536469,20.8962122292082,23.7315721002981,23.032998606431,22.0213685457875,21.2342258950368,21.9710996837505,18.5439029281094,21.2414979041334,24.612750673432,23.0280581248544,24.1204257358394,22.9747671290957,22.449521326081,22.9417331269551,21.3868408859729,18.8438519573035,21.0334466869933,26.0036625675575,23.0850783573509,22.6811383826531,22.0059441674299,25.7580952792875,20.8812079572191,22.9977367023515,19.5414623881994,22.5909611500724,22.1757518318978,27.9926842974964,21.6048833470198,19.8148408304828,22.6179521758631,23.8487438085677,22.3804850022477,17.3995670691404,19.3740119725038,22.4823869427697,26.7465088507613,19.9017487269363,23.6618140735267,20.8497432137417,19.0347095107386,20.0390796609323,20.8890478800088,22.8363052218958,21.1381433082495,19.1092638297876,20.2059890107793,18.4583013560302,19.0785885467783,20.0561890696216,18.4115048577003,17.7083638358895,22.520206177602,18.2135672973613,20.4541819620158,20.0505262485137,19.0348354920714,22.7615202755654,20.7574280424017,18.9491973734194,17.9935453356678,21.3029971108094,27.5692282422417,18.8356134013827,17.5029375756721,19.8697699325893,19.0100765900618,16.6819564266146,20.7854088152573,20.242965783541,22.2060598984787,18.8116157543359,17.1282667613681,19.018495597386,22.753925762228,19.5334519695509,18.645733517541,21.0444921974559,20.5485173466754,18.4960924626187,19.9422133411836,17.4124172311217,20.7819785866122,19.3420741199959,20.9138316546152,19.0988770831468,16.9546752607329,17.3470416619062,19.3494115040988,17.8825900807298,21.6549731427534,22.4693504068017,21.2504141277074,21.7072241895998,19.0843479069211,17.6535726352659,20.6132215733552,20.1933819902253,18.7703846017806,18.0417343613355,16.7852676788046,20.1941358804186,19.3280762203152,19.1221812961821,20.3806631707722,19.7558121428398,19.757130610706,20.6377880545433,21.759076469746,19.8593075660827
"AH1_1d_5",1,16.1286870134009,22.8539548535265,19.9357675568004,21.9332887370436,20.2053418400596,20.3292810431849,18.1143283338516,17.8582844559752,19.0491157389047,19.8102591121725,21.1469121607607,19.5926686046939,19.5162769929756,22.1945969201744,23.6532839796387,23.4628418091214,16.4948151662206,19.7478652894491,25.512457087768,23.9706014542443,22.1268737401162,22.0993825236289,21.8840258896523,21.4524919800558,22.3402330869724,26.6353117301616,23.5058787145444,21.5823332091157,22.2202936480415,22.2890261417062,21.4249540836748,20.4637934251596,20.7678174546558,21.1920207432013,23.1844157959271,21.318457340289,19.5177249684544,20.4492392798582,18.6885659287188,19.8607730239238,24.6870532706054,25.1594710043787,27.1884287606245,19.445012352417,22.5419448321725,18.8974844955107,25.0890877534156,20.0166761108642,26.733135870604,24.6335884265942,22.360136982649,20.911694507473,25.5469518810958,20.3890504699354,23.032490817884,22.8641946755896,16.7725130202187,21.2324566072967,21.9450958714155,18.3437833039031,23.033053543588,24.3753797772634,23.0617728556547,23.8118330657191,22.5131085614946,22.094388983841,22.2961172939724,20.1119940083158,19.4083846544961,21.0271606603377,25.7787026232408,22.7708858583314,22.4859826632219,21.7381901078955,25.3774310006908,20.4881323834118,22.5135246246305,19.2842456696406,22.0667537754247,21.6805717502401,27.6744145495409,21.4893903065161,19.1911341517315,22.0142493939283,23.7602046632436,22.7562904812946,22.2172298906521,19.89964407101,22.0928926008044,25.5439468673372,18.9196097042964,23.2699092975388,18.092107868667,19.6886590900382,20.0880539250121,20.5232412849402,20.0616598547172,20.4306216809325,17.8834308529035,19.5652203529749,18.0290567940537,17.8077233773352,19.7109306634043,18.9697602088649,15.9284399328735,22.1694684783568,17.6431510694074,20.1833806718262,19.3534419280622,19.1467693639953,22.4124984473995,16.3322658270319,17.4385302622524,17.1481968570572,20.0504341605533,27.3969176008346,18.7187080265222,15.2964860866155,18.0331600755339,18.7316709977102,19.1913776951751,20.0744440415412,19.7576803230047,22.0457830054291,19.2228227658194,15.755062236216,19.554118580263,22.2570147384162,20.2734789013889,18.0431059161889,20.7077040933158,20.3649805850361,18.6598452757485,19.3855086337249,17.7452437990387,20.7847387841178,19.8801629927428,20.6516928640573,16.6661264369044,18.0290840525253,17.5979685066908,18.5401845003348,17.4055815261399,21.2097845219723,22.7967595353691,20.7710829479838,20.9967867916521,17.9658024847381,20.4194768035273,19.9806536748879,19.1773057380717,18.3117389125372,17.7455622156745,17.4151225110859,19.5709666123715,18.6470883785752,19.8003771904319,20.2419624443884,19.234855550604,19.2669986969617,20.0524023930438,21.2500356162319,19.6158345901148
"AH1_2d_1",1,18.2708208337407,22.3387724565113,19.6319574781046,20.7623473639542,20.485491400496,19.2178731565805,18.3107900934378,16.5982296091287,18.7587686237457,18.8296623161932,20.4667957296692,18.5622831116974,19.2547920326931,21.6472418419467,21.8448620669827,23.6599425323974,15.6030521246558,19.1544745850174,22.7947038410774,23.532063684443,19.5653107330232,22.6483483101466,21.0896977310165,20.5870258866251,22.2568285917326,26.384161639386,23.509814194406,20.893101177758,21.5762974659814,21.9110909233406,21.2708958300679,21.2074050128965,20.2484385582053,21.046904796683,22.5790731588155,21.3247492312975,19.0215294520065,19.3762828181581,18.0647645569059,19.3215500316933,23.7990109756802,24.6677144114811,26.7580118410266,19.2633402527378,21.218443514287,17.7151810804807,23.4489586807341,19.6435169841489,26.3583063882282,25.0283514822674,22.0066974015902,20.0499211316928,25.4015560379084,20.644199958051,22.1575579714606,22.2805540384487,20.8915363243674,21.356965533566,21.3604697735947,18.1387660039527,21.0131313281835,23.7727992312919,22.7803845520439,23.2017854930145,22.3083548284356,21.4938550057249,22.0984670021153,21.5435334274297,20.0778918357755,21.0144340142965,25.4720618837363,23.526159714148,22.0373411754141,21.6543485178043,25.1438783328946,18.0163689042529,22.7587824378345,18.5341544672281,19.271688788159,21.7761155700294,27.5569793059353,21.2232360097286,18.4059145293041,21.3139560941837,23.1085114323022,22.9265729627298,21.871463702664,18.6617829711888,21.6199670517979,25.7431172772213,18.8259717217892,21.8389908145346,17.4724227466292,19.8711589556275,20.0568779920489,19.2660200616791,20.8605294434693,20.4252135061913,18.5645601303173,18.876808826431,17.7311839055448,18.7878056342038,19.1273635087392,17.93673004545,16.9389725578892,22.4559056569996,17.6741004026904,19.5887089370717,18.8429395592851,18.360005831991,22.4425825788669,18.6725645448119,18.5575212179395,17.7368791309101,20.821414091314,27.0327055003772,18.963384394001,15.9543837816081,17.3972060968356,17.9682181079647,17.1282339872248,19.4149612073522,19.4149612073522,21.9322629500114,19.1876027185125,15.4274697884035,16.7482236530553,20.9809605972561,18.3373640105091,17.4573828800929,20.3660591287461,19.5965970400219,17.277789179655,19.382410032512,16.979178726581,20.6613952072755,19.5192592251822,20.1323997029383,18.1661299169276,17.5219498236038,18.0303403174332,20.0625178439648,14.6787600099006,20.8365816626876,22.3855500786619,20.1789023373961,20.2632513776974,17.9101831574701,21.0810332400304,19.7194476381482,17.0864092870057,18.2184605632536,17.4919630734343,17.2378566440652,16.2103906581088,18.5022243678653,17.1355870633041,19.7836185276729,18.8224698754921,18.7839269650942,22.557007167478,19.7142691524556,18.0010898094429
"AH1_2d_2",1,21.8755415983424,22.5245906618222,20.8044915579125,21.3099287019963,20.0576885098392,20.197905892476,19.3551732869642,19.3954865285712,18.9536537430629,19.3426597888808,21.2213520200953,19.0834180579826,19.5852767163961,21.3807098809624,24.0147080704847,23.4460681494353,16.9228174702828,19.4714816238281,25.5194992497808,23.767892243038,21.0261761543582,22.6064197616654,21.217671688968,20.5722258961786,22.7427401262734,26.4096206679423,23.7581239211715,20.8448039626488,21.4991729136683,22.0917947873877,21.6639402410417,21.8705019977134,20.6362738442149,20.721535312781,22.9504235379859,21.6038069580874,19.3470087833296,21.0974890086555,18.1092024152086,19.7084524913593,24.5778839293179,24.9755223175685,25.8063665388456,18.8609284689756,23.9389241324468,18.335733960304,24.2827405783087,20.2519061846009,26.3081934703766,23.9553302848331,22.626001426867,21.550413661213,25.610824501046,20.9455126022971,22.3012164388932,22.2958864839135,21.327357111271,21.4822621646946,21.5757216115925,18.302116178767,22.8002910505445,24.1735543271862,22.9697051936002,23.2603044365029,23.0639788755845,21.4748148268151,21.9869961691654,21.7497407094681,20.0114499432922,21.0390929320152,25.6104638097149,24.5304074138962,22.0140457488281,21.8026806070701,25.4362723430502,20.634990752193,23.4460735608625,18.7859942579213,21.8965125431759,21.5010038134637,27.6517251044382,21.6482764630924,19.183764874577,21.545028992304,23.4098722856228,23.758416591623,17.1802113282789,18.4432594862039,21.8115377219149,25.0073127768989,19.3553286496568,22.5134297468181,17.9375233675363,19.1078540367691,20.8456939840837,20.6234885923957,18.5396011109459,20.6776449435184,17.9153367260078,19.3974907927678,18.1705777627304,18.6212325912699,19.2137525795393,18.1561062565161,16.7670663013598,22.2549360566506,17.8083470645819,20.1054404249442,19.1504513885159,18.7852144203397,23.2401440620418,19.4227562466401,18.6162522021192,18.4735673652385,21.0626343624621,27.3243729551737,18.6254333470218,15.8328491122465,17.8766804256248,18.1955791298812,17.4372975226193,19.8403558385341,19.9781691129634,22.358456100511,19.5124573593855,15.6942002025909,17.7462284615613,21.1118574078762,18.5388343878352,17.4031918754244,20.4825341721243,19.8316955031113,17.7476242489369,19.4753491726285,17.5387506770556,20.1343538129159,20.1007222731597,19.7227076940806,18.4083681707584,16.9199860172805,18.1913160314749,18.8005526719908,16.80089869701,20.9830275250608,22.2161772982136,20.7387339782581,21.0571280877736,19.2386035010433,17.0173572235864,20.4626511486906,19.6394383645379,18.1756808459353,18.0016398620684,17.664317672557,19.7034017696296,18.6374938424096,19.7957226937149,20.1636110121295,19.3510165730347,18.925214535965,23.5203837740451,20.9372825765052,19.5662849920636
"AH1_2d_3",1,19.7416572970747,22.5679374888986,20.5147198799915,21.5747608856468,20.5546335179211,20.4650448431654,18.963192038785,17.9337817962506,19.647180909254,19.9765222025493,22.1497068503369,19.4994287382112,20.2510173618275,22.5319660100767,24.0208327539873,24.6895337975502,21.0928694371582,20.1118957191161,23.748130922406,24.4496137754137,22.7220773028072,23.573657623061,21.2292965277579,21.5626930267981,23.2247711611253,26.9390139104692,24.3316768381617,22.1013390463803,21.9155973442467,23.0547387026715,22.625234605041,22.6353984200624,21.6678480468814,21.3593762682542,21.3334509929663,22.2062956152699,19.9779599260933,20.1577429081466,18.9152008440796,19.9390284542344,24.6451239317982,25.570462250771,26.3923525780658,20.3372418227154,22.3792463788777,17.273880777663,23.8516068781161,20.668882936576,26.7993690777667,24.588891082333,22.7590767564082,21.4777620906882,26.1426979525057,22.0282604714105,23.5058383517013,22.8398350920393,21.6387619479092,21.3451596233819,22.1952302188103,18.2404366945191,18.1639799564944,23.3076258033783,23.3873345029476,23.9019893740825,23.1340678723128,21.813696910663,22.8878260532336,22.2054079916682,21.4993089899101,21.9524527727885,26.0622263664352,24.8204796445511,22.7986970654316,22.5338994647883,25.9291037213925,18.812815514735,23.8830765306443,19.7798116162979,22.5220931397544,21.9453547531332,27.1670129457393,22.521727083593,18.0755836040477,22.3850620626354,24.0569910795079,24.1018073427493,22.7962156811352,19.5754550619484,22.4745610172781,27.1078786431578,20.5563225758047,21.9447862239539,18.1386762906605,21.0361007172492,20.3594064946538,20.2985299396102,19.1164454781723,20.003527014535,19.1345621117618,20.0700474535236,17.2131481291748,20.0910862601105,18.5509221995441,18.6245446576791,18.768039815863,22.5202859139912,19.0263162416232,16.6669545577004,16.8010465983692,19.5140522278201,23.4972286464903,20.6120966557415,19.4447039832361,18.7615407434792,21.4207462324097,27.5287924610935,19.7901417767258,16.5996687666619,19.2395179187294,18.8968893739152,17.9189155417616,20.1657577761917,20.3783684208975,22.9109763120054,19.8946504526844,16.8004672764697,19.0353728449424,22.0674613645787,19.3222374095255,18.2512979200865,21.2958490410008,20.7242764143937,18.3157440858279,20.1105630281363,18.3188906042098,20.7644502455821,19.3265783035832,20.5424688706739,19.0495098543135,17.8360395619284,19.0868834084915,18.2902123807424,17.5650139734847,21.8448531642324,22.4085544764196,21.1714594460558,21.3735972557549,18.7661905654507,20.7376682697026,21.2713221253643,19.7036411238404,18.3088933878143,18.0374496271835,17.7330025663414,20.3864041939787,19.5600071650077,19.972145140863,21.2405319076794,20.2089421492919,20.2316949451528,23.855056505831,21.5326215199423,17.8754531022971
"AH1_2d_5",1,19.3033621165776,22.6347754264173,19.705867310585,21.4426402650343,20.8551035478018,20.380593412657,18.0155366953565,17.8551998661978,19.2398587120271,19.2548401072672,21.424550220968,19.3412300024996,20.3040017592902,22.251759636615,23.6804242149883,24.687284935215,19.336420160208,19.4317574649986,24.1234156200502,23.5871574467036,22.2845855160632,22.083540097271,20.8377863326075,21.6273036887779,22.6785559578637,26.7119211159851,23.5194240361277,21.5694461085317,21.948131033114,22.7566289855077,21.860383050852,21.0013727367042,20.8076360610694,20.7521955444684,22.3378586704474,22.004476832588,19.6545694037154,20.2098408726666,18.3609617809824,19.5331269510068,24.1075181587304,25.5083265835237,26.7390591297892,19.2850887084822,22.6616039577108,18.9223866944449,25.1832183766327,19.8884249335618,26.2654385429106,25.6495938604985,22.6013130796129,21.1634884912725,26.2625218808931,21.7135645134666,23.1817749398199,23.064247489683,21.5231526752764,21.2619429592155,21.8164307667767,18.5447611645578,25.723412137519,24.4830541193337,22.9436009008435,23.8712351347826,22.8946725308025,21.8698187393143,22.5638445780668,21.7353405645081,19.9946560439287,21.0363217289132,25.6511209320249,23.0272399892319,22.6487097786655,21.7680138099288,25.9253988637703,18.5006286706518,22.2553203339692,19.7984428355509,21.676379582854,21.157625913908,27.061038236952,22.4688005667235,19.6620618691384,21.8645370175676,23.921575349015,23.1227775564044,22.846905223684,18.9956372011419,22.5203346044747,26.6446476949991,19.7290862197654,23.3038348959123,18.5608172862287,20.3374827032779,19.5645265994013,20.570698354875,18.9007425167995,19.6507152325007,18.371834998203,19.7881972321677,17.6980143268428,19.3224602588224,19.8027754229816,18.2075345371609,17.5126534584022,22.416397015968,18.9645439468021,20.3914935943363,19.6326402714033,18.9875740015394,22.9442623816183,19.1848108092614,18.7038583990683,18.2422340167842,21.0756132699011,27.4896262621701,19.3230031487632,15.4431378112966,18.643473554613,18.5950305142016,18.730790472878,20.7631850294635,20.2434266714257,21.9295199476965,18.6049172538057,15.826617637987,18.4140297032249,22.2659558699011,19.2178920705828,18.2518892201721,20.8946834610327,20.319549779928,17.9245979665465,19.7474031563323,17.7738290814565,20.7705640412017,19.3168744480309,20.5517636565698,18.7277991598509,18.0331131158593,17.605549837472,18.8376093784584,16.6557453254185,21.3691782856172,22.8516524487071,20.8562827819258,21.2307235349511,18.2532976492339,19.0100147427797,20.400290415413,18.9386038295124,18.2832313945592,18.2771271182485,17.3970980469954,19.757509016865,18.9329658806888,19.7435699728152,20.8206218624252,19.4854120894627,20.4145377777008,20.3489930396686,21.2150865595863,19.811294698176
"AH1_2d_6",1,18.7207284625418,23.2697264491935,19.0134408650739,21.7875684075822,20.2279849974287,20.2469615182579,17.2458026323872,18.929164141711,19.2477933386952,19.3850041530307,21.1447708842636,19.8814661643052,19.9349639972083,22.3290826202233,24.6796433182591,24.3426475119473,16.8787604702268,20.2477545571658,26.350720698802,23.7134264790097,21.9548595519931,22.7784430646661,21.2267102215492,21.6868544097597,22.8304973027615,26.7782538731709,23.6831520004076,21.668012695602,22.4342066730676,22.3583658724095,22.6000176875118,21.0368951234339,21.632730110904,22.0973146550714,23.1002721752139,21.6873538618832,19.7065454415037,20.6641145793058,18.7757634796638,20.7809123965721,23.9151161910923,25.4599458851851,27.2780204166911,19.7771795814916,22.5809598824669,19.5613998762807,25.5369374028116,20.2080987684718,26.6518960572398,24.5166712745098,22.7915672368788,21.1917204558886,26.0647111573432,21.9647867677172,23.5465398280289,22.9452667551175,21.6706443883436,21.5051780670012,21.9964041779966,18.7228381144397,22.5187028720453,24.5685573513407,23.5685522903124,24.0302464823045,22.9691142969752,22.242834079449,22.3034508827887,21.797930404815,19.4691753421514,21.2538625176772,25.8194274761688,23.5961503092755,22.6935724037725,21.8636554625532,25.7356219336242,20.9448363881382,22.6432202890304,19.6395186362659,22.3695148084291,21.5457328891102,28.0713561717182,21.1732173137763,19.4084207929101,22.0919491702766,23.4965148524848,23.0432236516041,24.6940481664377,19.119303394749,22.1911898846032,26.2610273175397,19.2924223434057,23.4394913320081,18.2941184748258,19.4987350462894,19.562894174019,20.8630837118687,20.1857668687622,19.7317432907078,20.0562939004389,19.9274384472825,18.0541808453673,19.6245550660979,19.8249887672905,18.4056751659777,17.3300468733362,22.3558737134636,18.2726266853398,20.364358030034,18.9695692710368,19.6686801204552,22.8199571101058,19.3374070465072,18.3019054157465,18.3859930782571,20.9334527449039,27.590836077869,19.4461324305519,16.3759305052895,18.1213994875701,18.8550535223754,21.0130007050841,20.637294901799,20.120697247039,22.3877709866341,19.4055545653219,15.2591903531118,20.5255606279863,22.2563716081986,19.7717625476659,18.100558298067,20.877008907331,20.8466780970899,17.5815394082608,20.1290933730311,17.7738003031467,21.1629858782234,20.3674302987481,20.6463660499968,19.1549109343303,18.1330522094048,17.5911051528719,19.6712010296283,17.0835189140996,21.4094509251134,23.0807608425882,20.7851302726425,21.2395624320447,18.4816815818846,20.4922251605603,20.4697559993814,20.1280927498967,18.6594739207658,17.5422032229333,18.0350360129108,19.4063625130909,18.9308108575902,20.1391807150674,19.1755180623887,19.465626278766,19.591667719675,21.8577638824246,21.2701679013129,20.1478002107025
"AH1_4d_2",1,19.546972891965,22.1258237889565,20.9433901120301,21.5498014873668,20.4133719931535,19.7386048392131,18.8599293055058,17.6799683838172,18.7444428176486,18.0882139921308,20.5858511820412,19.2956441769971,19.7849048340389,21.1004817847126,22.9525134439701,24.0671742812544,17.413838409905,19.3401778816724,23.2526913085779,23.9463388937543,21.7715970533077,22.1555007748087,20.5198622186446,20.8596252106692,22.4681241250221,26.6986669090232,23.7064614854608,21.4639293978586,14.9800854812366,22.4004527845671,22.0594729253764,23.4248215814486,20.9529418205742,20.3824885392222,22.8463356611059,20.6252096748095,20.0557044120651,17.9675025628047,17.8581910809298,19.2544769853419,24.0015238091794,24.9917243161599,25.3892682695825,19.0767591935926,22.8347735610767,17.5937813783969,23.2576588865145,20.0290439540259,26.6588161350251,24.6529504982463,21.8608000559697,20.1628961443802,25.8804247480666,20.1654311874398,18.8902970948049,22.3579011063841,19.208501692637,21.3089246118192,21.3234382882901,15.8627297843244,17.6367151473058,22.9038067770286,22.6452295306845,23.3654530038383,22.2169517315083,19.1566553784547,22.7556599946348,21.9179188399112,22.4903589399157,20.6837972747281,25.5656861476909,23.8273187172984,16.4518832170484,21.9214517893142,25.7163459893067,18.6376822340935,23.1156052371583,20.4212809300835,21.0183573921259,20.5951374614421,26.7594206966554,21.7238837617583,18.4981035530646,21.0866217790593,23.0901903044165,23.1438822961721,24.1775470556855,17.9196931357116,22.1908255014065,25.8417187869465,19.100739812404,21.7985980770543,19.1205799636826,21.0846702466879,18.9396696257104,19.5025653917559,18.9436061046522,20.5674879471341,19.0024069459416,19.538272880171,16.3975659230483,18.6443245669599,19.2884069953728,17.3431357640746,17.3366317752701,19.1624100559294,18.3644149208617,19.6554557214939,18.4829196820918,18.7651534954739,22.5910988462722,18.2242270384369,18.3040216519066,17.466173969874,20.3916077161576,27.1509257114548,18.6732862613522,16.0478978308934,17.9710571466963,18.0909364417435,17.8086931682747,20.6073389639176,20.3067093897274,21.7845927580549,18.8904896610065,16.4064225334593,18.1066625774855,21.3465414970126,19.3104965855216,17.5250636083834,21.0152920005861,20.0111131643269,18.6300713354482,18.8775857727795,17.3535847923164,20.5662541200291,19.6603678327974,20.6281352404356,19.1043532554754,18.4099263885032,19.9708072605204,18.4450143484238,17.3933898677147,21.573518197131,22.2725045386086,19.862849610876,20.5386142597927,18.7705417120439,21.9453048696823,19.7219638837575,18.5030544856415,18.3417153619474,18.7250710516325,16.8788446561489,18.5459567788515,18.7601714077958,18.5581648388345,20.6202944109639,18.6591295170249,20.3464955025144,22.647182962592,20.7091189573079,19.8520273928087
"AH1_4d_3",1,19.5684098617762,22.253913160518,20.5576355885948,21.4994737850458,19.9935481193771,19.6029849413314,19.0053540965401,17.8774368963217,18.8634316439412,18.3473669695035,20.6423460549964,19.1744785866731,19.76520721552,20.7607981180347,23.423427631706,24.0417636315177,17.3470209160674,18.8905578279077,19.9685686971586,23.7958767320486,21.8936778779065,21.8437920739888,20.5133414601191,20.7759724848531,22.0994323910781,26.75207911292,23.3550649078511,21.165939768282,17.6607326479278,22.2618353968816,22.0577547970429,23.3551639824926,20.8998042569993,19.5724833903505,22.6927535139934,20.7156508857706,20.2094189733479,19.3711578963861,17.6259453018721,19.0916330865737,23.9453802718647,24.8682124669112,25.4959845271305,18.9433656309707,23.0266230934617,16.3308576658483,23.6089019523792,19.6997315738115,25.6967204526948,25.0016908371412,21.6000789147559,20.3280878112081,25.7061462965143,19.9903035721245,20.5807554576539,22.5098274021076,21.0224094292448,21.022273262081,21.2343768100636,15.0363630112908,18.4304602472378,23.4440880120537,22.5954816182523,23.4080579555524,22.301239906187,19.9817963676858,22.8506547569938,22.0733844827021,22.1659256137221,20.2915923073726,25.4307451158189,23.6527742926248,19.8092467877051,21.6419058914963,25.690167246826,18.5232400325689,22.8157262923529,20.3076506913791,21.7101119080327,20.6228052261324,27.782344617401,21.8317947499092,18.8359744697492,20.7197589668361,23.3922003749798,22.9703643050145,24.4685881316555,18.5295597596758,22.1479727714756,25.6344879635382,19.1104860870894,21.5936371164653,18.3572531198692,20.4854970280026,18.7609656479608,19.4915482849204,16.7225551836511,20.2484328776235,18.2447803340637,19.5146157415155,16.6462285599786,18.2145989725476,17.3626496175452,17.7430854884699,18.3409613985198,19.5528861650282,18.6928544100835,19.5975505227434,18.5952423659323,18.9882370136045,23.0090628955665,17.364422915543,18.5377609316431,17.842639074534,20.9803841018715,27.0905394370309,18.5438961107172,16.662871976319,18.0078407168559,17.8599251646414,18.9496237079289,20.8044017596136,20.2574308765861,21.7656108742969,18.8605664364058,15.8364840127797,19.2140315052411,21.2595964000407,19.2564937622902,17.2163131125167,21.1734603637388,19.6700995797741,16.3821922706164,18.5756649390351,17.7754232291303,21.5526840948725,19.7871204188854,20.5139210268218,18.6282694176357,18.5337794713486,19.5555343222187,17.5599212067999,16.4310194403889,21.1252764407427,22.1845926495005,20.193998015042,20.4732581290448,18.717946333201,21.8109160655987,19.8416220572606,19.2145761243783,18.0389192250796,17.3374356817567,17.4189084593164,18.9833486091152,18.1607230329804,17.8764995129924,20.6179966818832,18.7268041513478,20.4255038223719,22.2980370153912,21.0232307620043,19.9377018396607
"AH1_4d_5",1,19.4375811605001,22.6659267970034,22.9284948424535,22.0682549018594,20.1147883932215,19.6854510572722,18.1730520455775,18.1592382977517,19.075216194039,18.952473476151,20.8960888921577,19.1561095858197,20.4872661691078,21.2994159755591,25.2525195098602,24.3325682895002,17.1806782160793,19.1420708966007,24.7793746568224,23.6387887184126,22.9775119799764,21.9873241031252,20.1846392651672,21.7720650336041,22.3127750089431,26.6838148721264,23.3802784313549,21.3868087006608,22.2757035935922,22.6962128652746,22.1946212320485,23.1528652283551,21.2976864681811,20.9678615354597,22.9362161722672,20.8100168324385,20.5362990708156,19.6946329129872,19.2144803055248,19.4193247309681,24.3588943366719,25.2472805044176,26.6909878243056,19.1181992877707,17.9809428896574,17.5856707531325,24.4756033854974,19.7259427276951,26.7456452305588,24.3425252049973,22.0629135895474,20.7067143599571,26.3440315479925,22.5991340347219,23.5824045078495,22.305946982579,21.3971963559339,21.1563732922544,21.9202018072518,18.6775229304372,26.0848804702062,24.4193747996457,23.0406365949217,23.8146755753543,22.5459391269539,21.7037351308328,22.8821769475124,21.9368494491065,21.7615636250839,21.1037338296435,25.6026085501608,23.1768993034988,22.8680358664299,21.695456228735,25.9483748073698,18.6357389100808,22.2798392030647,20.6608797587357,22.8989437759234,21.1119862837086,27.9955838966828,22.1970159493124,19.5532842968941,21.3384705089186,23.4586440688906,22.0708688619686,21.9383809529702,18.6228259497893,22.6906394848008,26.4269472077397,19.0803565436048,22.6766043236663,18.8336153942189,19.0562434388955,18.5238115311318,19.6656370542472,17.8207087543283,19.996835652808,18.7484535690363,19.9714643671518,17.783306705933,18.7096617038133,19.8470231040883,18.4726100866258,17.5264866575023,22.185210803964,19.0257687417194,19.0537670283397,19.970329215518,19.5389783581224,23.2601337016693,19.987216400858,18.8261376057491,18.3375989822771,21.1624136404183,27.3655861661126,17.4564769060861,16.3834643629237,18.1587378302498,18.4797471408276,20.9969511592529,21.0988755194876,20.5682860244151,22.2152091825768,18.9793432271692,15.4548546136874,19.6042714053211,22.3224007987096,19.5812407471341,18.1728505669575,20.8065963121682,20.2934264561882,17.2231370045148,19.0951388224004,17.3773691415903,20.5561824230951,18.2431278814704,21.0387531243739,18.9821724417138,18.0837752940838,19.4144394139512,18.7305667720954,17.8334904250383,21.356966584577,22.2506209588676,20.6046515781732,21.1744788250124,18.49490462312,18.5747854089385,20.3997759356906,20.3879433748256,14.2625168967225,17.6547314653419,17.3662008767991,19.174751987915,18.5221995726889,18.6270406754707,20.8421862501873,19.0054161593507,20.4343766935865,20.879254771205,21.3079939636277,20.1847590597402
"AH1_4d_6",1,19.5587729540379,22.8610296128837,22.1754714761343,22.9334640988137,21.3696308800153,20.2607007509498,18.4074956419436,18.2574161206188,19.6738906439809,19.6727978226884,21.4698746284105,19.8028864282663,20.5832501358346,21.4449184945826,24.1703319299962,24.4102765529567,20.4583468151479,19.5717386288182,23.5500642735149,24.3204932932442,22.1401275140608,23.0335254410729,21.2774021989593,21.8480982507838,22.7717188686149,26.9948371221252,23.8580058053305,21.1096143119039,19.6310926665258,22.481877804708,22.7542999809698,24.0843409085632,21.4787680177391,20.7182657070292,22.4824744737973,19.1776725792081,20.7451375096303,20.0478115687579,18.8548763476881,19.994261994183,24.4771036297715,25.3892049058107,25.7912440210336,19.4798540214233,21.7415160626727,17.5709915260191,23.9138068362838,20.6879037409306,25.7634408424588,23.7791079665614,22.7226562452755,21.3345564854628,26.439856004335,20.7157877831965,21.7757042341596,23.5106446649448,21.4993384240903,21.9356944494431,21.9820548497727,14.7306401138389,26.5891118945406,21.9110900646324,23.1765526742733,23.8692520081436,23.0719787314967,20.4534485032032,22.5383036621174,22.9455712846708,22.7071784056802,21.0435774607409,25.9734666909667,24.1108816589355,20.5171477688796,22.4867578130621,26.2157386737432,18.2684799705971,23.5017568682102,20.9828395152498,21.8215675904218,22.4332367441179,28.1194724414003,22.3110905084608,19.4064022561611,21.563020119606,23.9094935003782,23.5136189966852,23.6799241564887,20.8347590303554,22.9920959103648,26.1410116362473,20.8079466191284,22.1213242609437,18.998448714382,21.3593412154762,20.7448694060198,20.062078659536,18.2687978264534,19.6657202306754,19.1089281068342,20.5104032639881,16.7879885670474,19.7325533463842,18.1414269402146,17.952375216895,18.6700020877874,21.5387943873855,18.9712692125436,15.5895009766788,18.4365012598349,19.728945068924,23.3638864366812,19.5076279890308,18.774789421824,18.4155924832939,21.2769962798401,27.6245114776143,18.8968564090411,16.5927492145183,18.3023060031906,18.5239779889869,19.1673281181091,21.2119937277688,20.8214300702424,22.0894575192059,19.8452002065936,16.5954881387779,20.1559291599919,22.6112362335606,19.8514233890567,18.7123801467459,21.4132464448598,20.9427579912098,18.1660734933781,20.0397020610049,16.9986512810771,21.7416080701511,20.5521999499461,20.9738391124207,19.4849404153076,19.684132998164,20.4160032910027,19.8684909483253,18.017664268346,21.8183708260837,23.1565082359567,21.2658897462402,21.4032175413978,19.3171110965258,21.820660199995,20.6242237065781,20.1418814858494,18.7417883222773,19.5751377689554,18.0642702751958,19.8937864018778,19.5796368308661,19.3810056664317,20.7130901131798,19.5038985652653,20.7808232962489,22.7409013716983,21.4836847658347,21.4004759382586
"AH1_4d_8",1,20.3371539842082,21.7199126372726,20.5101016970448,21.9387933854014,20.357836643137,18.9245000559196,17.5993372335722,17.5171259669162,18.6912706375152,18.4384640556642,20.2634667712409,18.5698641478821,19.6841632928472,20.9785757651575,22.2817892505789,23.4924373662468,19.0523162784358,19.2360233743614,24.2305013827523,24.4277220195343,21.0136143757825,22.3272727396329,20.0423887291599,21.0909196979922,22.1248903530255,26.2123455932057,23.1964791604823,20.6885546786005,21.2335088774865,21.6833423435117,21.5273610628399,22.8545876561413,20.7795807934729,20.8807995434377,23.3022449677479,21.0093036685785,19.736343001081,19.29982508739,18.1665212924043,18.7139455699454,22.7115550161487,24.9777890823758,26.9732442355174,19.1628227855305,21.3262912257338,17.4022018026897,24.0057113496694,19.0230244231726,26.0494273095226,24.4223402883846,21.8517356936903,20.20013106022,25.7790907471134,20.2441526262255,21.8728725847771,22.4196153294873,20.481459723355,20.8973815308144,20.8586773671132,17.5557262334116,23.4509289042975,24.0244019469889,22.2667190482354,23.1967892524866,22.2095344334002,21.1847454352814,22.3567236366707,22.3207424135074,20.5924208735286,20.5974497364001,25.5430264047206,22.5514404850611,21.6216861553593,21.4175197766337,25.5149298513105,19.7887440385072,22.0108364005332,19.89040561092,20.5156909008726,21.5345181590339,27.4340064103863,21.5617809865565,19.4528685662972,21.26135453412,22.8954256746223,21.7539689252814,22.9204143918897,19.2386664718941,21.7648269490339,23.2516432458126,18.4441623870246,21.4217933726036,17.7618080863961,19.9107724073481,20.0516399564376,21.3416787650351,21.8812157747512,17.4616910328552,18.0092652204608,18.8487519672784,16.7919856060266,17.7465607965072,19.1077497843662,17.2683891945716,15.7874332221571,21.9348279720898,18.172280418113,19.3686040700217,19.0791670342557,18.3805441221103,22.859799198106,17.9336246331779,18.063191548601,18.0350131222698,21.0583533271504,27.0354332065224,18.228606715044,14.5052387826971,17.0759732822714,18.1404295524803,18.4389463911916,20.2691527643586,19.9414508090612,21.9094028513178,19.3231593045916,14.0050680716729,18.4630716719771,21.8071691537641,19.210703993294,17.7741596531189,19.912334818585,19.2909136336757,16.3397176459488,18.3907118841441,17.5080993901901,20.4572361822598,19.2376655036957,20.3644472133287,18.7807786273157,18.1815877546031,19.3130263953768,19.1895811068406,16.313434010181,21.124385489195,22.4523932909092,19.8960144425225,20.4191296251551,18.5861672407833,21.9672449953714,19.8875716161808,18.5189717139046,17.9608559145642,17.8790050540037,17.6546596635728,19.1032004431266,18.4256899004468,18.9674117155392,19.6234664269742,18.5250452805056,19.5243623033,20.7915268334028,20.4805838820548,16.775268497551
"AH1_7d_1",1,19.4942630507795,22.258163895593,24.4984544356941,21.9976491314685,20.3716495470533,20.2313037979732,18.6490178271572,18.0753193494986,19.3144208385451,19.7261588806279,21.2137531026872,20.2697446987374,20.1864361480693,20.458102783768,23.7871728705133,24.465042556735,16.8215448172313,19.0889137835845,23.5458877302592,24.4228291103845,22.6163679655487,23.2174928833864,23.7002422696825,22.3955524646117,23.1698303772915,26.9240338457543,24.0536889938802,21.384061681955,23.2402201289459,23.3968831087355,22.9740101918245,23.3687600125619,20.8453336571132,21.4895605111803,22.0728826292277,19.0534612535175,21.5509020449849,21.2098707752123,18.9548051368418,19.1270633291822,23.737504825487,24.5148954275676,26.5941221307921,18.7550367142133,22.1081702899131,21.1765555485256,24.7749991324175,20.4804164420504,27.0605307360275,24.783869395464,22.1895301514559,21.9526681878163,26.7171758139358,21.8512345476658,24.3051422500878,23.9626447177122,22.5241974226741,22.9622679189146,22.7092191000276,18.7954763471086,25.9834623625117,24.6734160798932,23.1158897414283,24.6106523180614,23.4620508813043,22.257064172192,23.3212159011138,23.5363232123839,23.1355561670797,20.7822894380061,25.6345035174511,22.8210677146299,22.251586594547,22.5540324955245,26.583622987507,19.4618084951757,22.5980117402709,21.7291322030322,22.3126828766113,21.0283073733533,27.337846763175,23.6183508488507,20.095295699247,21.3100081221273,23.8118378143351,23.3894726493489,22.9410518188208,20.2145208088175,23.216867526149,27.1772405429589,19.7628181354809,23.3985591376534,19.7564707204433,22.3419830492141,19.6193255861544,22.1290734444018,22.5940246411885,19.4040005099047,18.4810204185136,18.9021437256226,18.1981611844478,18.2421925471626,20.46553357118,18.7299474457643,17.3872821867623,18.0200053935813,19.98033059127,20.4334496604042,20.2933706099465,19.0774913679466,23.8644670088499,20.3086865094441,17.3214877449729,18.5361232225722,21.1724717495812,27.7200500945474,16.4708155410854,17.1988910880407,18.9968667924178,20.5946507948582,22.2537246023098,21.8136146071443,21.2210399064838,21.4441711157218,19.320733181783,18.5529223536646,20.3519095558001,23.1720490455149,20.5369836693826,18.6309277240679,21.3089575104963,20.6953914407527,17.5267972626021,20.1850973047136,17.6695571440757,21.8107995943487,19.9893033208828,21.3587878313741,19.8478116185249,19.8656108564897,20.0265733703266,19.3860135003755,19.9674160131003,21.5860815247419,22.1173177674834,20.2012663274383,20.3454817803776,18.2286958599609,20.0110136533632,20.6396487524336,20.3830528485709,18.6329162579118,19.1454275945221,18.0877985987627,18.8136422405209,19.6047997312899,18.7010018263834,20.0194659801308,19.3545387067515,21.5116058066325,20.0667958212912,21.3105424179204,19.2194444035973
"AH1_7d_2",1,19.4042719488144,22.4525242119031,24.8244569001573,22.8532096360774,20.4241522336217,20.7483093072426,18.6691506417964,19.0585768195559,19.6637735221982,20.3147504162608,20.8844983568588,20.5434168660668,21.3787395899793,22.0693172166894,25.3780110084287,24.5211955403008,18.9837460092953,19.3096249079302,24.6338432823547,24.8311421126636,23.17227814097,23.0080549272127,20.9564764997785,22.0837615063283,22.6105838068515,26.5221654303312,23.6497188759242,22.0417599957761,23.0869299225024,23.0487533917651,22.5888672391986,22.9147004623672,21.5530844272263,21.6861060504633,22.5609445080238,21.3477471523987,20.9725373897493,21.9251927843928,20.0487195049452,19.4652959084005,24.0286295303556,25.2455269257521,25.4898821723986,18.591871964611,16.5291430004517,18.473316096665,25.516014314338,20.4556621288165,27.0499569395365,24.5216271541241,22.9777247032765,21.7650862606413,27.0026946462174,23.8438005347613,24.1001847746837,24.0936560949557,22.0114743369403,22.590124536256,22.5295111117078,19.3375274655105,26.5114103983743,25.0648670826216,23.0433248005449,24.8219144006216,23.2023065235545,22.2959223904387,23.5500383560786,23.2362778844727,22.0338850885353,20.9088335729045,25.757575614304,23.1267054116462,21.5178454482579,22.2203604684833,26.1437534874716,19.3826861406737,22.4758195529717,21.4818071040114,22.7908560322329,22.1597869751737,28.0291266499554,23.1085218876265,19.5346125562237,22.0531892829377,23.5299033532087,22.3598210960131,20.6182856322604,21.5261259453181,23.3845666394828,26.6936034814553,20.4758009721791,23.4459246275731,19.4238555352212,21.8270952375214,20.5903753382861,22.7757957413016,19.348277144444,19.942937556876,18.6460963714752,20.3893046532474,17.0712491209798,19.3514619432682,20.8740027506742,18.3956314938851,17.9539382382548,22.813766618203,20.4899734838017,19.1986822595141,19.9901911323737,20.1515697393348,23.5605733109013,21.4461732269463,18.9490831559946,19.016946593146,21.6552677018882,27.5183754339556,16.8627718848925,17.5354315988962,19.3392553568482,18.5501280023679,20.4987459502031,21.9070404311672,21.2343981451406,21.458116980812,19.1278967606605,15.7376753280541,20.292676806577,22.805502933316,20.0860176401708,18.8000041008484,20.6852526392866,20.5367386106984,17.6644991591054,19.6055503736759,18.0291905715473,20.0213459805533,19.7102592296848,21.2847675803879,19.9415891514491,18.4328385308233,19.5977662050733,19.7516330254782,19.8037483375083,21.5694478078959,22.3189169044315,21.0667193992778,21.7150183767671,19.2170852183315,18.2168865586232,21.0641987048156,21.1393091984586,15.0388543355981,19.196812267755,17.1983358528443,19.8654785284774,19.8783700642363,18.4299589928319,20.25141949115,19.7661964962918,20.9912096730783,20.9108745705833,21.7756675457449,22.3599638039684
"AH1_7d_3",1,18.7221653489029,21.56688238837,21.714281407766,22.1131950387812,21.1890256839604,19.192140756637,16.0185434862361,17.9221085939473,18.9489837255239,18.6021308333146,20.5437177912912,19.1994858009183,20.1525652769459,20.3281375328967,23.8484740901706,24.1410105949516,19.1862627653912,18.5945212547076,25.3370676110354,24.209332588448,22.6686637676961,22.0197380667609,20.6130878501824,21.2865536068432,22.0699023095099,26.592817304347,23.1235240814465,21.7084688115741,22.3174358750956,22.2251453303416,21.8206744015024,22.3428786156814,20.7083532569518,21.0228874530401,23.5593648537441,21.8641503939654,20.1610740531002,21.3241798134063,18.7194291102815,19.1647346065717,22.9813294127645,24.4155660085792,26.9116323153562,18.1479765561197,21.8962548471414,17.1565193286663,24.5865220461994,19.5266182513067,26.560877910451,25.4283826501885,22.1322636967987,20.7581458176936,26.1596674779964,21.5781153882805,23.4350639267605,23.0372348456439,21.3973484915458,20.8392648370499,21.9253330235025,18.9046641560641,25.2234653705928,24.3084626696536,22.6179807109845,24.0256786423319,22.5786460124591,21.8540102373124,22.6682718489605,20.8443920450324,21.2667083841847,19.9547070765912,25.3939824496453,22.8262397189091,22.1954444090055,21.7891983086364,25.4873187738129,18.9445637693919,22.2174535338377,20.5197654808064,20.923636712993,22.8246252127178,26.7609303307539,22.6069970586985,19.7126212754612,21.0814814782198,23.5985674198852,21.9926552853865,21.5205543072772,20.6104238825973,22.1417314478624,26.1103048422724,18.5341869722671,22.4152258488652,18.1246278575873,20.7087771702616,21.3512035848699,20.270523289032,20.686615032084,20.890465787604,18.9357153994108,19.5664135730688,18.2499586355548,19.2676914870841,19.9841324484926,18.1359449859831,16.7450591075471,22.285752180114,19.8209307688975,19.8473146500763,19.4942774658536,19.5156355945148,22.5983248229356,20.3600405069241,18.4624971597101,18.1625501041341,20.6446905270141,27.0799378492651,17.5231790716381,15.8002665035478,17.4544039039295,18.2939284204908,18.409411724441,20.7382800319973,20.2686876575934,21.9111197250029,18.8957691585555,15.6921291964817,18.7921020494416,21.4733776032173,19.2024466659511,18.3073968788116,20.5748893837082,19.9797719056313,17.2141148744863,18.1631672453418,17.5918752193694,19.8667134253582,18.6934392937658,20.4476311619547,18.937918855425,17.7728104937723,19.1057174358372,17.9814222186435,17.0150586696437,21.0358857462664,20.0414540708314,20.3905664693257,21.1271421108078,17.8048870004077,18.6092728150563,20.1695629429637,19.5213547279161,18.1828248131087,17.6573164238718,15.8992938730573,19.1869503100173,18.7815010928226,18.5823805916293,19.59647764566,18.7671703457404,19.6380676716187,20.2552088616402,21.1440898741225,20.0250946718026
"AH1_7d_5",1,19.5860396759455,23.0719478765977,25.1207607364043,21.9624035317264,20.2313477364589,19.7286001470982,18.1663988211163,19.5828526691317,19.7524696663579,19.0968134867958,21.9637468903253,20.5311626130427,20.7953300287436,21.6090757787078,20.4689124301588,24.4100534214432,20.1442969137565,19.9335561400178,23.1132439265643,26.0454292138772,21.6218507331374,22.9702146426914,22.8042184576967,21.3866598671624,22.7626970623458,26.3196575101578,23.8245588095448,21.9327122780846,23.1207617944887,23.1047171252306,25.6254602888728,23.6823929160432,21.5814896228843,20.9962826236268,24.1195637094701,21.100806244682,21.0458943132344,18.8545660308791,18.5765680109179,18.1890171235544,23.2230716926199,25.406805012773,26.1240197861749,18.6109175937132,22.4785090123263,21.1820484494188,24.879531844155,20.2383686434661,26.7165408689739,23.5829278341607,22.7566464926631,21.3061307257708,26.3794056428444,21.346140229107,24.0928736446221,24.0743334363567,22.0561224242096,22.8816067606941,22.3630384544338,18.9476472705564,24.2152279765372,24.4495432790242,22.8836786726652,24.5876169718935,23.4978698183523,21.537086176879,23.6133481985454,23.5514058268411,22.3905702284322,21.5213398360959,26.0210742078022,23.7993922780653,22.6750566871271,23.1837459574568,26.479698207741,21.314667481818,23.6152249195234,21.6682627671041,19.1681202371799,21.5082009296812,27.656253787244,23.4407342561754,19.3437465882603,21.7573151103201,23.5433021596766,23.4990194643924,26.8001249132899,20.7891570875412,22.8781148266953,25.7757115959381,20.7553655406275,22.2018446197185,19.7809315009162,20.5337020288962,20.0897617678072,22.7712748569715,23.3222772939619,19.511843359749,19.0045280102522,19.9198572477173,18.1884140303039,16.9917876179216,20.5240685957808,18.2515625285826,17.4436027041874,21.5435281503239,20.0893409874805,20.6268667609425,20.151979015673,20.0794361837419,24.2267287294512,19.1921737567553,18.8019852116373,18.914724386972,21.7131972084048,27.9117630205559,17.4718908086263,16.6958348643685,19.0766516981153,18.3328026729437,18.77771342661,21.51901512104,21.1365071555258,22.5726947820138,20.4644113494577,17.0624236876813,18.4629550191911,20.8750398206086,20.6693896766787,17.7375845169771,20.318253261006,20.3380351564061,18.0562937010667,18.9583751919515,18.1762209066926,20.9814944173361,21.51975385156,20.8042236127585,19.6052169394336,20.1563742987052,19.9770670184112,19.2463067297533,18.5774593723519,21.8592052446411,22.5501755787454,20.8490496097332,21.0904769890885,18.0691366653461,24.7820887043098,21.1582031464621,17.5569173934801,19.1108209244885,18.329991950067,18.7208646304341,19.9589392591066,20.0188093869857,19.9142162026834,20.3532012740754,19.8907840175555,20.8701161179636,22.7311600641893,21.6923646896579,18.4341308865401
"AH1_7d_6",1,22.8659705304144,22.3268145337454,25.266350989621,22.1509428617213,20.0144964278615,20.0172351822173,18.2730826831263,18.0312177290862,19.5623767510756,19.0919310736704,21.3558858388201,20.1117522101211,20.8618048539124,21.3317382169459,22.6499883209822,24.0642723061943,16.808696221336,19.3249483287709,25.0883053745309,25.1808115667667,22.4456896154869,22.8757385548157,23.5971911051349,21.6801184363994,22.7965183182128,26.7776216533474,23.9394097319105,21.3103535946427,23.2324188247886,23.2048788191999,22.9001726406476,24.3226713970691,21.2851947904369,21.261037747718,23.8614861555345,21.8381171981962,21.2671904718419,21.8170218625913,18.5659468099212,17.2696240015114,24.2137795200587,25.2216320913731,27.0766741519963,18.5348805939919,21.9869455069932,17.6059520763373,23.6654395073578,20.247881059525,25.6651696001428,23.7147528144909,22.6653243451047,21.8712924330973,26.4537021857049,21.3877224250233,24.2522914439204,23.8183867033113,22.0114904426219,22.6966676893559,22.6053617197102,18.4908414768879,26.4899281554214,24.3703187981138,22.8747688837827,24.6281126437494,23.5279950373195,21.5489309249591,23.9672165658727,24.1333939031661,21.9279019515205,21.1541098069292,25.9971039708676,23.1929227616217,22.314670009665,22.5447305474412,26.4423265013973,21.2848963031857,22.6506421816981,21.9462530926766,21.3578454066168,20.9496229919705,27.9417866866179,23.6311535818742,19.4470206073201,21.4559067162621,23.8218369069694,23.415354187302,25.0260695721697,20.7482932143032,22.7957321315622,26.549234289037,19.1356522260609,21.3525999339521,19.9409201290118,22.0847961477922,19.5489950059364,23.6160426570569,18.8671602487323,20.5907594805375,18.8023463101917,19.5530810175202,17.7686238454153,18.0067249495277,20.5451352823551,17.9501364041059,17.3443156962942,20.7413661524026,19.8682924986933,20.3165790377148,19.9830872771822,19.7775578963693,24.0355486432666,19.674626614701,18.312711383041,18.9227959639802,21.6729928387141,27.5550159912077,16.993139049165,17.2784644595728,17.9105492776749,17.8502218123469,22.4031672038658,21.71199437798,21.1985271921162,22.1191696455972,19.8725877018525,15.7598929795135,20.5119001094034,22.2757712468601,20.1208253286009,18.2018757534187,21.0407650693897,19.8689162060475,18.4740062397268,19.569822302591,18.5676819940429,22.0474687307124,20.6198673644098,20.9222137373409,19.6782875104677,20.6782794596592,19.8584106973821,20.0181417368344,20.1827282154249,21.7018501213866,22.8126561600459,20.6267224647427,21.1116871370366,19.1256485922768,23.1937150861905,21.0543653681959,20.0811743998122,18.6342934269055,18.9004163161199,18.6349322941956,19.5538482026666,19.7496535898327,18.1895110401136,20.0974231658075,19.6495897034486,21.1205339200505,20.7796980118143,21.1844151934422,19.9223092824775
"FM_1d_1",1,21.9578183524261,23.7024524088941,20.0036271316232,22.132457719527,20.3644091421514,20.0006206276877,17.9725898967043,16.861696382148,19.4001131868828,19.4881129825117,21.7245909186322,19.2114193766031,19.4795166409161,22.141715282235,21.5327282185654,23.2782925283918,15.7752423427002,19.6060817827719,23.3730412718545,24.3893625446681,20.6173139295641,22.9866367641491,21.0138967816628,20.7016340413475,22.6237242440964,26.6262878708969,23.769375225183,21.0357755801123,22.1481843277452,22.3090415997088,22.1973819932467,21.4096210621613,20.1507095249892,20.3837937328389,23.2122424383053,21.4613790130937,19.3825794018968,20.4085783631927,18.238352142135,19.8326225961579,24.2510757085141,25.045147380229,27.103418647184,19.4961932722128,19.3534984298504,17.8316777244633,23.9494800949601,19.936496959175,26.6717716447264,24.0239356682777,22.7081625200917,21.0621651442489,25.713877858397,20.2792177133711,23.1836889789011,23.1562865339279,16.2988335481437,21.4393607258178,21.6222399181694,17.9998498393437,23.5352489876399,24.0016952318131,23.3405070316987,23.4433082553735,22.8815161245968,21.5732721031459,21.9665412787736,20.866745184912,20.0573605870024,21.5816815748648,25.8945747793174,23.5498679320328,22.7082225648917,21.6705499660121,25.5491935931103,20.4011276025131,22.5528127653663,19.563503090735,20.0517136880676,21.9265729340109,27.1963559132885,21.1596681226511,18.8772505781474,22.0289745499722,24.0287763285039,22.3698217036488,22.9842526849399,18.3026363066457,22.1992977740087,25.5166156629233,18.8215110673947,22.2888189510463,18.4691842974502,18.7107825674914,19.9803580981386,20.4079067031762,19.5206909896729,19.4539252842936,18.672449435606,19.4595128244855,17.9892126433847,18.3546459832695,19.4934777903554,17.8309471115359,15.8888522965877,21.7626123729146,17.2136848883312,19.7006835844945,19.7139579351058,18.4901261471081,23.2106642490591,17.5768445285812,19.0436048299984,18.7369156039282,21.5897457922618,27.3426277614062,18.876396797958,16.1248221235489,17.6967055390821,18.760717333384,18.4645223966372,20.165467581841,19.9691124907099,22.4811138948243,19.651622779949,16.2864615835848,17.2260062724184,21.0683742831537,19.9511560701467,16.9553423971425,20.8169321590609,20.5661165688756,18.8728658375741,19.6593687677956,17.5132319171432,20.9774031778997,19.9443929243761,20.1662431752362,18.34224000903,17.4984979237025,17.9501115930195,18.7577530785512,17.2354429294066,21.2244844882196,22.6072750159912,20.838443713489,21.1373962036192,18.1345925560936,22.5979020478838,20.6279316662332,17.7654449452962,18.2947073610237,18.6562792663122,18.310490461834,19.2508523004595,19.3424559562968,19.7465749687446,18.8671879830388,19.5064446951327,19.2208745969732,21.043046984148,20.883504036346,21.5922903850456
"FM_1d_2",1,19.0078569650833,22.8304978985831,19.2549261505374,21.8860708647791,20.5899904405629,19.4039339660329,18.1141246663924,17.8988684944462,19.099229073256,19.0641501393922,21.3400014328196,18.7679555116558,19.4112800998071,21.9170909534813,21.0782727151188,23.3613052442758,18.142764839071,19.4670654321471,22.8919522278048,24.7064415284302,21.0077126559947,22.6836181848488,20.7160012037277,20.522693213931,21.9565959353007,26.2912212494296,23.2560626431238,20.5358086933698,21.263493481131,21.9101254690975,21.7454154177015,21.1145334226089,20.3966708766229,20.152887065588,22.6102479288429,16.5898474272051,19.0532271764252,19.7459541157684,17.5132999908637,19.6458851579632,24.1745032468931,24.9560601409677,25.9886057684004,19.3045352732499,22.1599398088681,17.6564144490777,24.0192458904881,19.5169116624292,26.4366335686545,24.7396275820014,21.8864339260807,20.8906538412108,25.4837959105458,20.3704672406225,22.5619988856774,22.8486199651004,16.4165453519096,21.0742741824896,21.4955760234745,16.9869742076704,25.4494037496925,23.5721028371963,22.9135447480969,23.1544262524784,22.3378223410855,21.4613486613837,21.6121152235817,20.2888243452025,20.7841449793291,21.2764881004501,25.7570620976483,23.0547343921899,22.5199085192527,21.4314224353212,25.1868644188888,18.7483026149687,22.4203276008195,19.4480798894738,20.3639059431072,21.6864804828451,26.5912216616078,21.33806585374,19.1601170513653,21.7953625570066,23.8959916404661,22.2019396458623,22.9939405678626,18.2343669645525,22.1003470015761,26.1723163630624,18.4059040124763,21.7345074433602,18.1561489869947,20.8414092671815,19.021276251172,19.9683700884326,18.9098454411471,20.8002429813948,18.9945426947866,19.22835219907,16.5203519525084,19.0900955053566,19.2762659532297,17.9541124306874,16.7489804296451,18.6976135861748,18.3223798442557,19.6899021159217,19.0732132364412,18.7484801800988,22.6275196359736,17.9491108054906,18.5869142388462,17.4934866236586,20.726614609414,27.1270334217829,18.7087041528522,15.9227643448253,17.3616553088134,18.5072532245894,18.2220652012548,20.0009434387383,19.6809474790788,22.0525340611739,19.3530037808999,17.0956423519209,17.2105787713362,18.010047243964,20.2496742720869,16.5841875972355,20.2321252939906,20.4071091041602,19.1384658393846,18.9006190266121,17.1936482064286,19.9521271811902,18.915302624218,19.8222524898108,18.0993637953087,17.3961571888074,18.2517154038771,17.7570675173407,15.7480747004483,20.8619701534254,21.815510567605,20.0519094970749,20.6858127825328,18.098777168628,22.7929589566836,20.5757715048407,16.7999082818382,17.9181079684852,17.3212605178891,17.0927717754549,19.4621797578301,18.9005858399299,20.5302004116484,18.8555827872559,19.3804034485264,18.0949163733379,20.5879019415736,20.8859818769714,19.9031571581969
"FM_1d_3",1,19.7083444527217,23.742282507467,19.8855764152105,22.3215927360695,20.6648305691131,20.3459507733645,17.9048593136303,18.5405284368908,19.3016000220313,19.7502231660655,21.2937492322914,20.0051546918225,20.02357002207,22.4427070466589,23.601162104671,23.8996424023173,21.1826574029476,20.0944307530712,22.9427425222283,24.5980879901352,20.762026906215,22.5575323299473,20.840292835166,21.6220131404688,22.5203833692443,26.8470026647579,23.8790997147902,21.2909655941015,20.3272141822467,22.7813580334077,22.18481104384,20.9291728598624,20.9698211431114,21.4801558208822,21.4418935933782,16.2832854906093,19.7228495749755,19.9662491494048,18.894028486182,19.6698814253786,24.6673843842568,25.0666129445901,25.8972314849886,20.053674404775,22.2107952346823,19.6929837621725,25.3431858532524,20.2155062442028,26.0477385127608,23.6451918560566,22.8808279567468,21.0302023783008,25.8930882264318,19.0277001437133,21.1252022820337,23.0748994790607,16.1363253535438,21.709223285477,21.980559389334,14.8349028811434,26.1464570534001,20.8372568363002,23.3961424421556,23.6019796430944,22.8319246187756,16.992761801759,22.3626807297137,21.3334698244964,20.8207929087697,21.5999814374476,25.8686781924216,22.8180483001099,22.9809586647615,22.1250331359508,25.8017654635426,18.4764889806076,22.7771070316508,20.0170663998307,21.3494529848016,21.9313592399556,26.9978989329588,21.3992391802325,18.2769616456594,22.0543196008441,23.876930888126,22.8621836879177,23.3033965618151,19.1426776825005,22.7047927224353,26.7902660535062,19.2893416632669,23.5812686616915,18.6524506415214,22.5860962975693,20.1293008866496,20.1545386628491,17.6610785684566,19.4443964125389,18.6218776837487,19.6658085968329,16.6123180120089,18.5400798373595,18.7336223343845,17.6223831153043,16.8552803844965,21.4106019625348,18.6663625804859,18.9160563922167,19.7430543966503,18.7562948660999,22.4838445334045,18.7519896967307,18.078552251462,17.9099193018242,21.0404042164952,27.5200403499086,18.7017623646061,16.2781547907549,17.5637963843193,19.1886032947421,19.5563767850628,20.4785266107768,20.2872431392742,21.8591316198353,19.3594094685266,18.5243551454363,19.2696465375637,22.4735103922738,20.769374521757,18.2364586172378,21.057167497187,20.818568313663,19.3205325640843,20.6925888366219,17.1933231364676,21.6091474733666,19.9886407673065,20.4047563498035,19.2665380821456,18.7415396830873,18.0531281819983,20.1117091631542,17.6706346397525,21.3099692405717,22.8903095063782,20.836960642334,21.2490661632885,18.2524987844806,22.6462373691809,20.106089792557,19.4493158029633,18.5987208396173,18.8562024305727,17.9420897058842,18.9622013484599,19.3678971569742,18.6393313125572,19.0067212571447,19.195342407283,19.3991493525627,20.6413018936371,21.0586001395689,19.5613160045537
"FM_1d_4",1,19.3986527648768,23.9075090570314,20.4445615853233,21.9482649129845,20.5024842043005,19.9150131551594,18.1893630355979,17.1165938362859,19.1551371448658,19.3856750696083,20.9902769624679,19.4552983606853,19.9466820746444,22.172388959026,22.0162465329755,23.5792291927243,18.9046526463446,19.6424797051373,22.5505294187557,23.9730081511965,20.625785287534,22.3485111983128,20.5008241048069,21.0425764031795,22.2908538045651,26.5273931811597,23.3597199905359,21.3074049087908,21.6817948074794,22.5807414368096,22.1791221485021,20.4189704366195,20.698245863565,20.9547026649387,22.3233643477245,22.1841818521891,19.3346889990866,19.7115471129949,18.4414861481338,19.5875490949339,24.597471820773,25.1179702342286,26.2665437132446,19.5490273958961,19.378827078111,19.2148125231955,24.9294419933902,19.9460693307296,27.2231934718082,25.3619531176409,22.5684536842792,20.8830787539732,25.6291755793651,20.4246782867401,23.0807201486333,23.2996347538271,16.474097346655,21.4603861312513,21.8039197639487,17.2529885997342,25.7303828364159,23.950737308668,23.4367210697444,23.4731853971528,22.6974518314404,21.7474561929817,21.7300992917185,18.8757953583554,19.9964105603337,21.3577293264706,25.7347801754933,22.5120291011666,22.6566555779988,21.9086572977124,25.4161700504923,18.6312899797434,22.513074712968,19.4453823153827,20.9438814255406,21.9745976143,27.9710859624464,21.1670903266567,20.5736418947032,21.8630190556939,23.6673088346086,22.7199625446836,23.1331286809687,18.8632599943376,22.4037807431736,26.4759035834352,18.6424656352644,23.4678132481889,18.2031368981018,20.4339072618532,19.4757983380268,20.210866427313,19.1463349825378,19.4304616312112,17.3418698314032,19.6263591415312,16.5793259664921,18.277795104134,19.4117206212111,18.1533863413502,17.313740527429,21.8428921272558,18.1561962705061,19.9108126552505,19.410633531926,18.5800154485172,22.3091756571907,17.6869954085087,18.6731934370453,17.1942071340453,20.3760131990163,27.3197935112024,18.5590253572847,15.8490200899077,17.8831370573195,18.7728224981097,18.9403431536879,20.001787465997,19.7578736668039,22.0942904045919,19.1727647241266,15.6014901869459,16.6273375215484,21.6025367325384,19.2430792675134,17.4350196434433,20.5320924447836,20.4298843132332,17.5796329611317,19.3398017603095,17.2241748418242,20.5693056530487,19.4557283297039,20.2666188520982,18.3433141534321,17.3458898743361,18.1863364997182,18.5328802886374,17.3912947165214,20.9600337295168,22.4552735636742,20.2005658931976,20.8426679848622,18.8911992177805,21.0110204643833,19.6258234675215,17.2755444642514,18.4847174248589,17.4458129450021,17.3797077617116,19.1025388775248,18.5295608778289,20.5434937141559,19.0220557795562,18.9688001105663,19.0258656169817,20.0951849253401,21.0148488346985,18.5836843394805
"FM_1d_8",1,19.5793522123905,23.7036590836087,19.8379463315186,22.5602754702349,20.4289637169721,20.4949021009663,18.6820867225178,18.6539980702522,19.5499723430422,19.7335707988233,21.5823493435692,19.8417809373194,20.1328840260734,22.5333319482037,24.0925174668566,24.0311959169367,18.7742308243411,20.1141142281968,25.4414402422921,24.3357614620754,22.0199236839224,22.7657133817382,20.0856930908019,21.9294575157637,22.8950207006678,26.7446337089556,23.964373748936,21.78403609845,21.7208376254163,22.572058873033,21.9807253509198,20.9724614865321,21.243517259656,21.5424491885266,21.8105069986512,16.5494504132822,19.8257035442501,20.6533065843597,19.1912332405501,19.6553919932625,24.572546699411,25.532913786607,26.2599091663909,19.7357832290622,22.912887431784,19.6113714281632,25.4445745846626,20.1644981831358,27.1674520633463,25.0808273464759,22.8415762603319,20.9992614351269,25.7382056497187,20.9063943935662,23.0540931352072,22.8751350301883,18.2430583586878,21.4887087742872,21.9371251546538,17.250224573953,26.2419563177141,23.6415365557835,23.4995538438789,23.7437443014842,22.5036616285383,21.7429534879362,22.1240283171164,20.4827357667116,20.7394981706251,21.2866618845078,25.8939838682887,22.8004737100827,23.0249610173355,22.3073696561529,25.7754224818525,18.4710484885019,23.0973738591493,19.511462296328,22.3385349064766,22.562234733677,28.1944335165997,21.1524167860875,18.5249676971493,22.2931515326511,23.6158227032338,22.7711371014831,23.9794476166956,20.516637247797,22.566096901443,26.809308596884,19.7785250423715,23.6549095057042,18.493306084444,20.462189708601,20.7897969848355,20.0908319643685,19.2412686429215,19.7732458888681,18.598906175612,19.9933151241276,17.2516390687972,18.862810649852,19.7828105051605,18.1415131947934,17.3328426214184,21.9527617704657,18.8211572400797,18.9678475760633,19.4479226594002,19.3588579007022,22.5210823357523,19.0949837863029,17.9976284927023,18.1858714795697,20.863575208625,27.5655494147626,19.1211447582412,15.9106837457894,19.345068404766,18.945059024397,18.7715350479022,20.4855021933717,20.0805568949216,21.8845397977837,19.2125425482615,18.193806461613,19.3848515761671,22.7053294832523,19.1955032978698,18.8394230653279,20.8898898071342,20.1640310388233,17.7145809267395,19.7104845733942,17.4202604144755,20.9954192842801,18.2235881688847,21.1393538298874,19.3046938246626,17.3950906660617,18.1069255090692,19.8670765267572,18.1397022882833,21.5528487708474,23.2437144552958,21.0310426998545,21.3939478395225,19.2523644379794,21.6354977250619,20.1129558248008,19.753716092395,18.8266653331099,18.5925279559133,17.2552443346307,19.7523896133819,19.1390049342715,20.9076295822488,19.7225928558735,19.3713125780701,19.6351953744993,20.5722285630745,21.4167492146617,18.8180498005373
"FM_2d_1",1,19.7178055867827,23.5912744818443,20.878204714351,21.6761324224259,19.5124944301755,19.9487936826076,17.2839613544836,18.8702283586484,19.147507859327,19.6221488360893,21.0183564345286,18.8598765849886,19.7701420208091,21.8952135339908,24.0959130100044,23.6912308440491,19.2515414901658,19.5338192976312,21.5783912907536,23.8614283590084,21.7397888976344,23.3015513003519,21.2768902866303,20.8048166056184,23.0173689669112,26.8255129789855,23.9756169427241,21.2565732490692,22.1903666683546,22.6386426925522,22.4397583587214,21.87555530189,21.3358523127154,21.2492209775348,22.8049638512595,21.8596660755862,19.4987693619542,20.3147929848881,19.1796234327237,20.0256742101436,25.350176827252,24.9887191399693,26.8639564470422,19.6268172933301,22.5418533306104,18.4104109003366,23.7007657787994,20.0119720022544,25.7081963281299,25.2754824325881,22.5536447935244,21.1488749430169,25.3789072313996,22.1482492229581,23.3589341807807,22.8617849126565,16.1514323949722,21.7979902171696,21.9823359288934,18.3681963579077,25.9837908122939,24.5284087396831,23.6917341054688,23.6735307437786,23.0616417134697,21.9362007586466,21.6388118069247,20.1723566181872,20.4903328111834,21.1596132798561,25.8228726604884,23.5246289947391,23.063451025551,21.8201775733007,25.4692680673097,18.8749968085009,22.4341727300569,18.7372363123006,21.9386830781886,23.020402901276,26.9945123384761,20.9388329931247,19.2427080249668,21.8798749250011,23.0842488559652,22.8753147111757,24.6211683500895,19.6739559482985,22.6244973244497,26.3648933003026,17.5648125381012,22.9846570899679,19.0558079715383,19.3266495235329,21.5614814957359,20.1871638489411,20.2433890195479,19.6797051594203,19.0273346196995,19.2909489706208,18.5193099302757,19.6986261203527,19.5995860026705,18.4906318897361,17.0779738033029,22.7511728881337,17.3873906487719,18.0787876459366,19.8800602761733,19.4463982073361,22.7131158011874,19.5047519791781,18.310706642683,18.2337974556143,21.1454858851087,27.2810928711653,18.8144908195453,16.4155543860735,18.3359861735224,18.5755115446539,21.1671933396295,19.8485838038057,19.8485838038057,22.6846906875577,19.8238632975461,15.2266473144492,19.8976622047833,21.1119191163995,18.9545256798718,17.7978755714142,21.1464568168835,19.7986417455405,18.7123489645609,19.5926106790713,16.7127188326553,21.9143968781027,20.1006553990781,20.4792393914498,18.3878046863518,19.3827627220697,18.2217558222788,20.2759942236836,16.0030434676561,21.0487384602905,22.7228188171754,20.3802147554307,21.015200830809,19.4469307214768,21.2746542512184,20.2349092194521,19.8407409462766,18.5357602489391,18.3146668087411,17.7533962823876,19.3257556554218,18.8715598919858,19.3079477278183,19.5102117418216,19.299090072697,18.9783307763529,21.0265110874535,20.9307338912696,19.7547888705686
"FM_2d_2",1,19.6628155447115,23.0205725641711,20.2394535896688,21.1522850637322,20.0022053470933,19.8186160387638,18.0443661237759,16.9449900112075,19.3795572524537,19.6669338586319,21.4172694520599,19.0119602154808,19.8092982511819,22.0147024334186,22.1517891420773,23.5362009183613,18.4757316347209,19.9572543973577,21.7190961725535,24.7156005405017,20.9364763059971,23.0303467528944,20.2896452371692,21.0168808145024,22.5656171268388,26.5282018650651,23.8770633870363,21.0817767020695,19.4320382284591,22.3879704287352,22.0762780345675,21.7081546452071,20.7589825955605,20.8635282525195,21.9091057153386,16.3762023522404,19.5211857120962,20.3955918437255,17.8014301896508,19.5512437270769,24.6425384623079,25.176637368162,25.3407569816963,19.5813132038356,21.7063746012285,18.4817935911975,24.3036679089302,19.8561823298326,26.6933218623481,24.219882337594,22.1363845596698,20.5501079758966,25.1329233666011,20.9791260729659,20.7668316990903,22.7006261280454,15.578159572403,21.4975371079071,21.586853704073,13.3745472891444,25.9333032216043,21.5700281701223,23.0196498190439,23.3423862398357,22.5397928005436,18.3862524626418,22.0130605153871,21.1791766162448,20.4540816330582,21.099426388524,25.7612882919604,23.329152247481,22.6480271620247,21.7529500995052,25.5680812741948,18.3599573385885,22.4522369567172,19.7892217384455,20.7039473432495,22.0990111600413,26.8235376483304,21.3861832782558,19.0752049822135,21.9316609775586,23.7001910291748,22.240579244633,23.8991361986783,19.7421994092242,22.3178495201526,26.4489494072252,18.850618955915,22.6118668805869,18.2282273499617,22.3680504900483,20.5866940983503,19.8666611369739,16.1935822640538,19.5650796624271,18.8303089349995,19.4331379001056,17.0505784600756,18.8179654280419,19.3651217059836,18.0683322262516,17.2626694945677,20.2045615924761,17.8925449988285,20.1190387817052,19.9552880646946,18.8036213752588,22.8318855308323,18.3662387304674,17.9660612490239,18.2375919302252,21.2967857313158,27.2897700610076,18.7708962878211,15.6210722605414,17.72789561578,18.7675372445992,18.8340703250791,20.3018073411264,19.9291871370223,22.4325964123056,19.8224234474119,15.5228092260896,17.2216401259252,21.6290897934702,20.3435958671473,17.6286297769572,20.5231790369956,20.2419848507811,18.7095360987629,19.8828651726924,17.535174991254,20.6875460999346,20.0833453941843,20.2344846665204,18.5004242040369,17.8672728020597,18.6093702445573,19.5548714302857,16.6490635808823,21.2505033673926,22.753985112796,20.0641499967504,20.8033214828254,18.6036809882178,23.0406724101506,20.4314605418254,17.9342653089194,18.5557979351216,18.5169253332612,17.7517373473654,18.9926164372277,18.9877232089297,20.5204661899006,19.8603880523532,19.2713971363038,19.1880445493195,20.7696165330878,20.8948242081393,18.1553580280128
"FM_2d_3",1,19.4491122715632,22.967812350481,20.6182508413521,21.7457994062027,20.6237596457293,20.1549444885184,18.2378680857452,18.1793749164326,19.2307345661839,19.7661480152337,21.2947581985335,19.8477258637535,20.0558598334215,22.0482390025956,23.2568547157548,23.8860570222354,19.8604172623596,19.557935290501,24.8126463109461,24.2747005784211,21.503442625389,22.6136413087411,20.1346614269994,21.7579346263326,22.0457464259916,26.6461888136728,23.538626689376,21.3796826330723,19.3715197165341,22.6307037293879,22.6380619903593,21.0551798196613,20.9542504664069,21.4965638879668,21.7155834488357,17.035858942179,19.827581044222,18.963334951874,18.3758274222511,20.3239627176236,24.6377266381786,25.342792705639,26.0767021746919,19.6331549230357,23.1428238209722,19.236948501599,25.3836183911483,20.1215932522093,26.8655831571794,24.3766194033066,22.6550170025968,20.8809373673753,25.7811834244579,20.6456676194956,20.9454751812051,22.8357538197409,21.5212359671975,21.8952854589329,21.744662219602,14.7201314689544,17.3125566488651,21.1258451568666,23.3271290018887,23.4628556697953,22.9607235002251,21.0086295187192,21.9895594575375,21.5832933704108,20.1962826272141,21.1037255022005,25.8271013910346,22.7244124245121,22.7929925449702,21.8429391969659,25.838131203103,18.4517854330626,22.1953013753241,19.6837717112616,21.3696160350409,20.6063052138339,28.0127071814764,21.6914916913437,19.343825194434,22.0738663852585,23.974385500904,21.9904450776157,23.9296158637683,18.8405314981941,22.3378313454157,26.613681076235,19.5590740470676,23.1460614051105,18.4156298559282,20.9295548250006,19.2822356016487,19.9091298447027,18.3555476223391,19.13278729952,19.3843962009002,19.9067980447094,16.8300645791765,18.8484071985411,17.3492677349254,18.0520254922757,17.2283770035975,21.7904903566938,18.5763837425964,18.2182003699431,18.4402041469396,18.9767247196603,22.6172628754595,18.828214775369,18.1188782587056,17.9256835972038,21.0146036261345,27.5860965655981,18.834797865937,16.2295100736518,17.9563914378603,18.7494116761602,19.0040606762274,20.4132713452215,20.1625666740964,22.6184600932357,20.0445159993034,16.5674844849909,18.7002144058552,22.6033144197382,17.7537823191966,18.2948841701307,20.6871285825953,20.2941173508676,18.0258980893352,19.8960068020187,17.2888657334214,20.8133589206197,21.1490312274958,20.4212534132079,19.2493605031218,17.4904820291321,18.1205106679793,19.5995425426607,16.7333160158974,21.3722392281073,22.9582487964714,20.7510501170959,20.9621729393808,17.8754955768904,22.3809858815554,20.2861664662287,18.9229031499044,18.8651908240513,18.4482145954184,17.6069827203138,18.9908370324031,19.5752057804364,20.1782553979644,20.0824133429542,19.3510531495438,19.2949067856366,20.3929511076864,21.2415986591654,20.6527895748618
"FM_2d_4",1,19.9863612671043,24.5774323675546,20.3417075975935,22.1422159742154,20.3939857812591,20.343231998517,17.5485897565449,17.8150834344324,19.6197578551423,20.0537806453939,21.5789015909964,19.910640874063,20.0751221013527,22.4348785780708,23.3388781663046,23.9514055913409,19.3228510003664,20.2737640779094,24.6995966913849,24.9243773438209,21.3417208416576,23.1237224053529,21.2978814523768,20.9876936742827,22.6777574220969,27.2566556033192,23.6942863895392,22.1054412215469,20.4314396031675,23.2018050963119,23.2845097504216,21.3981779718466,21.5617644308996,22.5069968785926,21.7383403137333,22.5800028792344,19.7470216639952,20.8078299293247,18.8707019966357,20.2909329797295,25.4974566250047,25.4400721434485,26.0602273101643,20.0106803820765,22.3333785886521,19.7775150173531,25.2938480674432,20.1870555050878,26.8849005666392,24.0012748736087,22.8968934395001,20.6134833850596,26.0090446381297,22.0812049974036,22.4922731280746,23.3617596227913,21.9154651672774,21.8327442885183,22.2653637014585,15.8744721587232,25.9620200058988,21.7188509025312,24.0795436759996,23.7085710790568,23.0546852490175,20.4722186641764,22.0738492623316,20.8848700739937,20.9139644898964,22.2117233997392,25.9043103037713,23.535940247232,23.04089637553,22.2556562944012,25.8146841063978,18.548669376181,22.9523786247986,19.5798002169874,21.7141622435731,22.7771074551191,28.4106860157519,21.2169916557087,19.2706863192453,22.0403366895616,23.8499475202852,23.1435436472013,23.5507163261471,19.8728766451277,22.8339718846602,27.2466275064591,19.4268853431649,23.6489660708518,19.7156160037474,22.8622517259561,20.2928094170206,20.3269111436122,18.3723592189751,19.8023957514162,19.0851731402226,20.1855386721721,17.2522551657458,20.0664229727351,19.7499908378981,18.5147648572738,17.2712836684806,19.4007371482977,18.6000990887551,18.5449628946102,20.7761486576783,19.2835391170187,22.6980410523058,18.9886942827503,19.1238792200156,18.2965641827588,21.3536945583776,27.5439890454808,19.8689223682465,16.6797906470413,18.8890590635461,19.4672747246517,19.6196191974243,20.284723588551,20.3161152673476,22.7052921629961,20.3457477156792,16.8206272994865,18.2531993556612,20.8697418304213,19.9933517634294,17.1319377633335,22.1175778165627,21.5799121285489,19.5292353802034,19.5128551303992,18.2321790291233,22.1172459732453,20.5380975332022,18.6874037156001,19.1480025369058,18.0596027402809,18.7246168264854,20.4407637351763,17.7758829741032,21.3802149316412,23.0294786271348,20.8359197935292,21.5447257843592,18.7540558983142,23.1498849808979,20.274401049601,18.9554993866658,19.0853246634419,18.8005882554788,18.3055768220134,19.4298993217334,19.0728986564739,20.3816863351836,19.8330795309841,19.5575591523905,19.3547649111492,21.1999710422854,21.2670460921858,18.0586596552932
"FM_2d_5",1,19.0468418894694,23.3180094768844,20.5685970640403,21.5916535642885,20.3619480853489,19.7781556676851,17.1276682605513,17.7831917991181,19.270367878818,19.6116891776248,21.0098349298082,19.6364445694577,19.9362180727809,22.0539839892561,21.804598957035,23.5454039655512,18.1957117241079,19.9733897917376,21.9512159133383,24.5541933038782,20.1323763353948,22.3080558706407,20.9701379948547,20.5069238168375,22.0794719930447,26.4124141205391,23.1237577656478,21.3439195890016,21.6699951699701,22.4294210783194,22.0741885118439,20.7012381440424,20.8937649629906,21.8094707050602,21.9425434319823,21.8829588797625,18.986048369771,19.4535607771079,18.039101272153,20.6033289380471,24.6965558852269,25.3016561218825,26.3144428037777,19.5344525929371,22.1210795474268,19.1185955293569,25.2272909376149,20.0808081915192,26.9406038722189,24.4408906036348,22.4728563996778,19.9639836063134,25.6371888731527,20.6438991796773,23.0774393034926,23.0634304614957,16.1822356847835,21.3967834545338,21.7138669693838,17.4324287483099,15.8252717342092,23.2899266482256,23.633620608209,23.4663371655533,22.8077390394361,20.9234736938744,21.284443240081,20.5315397702821,20.202067828519,21.3340806848332,25.6343804618407,23.8391380936862,22.5814347101803,22.1152929818963,25.6334093095017,18.6166676361391,22.9665139791888,19.258083570642,19.5874811358164,22.4195609595585,27.9501332822264,20.9000708132016,19.11924325627,22.1951103984488,23.6108574585931,23.197253000845,21.5070574924237,19.0713088012472,22.087065105773,26.4136853093264,19.759711166813,23.0592277546949,18.135476753072,21.8226757983097,20.425078339844,19.6145829585279,18.4474465024423,19.6752118432066,19.7915523318133,19.6694024639436,16.975713390087,20.2053147924262,19.4595731006543,18.0177028694449,17.6114883653227,22.301273493628,18.8559124614071,20.015918709489,19.846048901261,18.8877109631313,22.2838783443026,18.0048126568146,18.5474655554119,17.5063126903289,20.4956828053375,27.3179126438589,19.9326739034839,16.3391320262396,18.8299104402881,18.4113284749909,18.7275767765698,19.7655753159638,19.9563394473097,23.2706365547079,19.9869327630488,16.7451130314241,18.2480018541703,20.8540750349521,18.7900830219528,17.1578084898759,20.3781551701709,19.9786261300561,18.4527881972219,18.8293082491098,16.7737941496851,20.6406331580444,19.7183838069151,20.4109582220873,18.8155420773882,18.1708131708334,17.519846580128,18.9897136641205,16.7221370265615,21.0426568894668,22.8302196399841,20.7256910991291,21.0230426758219,18.7671918993633,22.5035949053175,19.7299546517702,17.1569455238619,18.2984625316679,18.0504160857797,18.2359011124709,18.9336204884081,18.6119086533945,20.2119691182209,19.6860667568828,19.227090315807,19.0950830728902,22.7181155287359,20.9998275767252,20.8610435917216
"FM_4d_1",1,20.0752196276644,23.4702365659576,20.5135702861676,21.8624497897351,19.9963946980444,19.9950916953993,17.8476331994864,18.1242609922162,19.2274871984202,18.7844401464141,20.9350409424587,19.5858927173232,19.9778882616856,21.8936674157941,23.9497676955764,23.7262969228983,19.5284880145442,19.6860066493951,23.6444243912139,24.6988523005274,21.2017130133733,22.1770026985436,21.1422343960842,21.5690607038462,22.3594943349447,26.677172658913,23.4101755179076,21.7494029342106,18.1299571357319,22.6671139186746,21.1685735980513,21.9459073074455,21.3760018773137,21.4237697795698,21.7130958378273,16.3228171390512,19.7705676478741,17.0097826019622,18.9353902992059,19.5746047022417,24.4158552810975,25.3194241979545,25.1793650179965,19.6691890211213,22.3405722875735,18.4187057409686,25.0550359963285,19.4604334765575,25.7291823460449,24.2404131544372,22.3764997911168,20.9955175783793,25.3858571799131,20.4315117072759,19.7529911336,22.8701144658431,16.4258583050086,21.6178939017395,22.006248467362,14.8284634790794,26.0734957539558,22.5835428324089,23.1063295025629,23.7699109600225,23.2405267852479,20.497319658398,22.4354496108089,21.546065822252,20.7730183856205,21.8145416647493,25.6545212381841,22.5791235921296,22.9435515891532,21.8814293784516,25.7575067552733,18.366214273459,22.3382360522403,20.0299574961584,21.4035572329495,21.131142505044,28.0650892991855,21.7593463544951,19.9399428338747,21.7425664806592,23.4281404222653,22.7326865289126,25.2126649085757,18.7744690599299,22.49297556567,26.6865006520678,19.2447550833105,23.1265517580912,18.2740181169517,21.5893951754534,18.9362121625245,19.9514866193277,17.8932342865244,19.7881507213509,19.3303971079163,20.0629639046363,16.4057477907688,18.5806679544926,18.553441273646,17.3187258290537,17.1726552227466,19.6141154554576,19.0792733897117,19.6998877642501,19.5937047814858,19.0801370639943,22.9297125792358,18.5679265572476,17.5683778617154,18.0748391378798,21.2220355103207,27.2555715777485,19.0863794754954,17.499330003001,19.4505673792184,18.4578010735327,20.9107539995108,20.6008958070656,20.3071818204396,22.6277516134797,19.6281258681447,16.7591893684866,19.2713890330449,22.2838604621227,19.7513395908457,18.2338808937406,20.8049204409176,19.9849528352264,18.62713180474,19.251918405292,17.9200332601495,21.5805138401266,18.3075998294452,21.0621129432739,19.0499867413812,18.148092114734,18.201852877897,19.3630194169745,17.3090083965507,21.8676547897065,23.0262531007716,20.3445427049067,20.9444069140536,18.3806263575905,22.815414320072,20.0576924982918,20.1494028628902,18.6093019676949,17.9430113012757,18.9164204331222,18.7391656619837,18.5867264091213,20.054726747814,19.9981810354758,18.9687589892298,18.9807581100222,20.3672777810127,20.8741753856285,20.2489595597351
"FM_4d_2",1,21.3347584904661,22.7826853287072,20.8172578604797,22.0196351586255,20.1185862818377,19.8887030490535,17.9238446938745,18.1369581963922,19.2966544863665,18.8211585152184,21.1821792135463,19.6554000052266,20.0097826145548,21.9744588624653,24.0669788931714,24.0274909287506,16.5546069352261,19.2404411803506,26.2154057439551,24.5624918902603,21.8624175316887,22.2768572277834,21.2226931249393,21.5918580568287,22.6723533418818,26.6660778431322,23.6145994422965,21.2640839283135,22.3749766637634,22.6122422745506,22.4812180276012,22.0467958803177,21.5828313317339,21.2256055354613,23.3085791314523,21.754609093302,19.9329869630974,19.9045797635986,19.1092218577546,20.0854246082144,24.0015536557845,25.2598199864693,27.1182544341614,19.2708642647281,22.5844097682047,17.9432407964617,24.9464258135228,19.7762149748007,26.5387948597068,24.4628419654742,22.8186003057288,21.5465135875221,25.79071821416,21.5122840788163,23.5187188352679,23.025828082088,21.3807671819554,20.9778924191397,21.8669254802646,18.3658621960725,23.0717602279457,24.3912692179586,23.0511260853208,23.7052243944949,22.9547611978777,21.8507257641256,22.8883359515778,21.5315628620724,20.4477298154097,21.6449985097616,25.7245362956401,22.6928298962309,22.9313857077301,20.9501353694094,25.7998853130605,20.3889435080335,22.1074561417967,20.2159116401414,22.3787205912902,21.7866635067601,27.9150572578858,22.3120783604274,19.7468924970703,21.7580836653049,23.8862520301033,22.7273262845018,23.605484416622,19.7047784581418,22.3415047019051,25.8382000872859,19.360728228568,22.9989546866728,18.0969363753714,18.4419325487796,20.5299631315426,20.4476139823399,19.7475415298421,20.0804274000662,19.0955585764069,19.8427940932021,18.160541838942,18.7291565877955,19.6056847917945,18.2822541440004,16.0130890140247,21.9645221693875,18.8254132374038,20.1154732849369,18.7715021692102,19.822083855766,22.6971043588229,17.7937418171573,18.9036998222182,18.2495833287744,20.8201903317748,27.2514478860414,18.0977501196802,14.9272626642885,18.746482855904,18.4621561711225,19.1916345791822,20.6379166134743,20.2387805186528,22.9295598228805,19.5842579490962,16.2673591789367,20.1265781894211,22.2278825205376,19.6657616307766,18.3136498278832,20.6438059635995,19.8839466303583,17.8218280701418,19.8761471953499,17.0391471100072,21.4677986853031,20.4200208751903,21.1408725355334,19.2332598701287,18.8586245922756,18.9722472289198,18.9738890525738,16.8729582399982,21.8581588708936,22.6559982119628,20.9594995094996,21.5390033469345,18.8001356137595,22.1536540295903,20.3821426661667,20.4736790112201,14.5351013450095,18.0170034335157,18.7715340738202,19.8433538279389,18.8358855416195,18.6565192368238,20.6342340573625,19.3803678080591,19.6574562808879,20.7102359168808,21.3534181140815,17.0262176163106
"FM_4d_5",1,19.285885452888,23.0225754378278,19.333640608601,22.4067412426765,20.0513624994499,19.847841627253,17.6117890732583,19.0183441300796,18.9667766778702,18.9354887611987,20.6356506170879,18.6902380609279,19.7518748166644,21.6242844806087,24.4370590691586,23.5835891139066,18.9315523653345,19.3968659072623,25.8052358545557,23.8731774346057,21.8291643547441,22.499897399072,20.7643109226044,21.3796378352343,22.1205218820875,26.4959533900863,23.1603324783335,20.8401097064304,21.396304426929,21.8504836057597,25.5683703692277,20.7006110896424,21.3309036432458,20.3280790659855,21.9326829436569,15.9095425847523,19.2845374937802,18.2055431527901,19.0296368007592,19.0922200679249,24.1192969470016,24.849595373356,25.4454005122391,19.2913989528225,22.7181718700794,18.3421690623936,24.7501014144082,20.124739142229,26.5733602000837,24.3306726149011,22.414316060937,21.1272464897308,25.254886478456,20.4811919738724,22.793840693564,22.3506347579906,17.6948443817723,21.1009923698949,21.4666144200184,17.3158407650448,25.9340198071165,23.8157204315759,22.7491963388679,23.2386822104013,22.3484609123146,20.5492415778323,21.4563538794341,20.6617264435682,18.9204451462577,21.4424535857481,25.5726951277407,23.4368667658713,20.5995447467481,21.7539629757279,25.3887699774542,18.6088115886326,22.7271707382687,19.6957706533953,22.2697270265,21.5084586667738,26.7979473458472,21.123555819865,17.657241678743,21.6593199600094,23.0670724552927,22.8535965103475,24.0909656028635,20.0111457360971,22.2080698053216,26.3874988733086,18.9619624420418,22.7794102679725,18.0622765536027,20.9674943577972,19.6433912643581,19.9177495974413,18.1646221768037,19.6160834229434,18.9166585653859,19.3396554197146,16.4340416464842,19.0633155822283,19.2754759260562,18.1888452021676,18.3404860191423,22.2298707480535,18.014633704878,18.1036017687455,18.2789319603928,18.927804926519,22.4547739844795,18.0805066428498,18.0666978407675,17.8645619310544,20.9841259027837,27.2581538614881,18.585088641696,15.0128357493555,18.0865337431591,17.2391460386388,20.4996873907281,20.0412707069347,19.5867305675797,21.7555992497412,19.1822521919637,14.5371431652127,20.1464850131623,22.0748175938705,20.4911481683851,17.9528862637238,20.3983467166282,20.7724268110209,19.1396677002485,19.0214344158062,16.8188720775742,20.8351431371495,19.4660874583101,20.9841800696474,18.7379160758174,18.1331939569596,17.3530169093847,18.7167128998651,17.1066791248366,20.743672343902,22.352840590212,20.2645333036996,20.4557666125341,17.9667665444535,21.4403675858564,19.6738906037939,19.9762720511395,18.0717421950518,17.615431374353,17.554064698084,19.1805105969049,18.4593479285961,19.7770276561744,18.3448500385776,18.7449532875412,18.3527773947247,22.5996682963323,20.6469479145103,16.3264506951534
"FM_4d_6",1,18.1612403693261,23.3490545247354,21.9089262365062,22.9506540047993,20.56029579486,20.3283330178159,17.90658307135,18.2897262824892,19.6439061022036,19.2756121118196,21.9323007669492,19.7530480956019,20.1863295800933,22.4596041186593,23.8531619379553,24.0081984280921,16.4046185220257,19.5640174550897,24.8869303923656,24.978288209953,22.305003112047,22.4460939768748,22.1787350752894,21.4400628659616,22.5264743243176,26.6865790310992,23.59203911828,21.5250880024399,22.3542000630984,22.3069040480709,22.3788516976491,21.8884888255492,21.6517798137369,20.4692674419454,23.5327870059571,21.7248313651797,19.9731009167136,20.9129777577461,18.8956284208133,19.2691221449814,24.2175586106697,25.4410657013449,27.2036751374017,19.8678848221481,15.7690789697791,18.5786729180769,24.9947617898807,20.3963682186186,26.9285701630181,25.109911088776,23.1469167822514,21.4781333958357,26.4172914626426,21.110530907239,23.4198406067067,23.0752550645527,21.7272083078084,21.312807590805,21.9220778854724,18.0693361795924,23.2823214247918,24.4010428129305,22.9800888953409,23.8641125395048,23.0616064505679,21.9857330186748,22.1831724631701,21.1787024100864,20.5813474508086,21.7315846988502,25.8194582126623,24.0101276449628,22.8991706719167,22.5352565144274,25.8888514672954,20.0608025080041,23.5908659781264,19.7371133470337,22.1015343304088,22.502417629701,28.014311183059,22.2410400248094,19.9173286519465,21.8668878097441,23.8832876847931,23.5795317909532,22.3670528747989,19.8646597645863,22.6100678793814,26.2304875911236,20.4790746326354,23.2495201319073,18.5476055861037,20.3116508750944,20.8783817610936,20.7202826742351,22.1903084010297,20.8240334883624,18.568798559774,20.0211457849598,18.4650410649099,19.0596525281221,19.8472773748257,18.4340916797239,18.5084687166275,22.3812786108251,18.9253584052929,20.2941835751832,19.8493503970748,19.4081555944588,23.2408106585955,20.070999024046,19.0232788399785,18.268829696286,21.0542605389718,27.5221255719151,19.1400673416167,16.5152212760317,18.6979582183386,18.7445337578333,17.8284904860633,20.7173068229342,20.4153102889949,22.4813944279905,19.2926225153967,17.4008380599075,19.26793945321,22.045061138001,19.8108213145557,18.1951153792056,20.891632694892,20.7057754964359,18.986719789541,18.8933644051313,18.2106682815954,20.4855646981338,21.2976430377625,21.3706703609407,19.1663602698123,17.6795600723184,18.5492405820347,18.9281704007915,17.0429719858122,21.9294831457579,22.2852674927945,21.2569411123753,21.5362281373262,19.394341202234,22.7254422549351,20.38422870158,20.1356835610929,18.5600026858489,18.0847013345729,18.6070185685063,20.2118147197859,19.4621311948493,19.6097099539912,20.4992844653921,19.6437236227355,19.4378480236474,23.064604820786,21.6168575032077,21.1414150862182
"FM_4d_7",1,19.9297301033064,22.9899513686107,19.8215882190941,20.0652670194424,19.6662410427155,20.0345593327009,17.2506794576825,19.3702418157057,19.0399077631549,19.2518012665129,20.9126272646579,20.8253749110543,20.1338237893206,21.687264234812,23.4482139690203,23.2236897280827,20.4138967545835,19.312097011357,23.5559797433158,23.9493126047329,21.7446738855011,23.0006159565618,19.5818529828534,20.7057748048559,22.0835771528126,26.4736232939173,23.2844477873276,21.1151230940416,16.6470581665142,22.1808628878764,21.3405895849777,21.9965874240176,21.492032196044,20.5295740213242,21.2840876436086,21.9510552266278,19.4631914518597,20.2275453163489,18.3258987147026,19.6566525353374,24.1079132194693,25.1683578558651,25.0968354708575,19.2116079631946,22.6572336830896,17.7414827804714,24.3122036807546,20.4276895491309,26.8510102665218,23.5250243171593,21.2701538366625,19.4205512677487,25.1994257857874,20.8227054698914,17.1547428374465,21.9064640416977,15.9834998108671,20.7736416664572,21.3189986684835,15.4127303285727,25.7919762515018,22.0350962508131,23.0574458901267,23.230613040359,21.9954823770173,19.0057744359343,21.1703056175877,20.6435302278382,20.9557046487441,21.0780118506171,25.6556455911451,23.6954106918602,16.3947473411642,21.7692717480232,25.4834450793674,18.4620184283473,22.7593072182603,19.892994324867,21.2318511557281,21.8231264779973,27.8310678348882,21.0778093450694,20.0228833441342,21.4749447085242,23.1301579602827,22.7580462844599,24.3341866131812,19.2567531258063,21.878389531762,26.1557391005451,19.0556137456642,21.7295025651691,18.4695783087385,20.9286288905002,20.7038323221421,19.7890904034373,18.995002481508,20.0502036233344,19.1068172697146,20.0050325756666,16.8070746096611,19.194075667968,18.0558875555956,17.1249669634446,17.6012714659025,19.3304314445338,18.1135777080633,19.7944080531759,18.8106712965224,18.6189558761832,22.2424212056241,18.0624193610697,18.5257776307953,17.21033434544,20.3130032848339,27.2120578566225,18.9753099980964,15.4001478732405,17.9334968531694,18.5153537218973,17.1100995752553,20.2355034904824,19.9064518186452,22.8213781743524,19.9816231535483,16.1468589143617,18.2512539065103,20.8851221153627,18.7767155001178,17.1749352479223,20.4229731725753,19.7121361965056,18.1587666459306,17.4439894245741,17.3458947312552,20.4986093547499,17.5741151455939,20.1359378937309,19.1413993471663,17.8982460801532,19.3774205824664,18.6949188674109,15.6551647008777,21.246370641228,22.5482630802545,19.3840868221505,20.3590231549304,18.5235728206366,22.0623725419589,19.7015746368326,19.563118782892,18.3605042305169,17.8430061559506,16.5256913639286,16.7936061590335,18.4035890049415,19.9919529262801,19.5960887435427,18.8843099857179,19.1010914164896,22.2387013589003,20.6509491072901,16.8567636651665
"FM_7d_1",1,19.5979403473606,23.1396216005573,19.9728265872432,22.21112503745,20.154291413111,20.0216288566682,16.7024131698418,17.9239234355935,19.1715738191518,18.8553351685063,21.0706534436119,19.7698902377353,19.8191759028177,21.2495752320959,23.7647706294435,23.4413093015676,19.2953880594951,19.4388539229616,25.6571812396072,25.2808497364532,21.4664354803867,22.0260506968535,20.0034993916017,21.4535636627237,22.0798144118378,26.3261308076458,23.1637458194064,21.3084796169397,18.6002231615072,22.4940225964244,21.8951606935291,20.9870655413272,21.162408771227,19.744652778506,21.8916093006778,16.0395923903435,19.472207113953,21.1755637909056,18.3562808591823,19.0680263333515,24.2086417156358,24.6334769110478,25.5807890009967,19.29975407856,22.3387372591279,18.1824757085632,25.1076648125701,19.5704937101181,26.8280874431306,24.6138869165815,22.2390168781823,20.7288218678765,25.4515595186068,20.1504648293158,21.4055318739262,22.5112620554681,17.5743700794618,20.603881654227,21.6471930739568,15.3782363660857,25.9895014066964,22.8370139955588,22.7234757853441,23.1944286988248,22.1183991728662,20.7262243560595,21.9182122746188,20.2645488643575,20.204469571278,21.6577016013548,25.5757808367049,22.5785101369606,22.7030635005735,21.985201725045,25.8042370860941,18.5178785654964,22.1672352485806,19.8831021792372,21.9721681331643,21.1687652118838,27.8860017048317,21.9267789601535,18.8783623004076,21.7363451312182,23.468392217492,21.9104633806655,24.5288034765295,19.1026621692178,22.5423287809954,26.2430387223086,18.9921042358982,22.6795185735153,17.9776394825282,20.9469614225222,18.8874070885867,19.8880480388777,18.5171452835824,20.2286568519048,18.9431417051613,19.3878376413503,16.6084701515131,18.224844872076,19.362649138197,17.5888170686848,17.1599289987051,19.581087445422,19.3511993330548,20.7326861820672,19.7010119628978,18.7796376705201,22.1912994507534,17.4790093403367,17.8122787169483,16.8597122927902,20.0369630033107,27.291820269377,17.9388262012286,15.3666856274954,17.9642931190563,18.8409132994233,20.2220108656332,20.3077282362471,19.9866831642413,22.5043156737366,19.5002816422307,15.9959750080455,19.9464250423088,21.931382069182,20.5337306964703,18.0709114929661,20.1908106104438,19.9127000727561,17.3063150026369,18.2446563059175,17.6040911773403,20.9461104442031,18.3506344678859,20.9584828041059,19.0371698704102,18.2973364429436,17.9201376541048,18.3224055845307,16.9165538905397,21.0644614049986,21.8899424223989,20.0742915743228,20.7450614291849,18.5700169109518,23.5081190560902,19.6935870340797,19.8722630055059,18.5297926957295,17.5496196228953,18.7534414133137,19.1187116016506,18.6864916175063,20.051161377985,19.6036998053199,18.4408375840089,19.3468271974147,20.45504859807,21.1923106295848,22.7688025461951
"FM_7d_2",1,19.2258776097549,24.0555406063885,20.0081843703388,22.4951543970337,19.7887489746606,19.7124171116232,17.5697277319965,17.7563011562611,18.8895683547305,18.6123267436452,20.4626896800872,19.1223829172032,19.5390359556661,21.8828299936137,23.3440963272286,23.3973458491716,19.1424824734042,19.5416839459307,25.0160327925379,24.6644547021985,20.9496950045411,21.8525450758082,21.2675782670053,20.9561959966271,21.4876481808639,26.5456327936921,22.6483566276794,20.8747339963915,21.9463585644192,22.1952673499462,21.9093105264761,20.3188994084573,20.8374449531522,19.6555293980504,22.7827297207778,21.8222164085338,19.302410296046,17.4226385633924,18.9110855534221,19.0664334025864,24.2725917032837,24.9890674701655,26.9108497853595,19.5311297369221,22.0253975911818,18.9975770932788,25.2616661832315,19.2902801820118,26.906888961648,25.251242677687,22.2817452436049,20.6060672733207,25.0266599795743,20.2624566103586,23.1236095510597,23.0094818156591,16.1552118680492,21.7211269899038,21.6702594023216,18.3524550873441,25.7779985520799,24.2633146912147,23.3082682398291,23.6720573249723,22.7733293983267,21.8619187902614,19.240252574783,19.7574985280613,18.9011643722109,21.3606154484914,25.435596123894,22.6322243550673,22.6334203078409,21.7104483948916,25.3482984033788,18.6999167457074,21.8636308612346,19.0485539058421,21.7633393592532,21.5721117302666,27.0013020829008,20.8551069388985,19.634174288028,21.7052375854782,23.3246365295984,22.3233075372807,24.3561680230527,17.2216418284321,21.9712356306089,25.986527802173,18.4668754175069,22.5967490296774,17.817083499677,19.2727846739414,18.0520688229654,19.4111023568452,21.1455865007236,19.997305022417,18.8933784314851,19.3533845113232,17.8665774629792,18.0408350785215,19.6361143049196,17.9791156315754,17.6691098831298,22.2601801765945,18.6589372273217,19.8078893065811,20.0719701241627,19.1638882748198,21.8327530427519,17.757189508388,18.2830571005183,17.5285982843425,20.0541379915277,27.2724159345171,18.309402768965,15.949113021773,18.0919075240094,17.4137837796143,19.8472472188509,20.0056304938223,19.5218986511284,21.8419305115693,18.9755965654531,16.1000134425126,18.4975369588638,21.6731878648794,19.2123315907407,17.394386003507,20.4787537586342,19.9714051400175,17.0534907765365,18.051995654373,16.7717678285676,20.9050765364504,18.9522513714938,20.5179551635437,18.0303687000603,18.1693104478059,17.2812077956396,18.900649418537,16.8195229556651,20.7858332222197,22.4263094684138,20.2378936470479,20.6435470044723,18.0216971045949,22.6913720771861,19.0426383156047,19.1512484234306,18.1803893223737,16.8483252880863,18.7000672457946,18.4932705396864,18.0202525657289,20.0009170312797,18.973635889027,18.2816307769098,18.4420833320632,20.0907434448741,20.7709508507914,21.6032864722072
"FM_7d_3",1,19.6577246036863,23.5103104337806,22.2025502749589,23.1832026518948,20.8668706232135,20.8810249477026,19.5668712473513,18.6379808078444,20.1990357964421,19.9793629897909,21.765245659467,20.6215922372751,21.0056938531908,22.2371781674767,24.6287708564252,24.730955057645,20.2025386637507,19.8246502392046,23.8058772700045,25.1236500856362,23.3215751718288,22.7140359574853,21.445404213846,22.5626225502887,22.8934242924884,26.1052983021989,24.0073995665655,22.0691756176544,23.3994001870887,23.1306125738008,22.3349568293893,22.8202579496361,21.8140161891002,20.3009868651569,22.9829604754032,21.3495842089858,20.9417970859791,21.4410886339437,18.5834355772306,19.6946070285511,24.7362524941445,25.9274834438967,26.7542308088064,19.5953469295598,22.4493226505235,18.6902783163611,25.3315555404571,20.7402173434062,26.4787519742887,24.6213954082388,23.5394265082251,22.0446534670783,26.7721980078699,21.9655145766207,24.5254700539925,24.2788931634513,22.7408718643968,22.4798516041534,22.9841465891321,19.7230994604995,26.5522449833145,24.7948986749877,23.3053519737329,24.7155658898558,23.8290738125674,22.8927225468451,22.5994097464052,21.8689459185544,21.7499325956522,22.4840071412304,26.0239095888225,24.0344042928535,22.8754290349658,22.954117726503,26.5815462430645,18.7087387927713,23.6315766032778,20.9956303807522,22.2382527256563,22.7586335832671,28.4689704163137,23.3200062877789,18.8135295056453,22.5255955902676,24.3173806415176,23.8061002178506,22.9732506441353,21.6238498062676,23.4606626382384,26.801848678317,21.243176064949,23.7933521639827,19.3931468277854,20.9491684175947,20.498990465919,20.3440428670233,17.7302843750545,20.8446670786494,19.5752937994637,20.7809449237025,17.3247754146891,20.1414233207987,18.7989238869934,18.999725539477,18.9094377624899,23.4791105815407,20.4231955516953,16.7678846765123,19.9866170306157,20.2164022047574,23.8921543789393,21.9454809907723,19.7005562585051,19.74937793442,22.1577222088823,26.8515807098974,18.6153811758955,17.9167316818849,17.9288272457336,19.193667510828,19.595579785313,21.5176892838481,21.1322164469005,21.9835875457984,19.73884349875,17.2305928781111,20.8120609419557,23.1978457405599,22.2517042248474,19.1859402672136,20.0812987874664,20.9845705081807,19.2926541535177,20.0989939619749,17.9980222986556,18.3040631659047,20.5430723793009,21.3467911787318,20.0180460959439,19.067920747943,19.0357681480456,19.4415379492731,17.8954479965213,22.4208533472945,22.4938631386869,21.8569884275015,22.1652586504644,19.7058291336976,22.9251177922807,20.9356534620057,20.7163400895925,19.0015270387111,18.6267864633824,17.7892576637274,20.8532676076091,20.0019009131839,19.6648815266183,21.1168225390084,20.140384123462,21.0540940557285,22.8291003775044,22.4383362694318,19.7115648893586
"FM_7d_4",1,18.9278301761785,22.4915464117914,21.7520570265651,22.2278018658473,19.9849000755521,20.3937309720741,18.2355935255811,18.8402486457235,19.3207785029974,18.6407839852526,21.4405728343351,20.0757910749649,20.4566033281119,21.5569698229601,23.8778788264316,24.3971606759836,16.3454850944462,19.6999726563667,25.3703197355933,24.609501671553,21.6728840657348,22.1928160870169,21.5779858591315,21.451893728506,22.4736559639218,26.194938603072,23.6491225520518,20.8224852861988,22.3320907696623,22.8650082521923,22.4807219244138,22.281065251666,20.9023343672594,19.1311028808057,23.749662857752,22.4073858633882,20.1447441002681,20.5755878609975,18.0678190703963,19.4542576869789,24.3747605344463,24.7878938800667,27.2268140775071,19.7541002632683,23.9499330311987,18.4914733516217,24.8656254675333,20.404738848634,27.0869125936188,24.6335146282145,22.851943466497,21.5519733896466,26.2025097255498,20.392126726769,23.2654333523321,23.3687951486372,21.4231085225478,22.2612222820421,22.011550685296,18.8026519881298,26.4888291499184,24.7268395996425,22.5801239328215,23.7485484256872,23.3104869935532,21.9739934773336,22.511081855387,22.9960045081269,20.9534168907311,21.6774830909589,25.6230782376287,23.7909103948113,22.7818878432721,22.3816277782459,26.2907145552898,19.3286199357834,23.1655456953404,18.9893361535941,21.8832465423591,21.3395960193272,28.0617224027441,23.1628331169053,19.6937598615994,21.4907261658478,23.7809896634077,23.308409473593,25.1846170286688,19.8899724594606,22.6140039849381,25.8538406302871,19.7418586131521,23.1561560751916,19.5999285161384,20.168479156086,20.5660345089313,19.8922343850211,21.5972357895342,19.5262508724792,19.033228260754,19.6748611583289,18.2498645689299,19.4451236000508,19.7293867406608,18.2289767731126,18.1915899758071,22.6763305257788,19.4873794000197,16.0743391757722,19.8474443160287,19.6860711975791,23.2991459860222,19.4633059380087,18.3695555168088,18.5321059931609,21.6241834479624,27.6091616513376,18.5330399488099,16.3379441200045,17.9506528775609,18.5592619745406,21.14581535974,21.053090829821,20.5559088773419,22.2975913060106,19.5981517489055,15.5589632902251,20.0469967798778,22.2954802006051,19.7428307157656,18.5920953037075,20.0439308832157,19.5955490270004,18.7338275932574,19.4666245516622,17.7251461807894,20.681786261786,20.7355078915581,21.1455965658317,19.4703253173936,19.124764416187,18.5364574761941,19.2859506486878,17.1191568705363,21.4994791080932,22.4442641715225,20.6915085665434,21.2076251443266,19.4940041516231,22.4389761059596,20.2320286952295,20.0186657790703,18.463628814889,18.6517628011716,18.3194252790342,20.1843186305083,19.3883963285164,19.7533015438271,20.2081518014704,19.4736025448122,20.1215969533083,22.1980317944623,21.1002924144769,19.4133151285974
"FM_7d_6",1,19.2244595955538,23.3576587592616,20.6118551828991,22.3786512342868,20.5042178454124,20.1521068905863,18.5251403069134,17.7123427543053,19.5219543412243,18.4319532072998,21.9598320056104,20.0411803735009,20.3050991770869,21.545187397688,22.6505185769647,24.4780142328081,19.5784603979756,19.4248121195086,21.7995835448611,24.9545502683451,22.471837267695,22.2433145252975,21.0327976732681,21.5137202521367,22.291527045583,26.6616964826523,23.5984598714842,22.0933179154115,22.7879012165439,22.7044136623478,22.2736493548708,22.7895740779497,21.2564763258011,20.7335749548621,24.0233662214327,21.0962281851364,20.355930171669,20.9551493773071,18.064650767391,19.0673939321695,23.6866715869763,25.2123005065136,26.8813209651413,19.2746865063018,21.790864327889,17.4946596444359,24.5667947650593,19.6667182369618,26.9767336776922,25.5087604613479,22.508278666613,21.1556819600986,26.2072130145144,20.9880527639165,23.8976828659589,23.7310397739525,21.9247507931019,22.2879656883481,22.13859109246,19.2219860913976,21.2957418073011,24.7797715345339,22.7316880046718,24.286524032846,23.2715252022912,22.4772554566498,22.5288607711636,22.2577885936233,22.062342619827,21.3048930143614,25.6817298054558,23.7560755172064,22.3907723835567,22.3882372281746,26.3732400684681,18.9079808626011,22.9701939962927,20.203609561596,21.4750910185459,21.9224219926791,27.9741830193996,23.2037938210233,19.7483028801293,21.3830615088999,24.0382228972965,23.1870402613358,24.065133952104,20.0811145372664,22.6387918658614,26.3770505971808,19.6590471445322,22.5483473426657,19.2557285008852,20.0486949062498,20.0164561171854,19.2268859925988,21.0686447770436,19.8323248705148,18.8988841001478,19.6732285233666,18.624767743891,19.1857664590137,20.2787715820408,18.6190440185368,17.9835783089665,22.3590442050352,19.293905177256,20.3497894667044,19.5864385031196,19.7832916860975,23.148925011789,19.0710811303148,17.645786811912,18.2249945055603,21.3042866846365,27.3596747720359,18.3215252279886,16.4923258190464,18.1897376410607,18.3498000142106,18.9888324546099,20.9992339796947,20.6193129313628,22.240796345408,19.9098034489506,15.8652823875449,19.1777927158573,21.9613243594041,19.8371497760841,18.0123137059018,20.8374374358817,20.45012273605,18.2288102757953,18.8948987731972,17.788515120503,20.979406555076,21.0792801688416,20.9300823279465,19.4958864453117,18.7755081936957,19.45321615476,18.0902232793214,15.4371940467563,21.7666869145055,22.6610729009676,20.7874132577843,21.2804043229628,18.2451897550979,23.1908562457869,20.2960408368166,19.4407028265838,18.2529624812402,18.1342198218142,18.2219477185267,20.2140395023783,19.3369034746368,18.9596031403643,20.160662569656,19.4398855295424,20.8821277500929,21.9591288490183,21.3929558506249,19.8984401408595
"Mock_1d_1",0,18.7636638408921,23.1943631533994,20.1657834222226,21.9827734602769,20.3281807510562,20.2005804155443,17.5390595577361,17.6834429726376,18.9909572042907,19.4192256207589,21.3354872399817,18.7726048073633,19.7670960423459,22.1352626199953,23.3687899835863,23.2298887498736,18.8122025039838,19.7466615474645,24.9134927870986,23.9215937073346,21.7438402157746,23.1284852088101,20.8017670449455,20.7868471297577,22.5034797274299,26.5450713616416,23.8603396456079,21.388594691185,22.2956981746054,22.4760761624967,21.7743591849947,21.4636723853629,20.7424009150171,20.9510666671474,23.1404781314048,21.5190766172067,19.2000393693559,20.0488405537154,18.4335806761357,19.7479125619207,24.4697990045398,25.278781965514,26.9368816945272,19.488207543872,21.8961192830419,17.8209874339322,23.3895869225706,20.0102455522365,26.8091526561882,25.2335483912282,22.3829114518085,21.4164620431426,25.5366630787794,20.8851060428623,23.3598545019875,22.9150619590104,16.3960001960386,21.2461078016803,21.8178821629088,18.2839561662198,25.5851154865177,24.1138571494299,23.3847092989953,23.603358846537,22.5279091162647,21.9357500079524,22.0681424878287,19.1652963626115,20.2525299977421,20.4608120007216,25.8795182946261,23.6450726648617,22.8076158266823,21.4356963892106,25.2927409830827,18.4453398615204,22.4403290218414,19.0522204316666,21.8566657408394,21.9055363160438,26.9320747455393,21.035019981327,19.376844079326,21.8447912332673,23.6838735409971,22.6991505471664,22.9514305989468,17.9850651992733,22.3165034161306,26.1297668832088,18.3471117582003,22.072228236612,18.3030039121585,19.39015247332,19.7754845136254,19.5920155556704,21.4900738803091,19.7483754233218,18.7624357509107,19.6665608144597,18.238933625041,19.2808226087965,19.5481244878294,18.3897421943535,17.1935287556013,22.0796823252429,17.6452104428759,20.0489430802521,19.3364913050148,18.9594236835382,22.6584236009096,17.5299361302767,18.3858025740157,17.4577707297064,20.5075812169452,27.2613054067924,18.9010732310455,16.5783648044791,17.7902596592588,18.8688985966343,18.8666297600344,19.7022254962831,19.7022254962831,22.3843267531761,19.4524723192869,16.0262414826045,18.7357560845316,21.1384142333728,19.9178329463151,17.103727816193,20.6338715612844,20.2878704743706,18.8344564971852,19.6949744012805,17.962344701476,20.4246880392043,19.8758103171445,20.5177373253929,18.3984992136584,18.2338111159704,18.080853781302,18.2289463885784,17.5419304166831,21.2657355313268,22.6927971764967,20.7033717377362,20.8641824238554,18.2696795760176,21.6403523697637,20.383675057742,18.7562420757316,18.2687750855302,17.7929805789215,17.3343083804626,19.7362429978837,18.8029178404495,20.3753722701435,19.3553757699549,19.382738620028,18.3854547555993,21.0514856168854,21.0625465405907,21.2071568313268
"Mock_1d_2",0,20.4603265823714,23.3528472466104,20.0154145956001,21.8453129414457,20.5001117508469,19.8453513136626,17.5214548559228,17.5492426511826,18.7935757072431,19.6122318359127,20.8220711812556,18.5244051775081,19.5710799895246,21.9584148633279,23.4477947810868,23.1449861096997,15.9848681860728,19.6333461271868,25.0894757892607,24.1623614806065,21.1489657453092,23.281074227483,21.320946455756,20.7036144941899,22.7573227496855,26.5349023871257,23.8992501300706,21.4208083221717,22.1148206063023,22.2356954499208,21.6953901593734,21.4263362499255,20.9053676187048,21.7061237688613,22.9772953407455,21.4273195808674,19.1963829166687,20.4035155666363,18.6905208994869,19.3681900058495,24.2664557251419,25.0585666929045,27.0834382175651,19.4236155087899,15.6993116599069,18.525030897618,23.6015392074595,20.1464510441915,26.7700447186834,25.2946817362594,22.5734539589107,20.9785061970168,25.5576710707245,21.1950501025527,22.9316860379689,22.7378712617769,21.6131546830733,21.1182256056048,21.7241371960036,18.2610536911747,22.7292014937576,24.1280232805252,23.2454282018567,23.5817466425854,22.4511756142523,21.9446274607404,21.7953482988854,19.6658507861099,19.7985971131442,20.7524639601268,25.7005114302354,24.0032685899722,22.5788872264906,21.7336709744756,25.3164404384062,19.9453549517306,22.8797134204892,19.4833133972086,21.3742101392248,21.8000090124128,27.6618084411779,21.3915455584454,18.960586613711,21.8594949857317,23.165191908151,23.118593649959,22.3997204389553,18.4533043900092,21.8954505000275,25.5191835229169,19.0288006483229,22.4240816407859,17.8573945242882,19.3627379373613,19.3895343219456,20.2165528639882,19.0862731720776,20.2130305824864,17.9343070891311,19.1731402976399,17.9194716185279,18.6868219353015,19.4927298342529,18.2752193711482,15.1316068996162,22.241890699297,17.4806789312097,19.8536665767942,19.0466124692581,18.6731357258733,22.479533435829,18.0507940269437,18.2786078772332,17.4879490141293,20.4570363681496,27.1046903062043,19.2923383181291,16.9562921464664,18.071318007725,18.7050064583647,18.8397955502261,19.4871699561291,19.5322114787874,22.0617642970606,19.5202972843593,15.3392293258878,19.0855194182257,21.3724936031452,19.4379885475268,17.4239277107593,20.6911966009659,20.4715308338648,17.6594729593125,19.1229880504589,16.4721779337662,20.4584439001648,20.0927086459865,20.2783932934204,18.3772625442438,17.3219520522879,18.0401987362313,19.0497710597747,17.7937845104563,21.0595939548427,22.6028028493283,20.0896454970253,20.7724710579353,18.5004612864672,21.9246307691975,20.029051218658,19.1566797369602,18.2848051614543,18.0722980328165,17.4751964921405,18.8689065357313,18.7009693091145,20.3482144564643,18.269496617502,19.1894899008582,18.3668757074678,23.0723789888288,20.5359896880633,19.4909351595903
"Mock_1d_3",0,22.8635052629311,23.23969738079,20.5313684531492,22.1536130350777,20.2769743308109,19.916665205703,19.4645977792923,18.0080878500118,19.0351891233876,19.2659548191496,21.0358039862434,19.5592565316501,19.9489427941809,22.2347788545358,23.3922955629812,23.8060853100576,16.5094064738411,19.9998484584414,25.2523068617901,23.970752644984,21.2846722131262,22.2048945886508,21.1299025734521,21.7675689108074,23.2530227261096,26.7663669232737,24.0905873186206,21.5232140790937,22.0632050691176,22.7425001255169,21.8802887748007,20.7288605056914,21.0147429675399,21.1232856000299,23.1045834414586,19.823826936151,19.6140441141984,18.9766670619563,19.3470352357168,18.8019174287637,24.684100813844,25.1667797752873,25.914768117542,19.7097570191952,21.9760631671904,19.1629309314926,25.0822195932616,20.0620014937829,26.6840090079855,24.1318393037017,22.8414878127749,21.3226696096074,25.8022512912114,20.318925707739,23.1397336727732,22.7504238399407,21.0796821370734,21.349022871636,21.6871188529884,17.8094134359712,23.7138826511497,24.2831998380083,23.1652876658702,23.6010777853079,22.6135120593344,19.6385455493156,22.6703674054233,20.5366072031561,19.1910814486224,21.4144844857299,25.8019057661548,23.0234799751976,22.5181886350001,21.9147061874937,25.6471692130014,20.5482169290293,22.7997081299895,19.7452113153562,21.285099702228,21.7285525422037,26.9632307084829,21.0034566958735,19.911029685444,22.1690676789131,23.6134811329487,22.7630394687171,24.788650398768,19.0828430279485,22.2308783961448,25.9659104106827,18.6813272260085,23.5435188014795,18.109077362155,21.0780081331464,20.3179143608502,20.6237555958359,22.4371906032784,20.3865107600462,18.8851247179309,19.6101850923665,18.0472293984912,18.0894168381597,19.6274191079002,18.0598907648782,17.5008453371397,20.1947516213688,18.3415060210058,20.2345249467759,19.810548846718,19.1675294376439,22.2498204572107,18.1325569194213,17.7282344233274,17.9228424254087,19.8292734640774,27.5599544080896,18.6843697800708,15.9481898248796,18.1571443439564,18.9996703584507,20.1796857175896,20.2818106286984,19.9561799510981,21.9290139583687,19.1351651737915,15.6452533938459,18.6859102938078,22.4748291128945,19.123437174176,18.5143168929392,20.9877063362083,19.9639249150227,17.9129678396457,19.8647476035228,17.5146273747137,21.4432715437638,19.097012652132,20.8329433382694,18.7708742568902,18.0755422136093,17.7686892332947,19.6290829347036,17.5121328060015,21.2002568034996,22.9717199619949,20.6057155767508,20.9968644316524,19.0837528550017,20.7253365146351,19.9654595348398,19.5213383739655,18.4204528732669,18.4652757763521,17.7515513721192,19.4679136544991,18.5613148422871,20.2244747529724,19.2215479184359,18.8748548850149,18.7555579972825,20.4943844864255,20.9949830554084,19.9838014697378
"Mock_2d_1",0,19.3176356888556,21.1783002821489,19.4776092364864,21.4032095527051,20.5069116114164,19.3272538308604,17.2110978888526,17.270629423067,18.5966648611114,18.1368043697813,21.0397801453078,17.4903110913186,19.0617489627428,21.486884569873,22.8054217799874,23.1539436984738,18.4563048698216,19.1392240612869,22.9637445689866,23.1726071363006,20.8024208978113,21.9220224931537,20.6877851030483,20.1073189780635,21.7832700829719,25.8782703167388,22.9778122348776,20.7352721689622,20.9470786757371,21.9488406109503,21.0216577786181,20.7852066796099,20.1303171639874,20.2944195589,21.4936777737891,21.469647119622,18.692723267148,20.2574170176131,18.388657593298,19.3096331113493,23.9558603599555,24.3938523073599,25.8877156012658,19.2258794909499,21.0388094248939,16.5972885993261,23.0570029457799,19.3341832827834,26.4616030694011,23.9483134828984,21.8753003013746,20.7900959287137,25.2189521075008,19.8393061574513,22.449649675949,22.2261270064476,16.2790914273016,20.452848642054,20.9923425402303,17.3691930730385,24.7843740698952,23.4163791576503,22.6805045090456,22.8625973233508,21.8303477742801,20.8802728739039,21.3734319694253,19.2709299311484,20.1608260337981,20.2539132128131,25.517404840838,24.5821046079171,19.764673070817,21.6490548645826,24.7048009972653,18.7983147827143,23.5434247383964,18.3211643902487,20.8760374354142,22.4674693510981,26.5737109347291,20.6088442038298,17.9501115930195,21.2768456787784,23.2743345649271,23.6576624125191,21.0305463588812,17.5923031488278,21.4518324952005,26.0895645369421,18.0349110270998,21.4346299034198,17.3096625528367,19.3924683665117,20.7790916004163,20.1111098075479,17.6842897621083,17.3772430753252,18.9714441552453,19.0245949983363,16.4955636498464,19.7938431055761,18.9378638078133,17.8188588258522,17.533651075567,21.4708302375559,17.2011412417562,19.59784979763,17.943011698729,18.5971529298682,22.1989663935964,19.8269427434586,18.3910217489022,17.4765880851444,20.3675726610199,26.9543963233319,18.5012517365936,15.4733027436005,17.8936142006224,18.3427349508491,17.7407480177896,19.2368330942233,19.2869556910928,21.9622038821118,19.052789698238,16.8738704853219,16.5489670405514,20.1780429862617,18.0185919730529,16.6191371736078,19.5207381377062,19.2311747464037,17.3671682859667,18.7152295516121,17.3135788702299,19.3826961182489,18.300352046301,19.1408508861482,17.5360211759257,16.0798908050249,17.3518998838659,17.3299298341804,17.2819766003027,20.4815918253792,20.8258111356672,19.7479703558628,20.1618627952011,17.7122615122354,17.840520638272,19.6496609907569,18.0460890201198,17.0749516288572,17.1619934180472,16.545605894435,19.1449147898007,17.3036695130094,18.8720566282876,18.6091326211125,18.9632950227797,17.4206064691322,23.4423345429124,20.4800345677274,19.6249052698768
"Mock_2d_2",0,19.9158726775745,22.9869888755464,19.7665718996937,21.388162495765,19.7286316739118,19.4764029208522,16.5701529457082,17.3104964833976,18.9027212279581,18.9121106453368,20.9284387065659,18.3877872728089,19.3216897233498,21.701740211308,22.6588440124028,22.8548591031501,19.2085280809761,19.8102867520185,24.293538308897,23.52364490262,19.8279670142984,22.244785666296,20.7061771535096,19.1861274173007,22.3271596926602,26.2844979514186,23.0829073270702,21.1570942731146,18.0516217519383,22.0088685348328,21.0672045836337,21.0487837439152,20.9238001468999,21.3332209709922,21.0581368138184,21.5073191510105,18.6601031774805,17.030341604833,18.3963518786603,21.1554557806224,23.9290984078995,24.8839106660157,24.7354159872608,19.9775696218101,18.2908670101788,17.9662869109684,24.1872116854656,19.5943577800829,26.6078612848399,24.2514410065717,21.841982506471,20.6101460990895,24.6183166707943,18.4151656272701,19.9188428607399,22.1262371975092,15.7538252294892,21.0199220454843,21.4377862393035,14.4480906174485,25.4326770581414,22.2186068672767,23.590020214543,22.9169670862809,22.0755377763149,17.1430941216943,22.052450217489,20.3265718076305,20.1264627661225,20.7403945299703,25.5237387465377,23.9431070709448,22.7091940464474,21.4510474587179,25.0718517890035,18.3265263047891,22.40686425661,18.1491076045938,20.3802733433072,21.4914878719145,26.7030873254548,20.639740964999,19.2209828510818,21.2578453385479,23.1496125086053,22.6955763448304,23.859788298451,18.9999588810586,21.7941832985395,26.3514290452607,18.4258592672143,22.220346969855,17.5000604221429,22.0219206532444,18.4113322026599,20.973097312233,17.1894840044016,20.2003469396376,18.1098255542449,18.9522310741541,15.8952854590403,18.5008846607049,18.9812569540217,16.9272412584384,17.3526615162563,19.3912016265871,17.9450004298122,20.0263804690689,17.4349624731486,18.4001760004208,22.6956186623668,17.654548911715,18.1395343376981,17.7454622172214,21.2919034825311,27.0432254412666,18.6979174071685,16.608622880709,18.757151485837,17.5984538946234,18.5663871938471,19.5521808567056,19.5521808567056,22.2730522533329,19.1364464306139,16.4034713119724,17.4273771907967,18.3948806532858,18.270391631584,14.9652943196968,20.1786799415535,19.8317660948453,16.6437434748217,17.7440831264589,17.2626843697758,20.5730295803097,17.2353352950218,19.0599979458259,17.7479291732063,16.2839172362914,17.8440605722843,19.0671197317528,18.0967331081795,20.9039588850044,22.6841104616853,19.3365024764013,19.967830651798,18.2239060668562,20.8901709317682,19.7017658460796,17.8086084889897,18.2218405965255,17.3635220595618,17.8510811617333,16.4781835028176,18.4703421381284,20.457280786539,18.110003553431,18.8884265620784,17.9073564295205,23.2819982610629,20.2677307454538,20.8319598777894
"Mock_2d_3",0,19.9837828221869,23.4166205596454,21.2240989815724,21.8568559416762,20.3764360004004,20.3007989127858,17.0298422383822,18.3856212547788,19.5163543297757,19.8858718083492,21.6839388527247,19.8792457123666,20.110235938765,22.3684834503586,24.3323436240781,23.9312624075474,20.6621720583972,19.9637888482546,23.9429275141505,24.5512679720744,21.1178620019174,22.7945350393475,21.8388620721689,21.4825303075631,22.4467763862756,26.7293823831373,23.5170136302216,21.6774116985586,21.5000765906402,22.7430850247175,22.449226998445,21.2005234672398,21.4931828746351,21.2634037271086,21.4291372404481,22.2030588088704,19.6061764892554,21.0169520593276,18.8572642869387,19.8549889298187,24.7951493910865,25.2360678819907,25.9480989841893,19.7239935487312,17.1813944251983,19.4544523036196,25.4244333193382,20.2870524973644,26.2582504153656,24.4642491188604,22.9264111876855,20.9360609472492,25.9062786097964,21.6915375764671,23.255484089153,22.7770850520271,21.4784836630744,20.8920987674198,22.0005545894334,17.3490173392963,16.5377118462691,22.6090229479438,23.3392682013459,23.639127847768,22.8282516933311,21.3617677277306,21.751633016338,21.2944844141108,20.4676891214606,21.5416563979768,25.8074381908919,23.9373493758782,23.1516472614208,22.2417339325431,25.7148617432188,18.6099203242195,23.3703280719609,20.1149691554173,22.1163151158983,22.921026754427,27.1486762993292,21.3494674471271,18.9269358588137,22.1611861480054,23.7127956063955,23.4145012514428,22.5009717617936,20.2149914949971,22.3972367372282,27.0680846296473,20.2094761494424,23.3723035230365,18.307527132699,21.4103221821127,20.9252936614318,20.1843801998576,18.9364337804493,18.7924655200012,18.9633575249241,20.2896021536515,17.1363310994614,19.6778644392023,19.885475738625,18.6449536802988,18.7530625525885,22.2466645920653,18.8602908293537,19.2951813856268,20.375844433631,19.5474944483731,22.4398359087231,18.9913558486612,18.8819506449064,17.9750674808423,20.7959126516554,27.439752631977,19.2058420515324,16.0257667974923,18.3119585025096,19.0207586387931,19.1391135480846,20.4872074348137,20.0698791672123,22.484252489832,19.7728910484316,16.2140332154694,19.9883551665098,21.7615987002256,20.1447825320616,18.2962921872843,20.9277523355871,20.8552097952918,17.4365460850405,19.7646396085977,17.1864806130355,20.92662198828,20.3721236834589,20.5474675036751,18.9499419419143,17.5869950124416,18.258617581495,19.4215971092857,17.4254333911797,21.2372138357663,22.5882458597627,20.9728792193945,21.5865737661542,19.1580373541318,21.4519787057557,20.2849833020742,20.0757993298647,18.800219553915,17.9212689882786,17.8690536415403,19.5922245303243,17.7718410028868,20.2161207097168,19.7324515560412,19.6828554032518,19.1791961553458,23.122760061886,21.4949743815708,18.42388522761
"Mock_4d_1",0,17.9163448470117,20.6658190129432,19.5920701255955,18.4290318083292,19.8621678419872,18.4714231364609,14.7097708289456,17.7664953195925,17.5245075417811,16.8026093636658,18.0719281624085,18.0826176772023,18.8852516881531,20.2166062352376,21.0143958914998,21.769966046921,17.5563641304957,17.9084172717813,22.7897701913317,22.1406000782288,19.0568731330339,20.5445628682126,19.7110938028889,19.1701453242383,20.9364289746547,25.4226160838447,22.132406995432,19.4174008563866,15.9493143983206,20.8210130729388,20.1921808220775,19.8167948093127,19.7169727249282,18.3435744432513,20.5845688214828,20.5360873033543,17.5045556209505,18.7991242464951,16.5449924476206,18.1188028254375,23.1666950108219,23.7349982134089,24.0180798690562,18.5299237053275,21.0774545170743,16.008712368817,23.2453273049823,19.0188176443076,25.4998846086561,23.1930122694648,20.1566534893387,17.637714962752,23.8795270789102,18.1242691232685,17.3290605106492,19.5811374263134,15.5819027790513,19.5461795180641,19.6982140538194,17.5516810351291,24.5419955936029,21.6037483295868,21.7015221845599,21.6855331396493,20.3064011951325,12.6954458105374,20.1939494949207,18.6552950380531,18.6012990391661,20.9988899409874,24.6364537531941,23.363443112406,14.9801992044245,20.5791861623509,24.1362285109479,18.5198302971369,22.3046403638065,17.9421653424481,19.4593738684337,21.1630377635191,27.0754245910034,12.573641349098,17.2740960080123,20.5804760992334,21.874446602701,22.4125004954033,23.2134956426524,16.0876301473168,19.9603694198444,17.7935719433802,15.4213124948994,21.0030214848075,16.1156348252083,20.9240480143307,20.1240409708766,18.7768218326828,21.1395510195768,18.3342278019306,17.2485360811403,17.9403944959355,15.9413341655964,18.2815365362781,17.818534647776,16.1899638664053,16.6830701041046,19.2713530326814,16.2081162672041,18.7884400071985,17.1555348254763,17.6653818374244,20.8495738275887,17.3851569252316,17.2384416586317,15.9327776320367,18.0031288492743,26.2913132237951,17.7712478805315,14.9551182589461,16.9292935365463,17.0669540244996,14.5516293697186,18.4280234385809,18.4280234385809,20.5980365913598,17.3789788434533,14.3763507768367,18.8632895111003,18.92688947471,17.441610711504,14.9309645659075,18.8111238807789,17.8229785098584,17.2315196399579,17.1765634750725,15.8848552380117,19.3480579527002,16.614860225749,19.5253760522623,17.7918409939804,14.9212757178939,16.4114951796531,16.8865761058631,14.5820367151763,19.4408830695293,20.9625666609158,16.7845947883166,18.4810706321758,17.4572274050175,19.1245615827374,17.572698167632,15.9208874060949,16.8503608861985,15.4362454761805,15.9622779561338,14.4034136394221,14.920209819905,17.5943731988047,16.6990330487024,17.2793785265954,17.0579557804799,22.337666888193,18.6155550781106,15.8445105219435
"Mock_4d_2",0,19.2899191368418,23.4464711338042,20.2256704375069,21.9775528496838,19.6454575891324,19.8006728218267,19.129629524259,19.4421495927699,19.053258219301,18.4395310093017,20.9917130922209,19.0857533624276,19.7907583144554,21.8434049572895,25.2968686745863,23.6077236820732,16.2718301361054,19.3695328725461,22.8759327416112,24.0944333280621,21.7344385484236,21.8311155177353,20.7220186047817,21.5068014124466,21.9320987315302,26.6110865394516,22.9274446509331,21.2065451343301,21.683850165566,22.137974160932,23.6600539389384,20.2765066746659,21.1910886002037,20.5365719699855,22.3266321692755,21.4288152601996,19.2363105179909,18.459190411138,19.3230359048037,19.1938677167818,24.0915157804382,25.0972872045514,26.4543111949278,19.6919963179241,21.844623757032,18.3776949706059,25.2884005204767,19.6024282636004,26.8756975799067,25.0714182829305,22.2436973419465,20.8104284598401,25.1487369117967,20.6812956270589,22.9822071504657,22.1704977798325,18.0299438488825,20.733641085347,21.6337392814931,17.2581862313993,25.9469444159087,24.1409877748111,22.9499032655562,23.3586332334703,21.9593796747057,21.3078104065438,21.7173898343769,20.1449160742483,18.8973609795491,22.9486632731717,25.6561051313528,23.2206619391945,23.3855919841052,20.4705084319387,25.2522862203261,18.7817817719148,21.980236728972,19.2758026634984,23.0008519789593,21.4305313316041,27.9380564722247,20.6100421188441,19.2438495636055,21.7548831156178,22.9267403638797,21.7723384968395,24.3980949648782,18.6416282417643,22.1232011623428,26.4923245523401,18.9157943040809,23.0117756358828,17.7166733988819,20.7532106668724,18.9266880108927,19.0706424641444,19.6127911734402,19.8107621332431,18.9939601545518,19.4702590030095,16.7699087315966,19.2113857710163,18.0873894632743,18.3869864167207,17.0804887148493,21.2854492284173,18.2467997796899,21.1504130347905,19.6462157117919,18.9416533791928,22.4245605303213,16.8878370795438,18.6640744019289,17.2805348849993,20.6710647312562,27.1087501767671,19.1830683199545,19.6134200835171,18.9898007018783,17.6195488694482,21.558119139229,20.2989304423209,19.6530912536947,21.9508574535515,18.7472676708637,15.9858954241648,22.4189657800863,19.6212774418037,22.130149478031,17.7758442246877,20.605899845648,22.128400294403,18.4761055446849,18.4160960243302,17.7007952281695,21.3136096393621,20.7710297800507,21.1667859512491,18.5618896514482,18.1617699275384,17.4015627962604,18.5101185253875,17.6263513223587,21.2081691495869,22.4347889929523,20.1164217059667,20.7534972784479,18.4372879924431,21.5868821922094,19.8988214268647,20.3916038763174,18.4466060606428,17.6390017320239,18.1420057665178,18.7960636152126,18.5330678624019,19.3714995448658,19.1442093296576,18.7881222082622,18.3827154550644,21.630755236874,20.7922339684356,20.5648656754926
"Mock_4d_3",0,18.5923325152602,23.5261018017342,20.1893494334131,22.9789978803008,20.1899445501583,20.0223571248926,18.5366008907528,18.1563931478827,19.0063930376913,19.5590075556952,21.0378272606636,19.423668946606,20.1059992366516,22.0640339072048,23.8710753390157,23.7710548261541,16.5632165318291,19.7347631942224,26.1312502370396,24.3544575528782,21.934983409654,22.8542698264383,21.8444775914977,21.5411685038465,22.5230889798352,26.5070692264672,23.5020073010573,21.3796773139685,21.8995743087782,21.8866739270045,21.7680279982784,21.181125899707,21.7384732289434,20.9762043392263,22.9121496328166,21.3236314422131,19.5076964946559,19.7889520051974,19.3206628908518,19.2737175488562,23.7707382095129,25.1541089172845,27.2191162904661,19.8732517908017,22.1042995405787,18.9872964868921,25.0921872342174,20.0768086575194,26.5372872586648,23.9273784901028,22.4756007150637,21.3325733275525,25.9747000825424,21.222511253011,22.8712743059309,22.6343619890124,21.1285987595275,20.8129701606796,21.726615054128,17.5141950255672,25.971147615235,24.3733635256628,22.970924733175,23.5109489540356,22.6385559749747,21.3730042185957,21.9303049572695,21.1547752844529,19.5346521268151,21.709179512034,25.7961773715562,23.6909823403401,22.8962759024679,21.9418739562517,25.5805387609745,20.2637563346655,22.9651162025933,19.8802494113781,21.9433985592872,22.0768140818052,27.2892488840055,21.0073581947405,19.8792949709155,22.1597920871741,23.6047269047115,23.0500077040875,25.1070552492358,17.7255262162331,22.2128074165504,25.9444321121385,18.8254449242249,23.1863929085367,17.8575675934386,19.6825501782296,19.327745442074,20.1981464475017,22.5895632327955,20.6031904856314,18.4246021122381,19.5617899297768,18.1823924598606,19.7236254807925,19.3488986259236,19.3678198116886,17.1465044235994,21.8363045964201,18.2291899741377,20.315970867346,19.1409545556221,19.0153964069011,22.5282912594257,18.4651949420011,18.3720666819027,17.654395796601,20.5359748589626,27.4618399396688,19.6382701419052,16.2040929741797,18.3718305658191,18.8514893483601,20.48391129519,20.2253283783508,19.8660588718454,22.2830951411989,19.3461751343081,15.2736622443591,20.9192327622068,21.9267308412419,20.7885257017087,17.8668584116198,20.4106584292255,20.8925906389793,17.5169054857342,19.2597130678559,17.1212198613182,21.0281028975225,21.7019529879899,21.0947643016146,18.9026694984031,18.6211764245081,17.9766759905918,18.820735689248,16.930385320034,21.0114619357637,22.5202640510305,19.9954869273379,20.7049532262756,18.1273883705957,21.7524693572271,20.3367221051302,19.4077861998509,18.598878950313,18.4307710200904,17.7441719753112,19.7465735112485,18.726231994615,20.408450258904,18.6760830120015,19.3030103595497,18.6032314107545,22.4265033598189,21.1168193652611,20.4594049329528
"Mock_7d_1",0,19.4047082442898,22.9042903851719,20.3936455826806,22.8374821945817,20.4560540163164,19.978234946864,18.2749043610605,19.2410258150885,18.8880372273248,19.2383214216641,20.5722067532838,19.4025637257155,20.0496007780729,22.1125367280554,25.0401947773819,23.8661203010858,16.197678512642,19.4497551487335,26.2612271587841,24.0840104259167,22.0082025466348,21.9552383136158,20.9536387938727,21.6769033069053,21.9818714423169,26.536955148689,22.9461761383777,21.4419347650996,22.0711081589242,22.1763059696768,21.673433738535,20.4392145569266,21.219132464242,20.7434414019502,22.7385400487898,21.7579537382187,19.3061415522857,18.9249358518878,19.4962347659248,19.2057834248306,23.914121969024,24.9356982531672,25.7715008710905,19.6040689494764,23.0177465170224,19.3055684754083,25.3251900508507,19.631008380031,26.9044232414247,25.7161259564402,22.8412816710123,21.5784467538116,25.8876383468915,20.8783982758636,23.2306003869511,22.8799176547908,21.6073362369831,20.8369370554757,21.6710634854084,18.5323480556044,18.3690435307729,24.4091488126063,23.1547052865336,23.8066702758488,22.8585168057737,21.7574118109955,19.351067022246,19.7341715682906,18.7324390172891,21.1271374639276,25.695688711726,23.301052225507,21.3885657490235,20.7950891313183,25.5167982290522,18.4569160920088,22.4045377503697,19.880107710325,22.4773170770505,21.6985581137539,27.9877595242427,20.8313533870366,20.2240338552914,22.4666668620833,23.6023713504744,22.8774109037553,18.7989244893271,17.5975866448468,22.2790735810928,26.263129907906,19.3041147239787,23.0870497067907,17.8747429017846,20.0109315950917,18.5932060967596,18.5693753128725,20.2490243987736,19.849847273849,19.0095743055448,19.929851698129,17.8677367693802,18.915278431136,19.8189160266925,18.2820918664921,16.2636794069853,22.1305156803445,19.2302426310122,20.1671004149619,20.045839344393,19.3761739223408,21.7723689633693,20.1280614343928,18.0228897290434,16.9943366185074,19.8560707113663,27.4259153069842,19.0728779848277,15.6657530018932,18.8482674540638,17.8255709205254,17.5057953964768,20.2357238168011,19.8032265535572,22.1583255625274,19.0456426066201,16.0325876942244,18.3480344311387,22.2942299388591,19.0196863349116,18.2915089168558,20.6267879645915,19.9681745733356,18.1388937437846,19.2882738774859,17.277746814621,20.0769390514483,18.4536601483123,20.7120327852071,18.6130724402454,16.6646613782831,17.7408177890257,18.0784043775659,17.1177927153888,21.1792860126821,21.8508539250121,20.6364644951592,21.1931120076012,18.0144137750147,17.0981456273909,19.6463333275153,20.2031679218702,18.1005794764841,17.6531839333237,16.2037282763348,19.6289440351367,18.3200939939744,17.9228036360332,19.5819977201003,18.8694045622331,19.2400975490655,20.8137222660174,21.3276952460172,21.5495334488495
"Mock_7d_3",0,18.2876367087818,22.5561542153555,19.7984114158905,22.199661350596,20.0519048427153,19.5143576491088,16.6382512065793,17.1297638643916,18.0861059094258,18.6182656055113,19.1177387886969,18.1953933084871,19.4463877722125,21.6455625875373,22.222989098851,22.9830232062074,15.498832924528,19.1837964912426,21.9808786800035,24.1756037390677,20.6282916597811,21.2045910624117,19.7601910090433,21.0460128958233,20.0812946484815,26.0429465997303,21.4597820568621,20.051203022816,21.0367829542662,21.645383484381,20.8599676985772,19.4308899970847,19.6082149297929,18.8499406052299,21.2344655997061,21.0357481312872,18.7110665714258,17.8295039672608,17.5643742103897,18.3640103630238,23.2616908123535,24.8578936409401,25.7140043880234,19.0989854154944,21.3830398392114,18.0034173712069,24.8758374048136,18.5265250421072,26.63912855637,24.5454601903961,21.6544791999947,19.8858921397162,24.8388765944238,18.9136174523094,22.4496491023091,22.3170264197809,15.8461707705998,20.4732468644903,21.030758626593,17.1928190071031,25.0976350440089,23.3984151653206,22.3219183558082,23.0080416704717,21.9045324570187,21.1064246983955,18.6159577457878,18.7646148874257,17.9647881677337,21.8742332009702,25.128095468225,22.9217105397904,21.8899315982667,20.9076509186288,24.904259793518,18.6006522437411,21.8991181066902,18.8403457155442,20.376680089115,21.3136186326046,26.4429594317241,20.349429155868,19.1888664351515,21.8182535766003,23.2256491893526,22.3790968228576,22.1864774648742,16.5075991663796,21.1100629646879,26.0197384359684,18.037474326221,21.655752792489,16.9632112549037,19.5695198812965,17.5380672761791,19.004501688063,18.277795347188,20.3325519367344,18.2259825656355,19.103071439285,16.3074580751052,17.8157812228725,19.1499110065407,17.6379735815357,16.9226276125537,19.8827822388074,18.9888758586838,20.029204085117,18.4859825680456,18.411216387536,21.1764673919166,18.671522448405,17.3568034482001,16.1350577312507,19.3089742936929,26.7600424049012,18.3438578915515,14.9129693376663,17.5696607496844,17.8418093897875,16.135378948471,19.6457819792941,18.98081628755,21.5609890585426,18.6164529245474,15.5623266306881,17.0749158493199,21.5917259194444,18.2975848692122,17.5311721199937,19.5430246578194,19.3628839864534,16.0189223000507,17.1133506138525,16.7742995306331,19.7032061305494,18.1434652658964,20.3435806049634,17.9711796437049,15.0963228236287,16.597454860747,17.4810556412237,16.0280035464365,20.5669800487937,21.4255219854424,19.538285545532,20.0455159430995,17.28308931494,21.6000268642535,18.4754662756947,17.4065899152108,17.8545913575091,16.3340482987656,15.3089401853974,17.7646030588501,17.5119458963329,19.6824263882598,17.9995242025645,17.7977713907327,17.5766180973871,20.49843686564,20.1632873090148,22.5108157609352
"Mock_7d_4",0,18.9660503264027,22.7427906833357,20.4749107623476,22.0952440238509,20.2619105819972,19.7482165671977,18.1126321726866,17.1470603987706,18.9834629694457,17.8918685231127,20.9729550997415,18.3988266184141,19.6431269983576,21.6153876130468,22.3004432663008,22.9664777373159,16.570356225555,18.831308148693,22.2391524584632,24.4443771723661,20.7756574677368,21.6688776715942,20.584932394756,20.9483651039124,21.3649161161356,26.2163455791569,22.697679956078,20.7227796961714,19.2423705273713,22.0045346869424,21.3527832493887,20.4143405613897,20.3810757952904,20.0516935963633,21.6478154386673,21.3901684227992,19.0254181925925,19.8533461880592,17.4925501000231,18.7780743258341,23.83801687123,24.5580831042162,26.1973087346254,19.5320636896308,21.8434639025512,17.9855173369005,24.7337020193708,19.4591896474195,27.0627199498022,24.555802486044,22.0408498275097,20.2496087252845,25.113316810653,19.4099653705945,21.2858236642286,22.6624659724059,16.1853032103194,20.9462188220551,21.3128946596625,15.4214117787718,25.4777930128074,20.7316787805598,22.2989630127873,23.027720188521,22.3994105799027,19.9330894980999,20.9591397052573,20.3975538586199,20.2179533748466,20.8100113630432,25.3688675909146,23.4750289670423,22.0524723560477,21.4282502700038,25.2614720051153,18.4809387352778,22.724171612352,19.2492159721016,20.4356673565199,21.7209186904197,27.7652857193816,21.1126373945776,19.6616192481972,21.8997653175952,23.4874716897824,22.929182798866,23.3245226719712,19.3201006025425,21.7631652831802,26.2266074266577,18.5407280462245,22.4304318721848,17.9268610075469,21.7661414336265,20.0750951645452,19.4589941527642,17.9514197136502,20.3580651453423,18.445936086806,19.3604389500386,16.8816264983635,18.6727306881559,19.0934201435744,17.4540263965768,17.3159065148867,20.5617791424437,18.7361742620882,19.6737589237642,19.2269060401313,18.8143229905971,21.9298066557932,17.502869840534,17.7942714428679,17.0772477996925,19.9251242544512,26.9818596805356,18.4098627809322,15.8705547591092,18.0057212776079,18.2046475012138,18.937517304984,19.3118025021896,19.3898865752129,22.2181850094828,19.4540885072783,15.7137972372802,16.6079106873385,21.5965847008003,18.7077897883772,17.7828712948439,20.0475305376281,19.5845114518243,17.2565611655325,18.9286874581937,17.1465347480364,20.2064301434007,19.1858614705501,20.4613165103823,18.2900262514876,17.6777267038197,17.3660263908549,18.1820392237453,16.8206952509411,20.5297524703632,21.9951731507228,19.8383942875683,20.347538299017,18.2081885158281,22.2112190624466,19.0769942362976,17.7367904004279,17.9929178638732,17.7369360085246,17.4871359686726,18.4947326276509,18.2329832781485,20.448432846477,18.4564577826491,18.4159251019822,18.4195271663254,22.4688353462715,20.3906474692692,16.3601813311304
