"","response"," 2-hydroxybutyric acid "," 2-hydroxyglutaric acid "," 3-hydroxybutyric acid "," 3-phosphoglycerate "," 5-hydroxyindole-3-acetic acid  "," 6-phosphogluconic acid "," behenic acid "," benzoic acid "," beta-glycerolphosphate "," carbonate ion "," citric acid "," Creatinine "," dehydroascorbic acid "," D-fructose-6-phosphate"," D-gluconic acid"," D-glucose"," D-glucose-6-phosphate"," D-glucuronic acid "," dihydroxyacetone phosphate*"," DL-glyceraldehyde 3-phosphate"," DL-isoleucine"," D-malic acid "," D-mannose"," D-ribose "," D-ribose-5-phosphate"," D-ribulose-1,5-diphosphate"," D-ribulose-5-phosphate"," fructose"," fumaric acid "," glyceric acid "," glycerol "," glycerol 3-phosphate "," glycine "," glycolic acid "," hypotaurine "," iminodiacetic acid"," lactic acid "," L-alanine"," L-aspartic acid"," lauric acid "," L-cysteine"," L-glutamic acid"," L-glutamic acid (dehydrated) "," linoleic acid "," L-leucine"," L-lysine"," L-mimosine"," L-proline"," L-pyroglutamic acid "," L-serine"," L-threonine"," L-valine"," maltose"," mucic acid "," myo-inositol "," myristic acid "," N-acetyl-D-mannosamine"," N-methylalanine "," oleic acid "," oxalic acid "," palmitic acid "," pantothenic acid"," Phenylalanine"," phosphoenolpyruvic acid "," phosphoric acid "," putrescine "," pyruvic acid "," scyllo-inositol "," stearic acid "," Sucrose "," thymine "," tyrosine"," uracil "," urea "," uric acid*"," xylitol ","2,3-bis(phosphonooxy)propanoic acid*","2-Aminoadipic acid*","Aminomalonic acid*","bis(2,3-dihydroxypropyl) phosphate*","dehydroascorbic acid*","DL-Ornithine*","Erythrono-1,4-lactone*","Ethanolamine*","Methoxyamine*","Methyl phosphate* ","Myo-Inositol phosphate*","N-Methyltrifluoroacetamide*","Nonanoic acid*","Phosphorylethanolamine*","Piperonylic acid*","Pyrazine*","Pyroglutamic acid*","Sophorose*","Sulfuric acid*","Taurine*","Threonic acid*","Tryptophan*","Urea* ","Uridine*","Unknown 001","Unknown 002","Unknown 003","Unknown 004","Unknown 005","Unknown 006","Unknown 007","Unknown 008","Unknown 009","Unknown 010","Unknown 011","Unknown 012","Unknown 013","Unknown 014","Unknown 015","Unknown 016","Unknown 017","Unknown 018","Unknown 019","Unknown 020","Unknown 021","Unknown 022","Unknown 023","Unknown 024","Unknown 025","Unknown 026","Unknown 028","Unknown 029","Unknown 030","Unknown 031","Unknown 032","Unknown 033","Unknown 034","Unknown 035","Unknown 036","Unknown 037","Unknown 038","Unknown 039","Unknown 040","Unknown 041","Unknown 042","Unknown 043","Unknown 044","Unknown 045","Unknown 046","Unknown 047","Unknown 048","Unknown 049","Unknown 050","Unknown 051","Unknown 052","Unknown 053","Unknown 054","Unknown 055","Unknown 056","Unknown 057","Unknown 058","Unknown 059","Unknown 060","Unknown 061","Unknown 062","Unknown 063","Unknown 064"
"Mock_2d_1",0,20.4717776988536,18.5425996668179,17.7640441982693,21.6253777553092,17.329342429858,16.3507324438751,16.5470703410257,17.3951662632094,18.7246045222265,25.3135741730156,22.7036075159369,20.8114160491797,20.5592383346471,22.9347927826789,17.3566738608029,25.4620087389051,23.5243313636269,18.2063826391836,19.8109655111983,19.8526584647708,20.9614529211512,20.9155503413339,18.6889354039027,20.8315164998808,18.8299846190061,20.7639472967887,20.4444102989195,17.4061459071032,20.0460243878996,16.7418977034064,23.8060046386762,24.5986491168872,25.8482828328752,16.6783618999763,22.3539427622866,20.0809804735314,26.1625679456309,21.6125735282194,24.2307011969926,17.6250733293269,20.9449924153884,24.0543779333792,24.8633561523226,17.5017862813551,22.6586596937431,21.1351543420623,18.5183155828541,21.9917553205667,24.7395539739535,23.0873423797387,22.8125955268238,22.8554797526036,20.5699208576324,18.1581951989375,24.5627863450705,16.9399921250234,18.5508998194907,19.3855353123799,17.8742682170572,20.5488418509793,19.5702194668894,18.7030077603424,19.9799025482392,14.6991478468115,22.6615194464213,19.4962191150998,18.6650240888283,19.3651634509037,16.5251423219097,18.0870623116423,17.5679517724292,22.5250276327022,22.4280755226192,24.5375019156141,17.4932088951686,16.6435796426477,19.9146318236624,18.2273669016429,23.3166060050947,20.5171359241121,21.5150549679314,20.5907973715121,18.2587614346291,22.0550487606594,17.6167038650509,19.7981499830656,19.1308453385769,17.8508347002853,18.1794184915584,23.7183599490791,19.2756270437271,20.958604902924,22.0059153824036,13.926175782578,22.5654598313725,25.1816475885282,21.7552686231753,19.8167389203921,18.5055308311882,21.0855539615135,17.3093131575513,23.048382382938,16.568258238615,16.1171304584627,18.5142538453347,17.3813876369374,20.4232553657184,24.7005792791021,15.4736522175764,22.5474086490852,19.5140794984071,21.2374874530809,19.3131242638545,22.0059153824036,18.6514355999599,19.7776277578201,19.6096628965092,18.6545121820421,17.8065597465638,19.0450159500073,19.5534681715184,12.928584022088,15.1609645565633,16.980139884473,19.8264004509644,19.2603316304528,20.3324218076696,17.8282234225673,16.7955752168601,17.8803791948569,17.7522034170293,19.3003146701145,16.0875545670589,18.1208989862041,22.2042012057372,17.673358794492,16.9975738507629,18.9152659798883,18.418884396351,17.7167068065034,16.9962826128023,17.1748287656921,19.0981781609242,19.1528775233225,16.8684177229059,16.9782747430239,17.760510744124,17.6516019965233,19.0408252871371,19.1230532083617,18.2927097709048,18.964253333583,19.4014902467273,19.6220681429735,17.9637386045806,16.9716163566808,14.9020348003827,17.3239338707708,15.9021176725791,16.283421473394,17.0033853858893,18.8866583141482,18.5617745480696
"Mock_2d_2",0,18.3925020883997,18.2963192401254,18.2363553109108,21.1224218999419,18.649985794896,16.1656796780149,16.5910055808005,18.0680551128409,18.3488624963051,25.3189271399619,22.5604320419336,20.5041475952236,20.1368656607102,23.0088870451022,17.8311225612601,25.2575323088749,23.6129165677423,17.9272261695806,17.5938582288424,19.4569289227051,20.526077062174,20.866607530065,18.9442695000493,20.8513293281425,20.5923602522359,20.3995529372949,20.2134517140905,17.0262812439985,19.9044712105319,16.5073385838624,23.8824955290397,24.6021462583713,25.7719064329456,17.0601994645873,22.0446708175028,17.7608761987647,25.8948137547496,21.2234878368205,22.118011497056,16.9148709677553,17.3976693116598,24.5712177164659,24.6225807683128,17.4909178622305,21.9458392297972,16.9925192505244,18.4385963021272,21.3680658785842,24.5091719477815,22.2552259356995,22.1585807384314,22.5702022948089,20.4968553789891,17.8751377579389,24.6903951575206,17.5462353475714,18.5557768069722,19.0131958039673,17.5219239195354,20.5996460384197,19.3906528509575,18.8103466013175,17.8158035921334,16.1569171369889,22.4993087997602,14.5349967704655,18.3326044925632,19.1854837201343,16.5196292271667,16.2199803880347,18.4636386571567,22.1125502126379,22.4300489270206,24.7452943577003,16.247857305678,16.2505615755093,17.8076573837841,18.9697069083982,23.2575029187973,20.5063048900566,21.3608120859061,19.4200365466863,18.1404829830097,22.054690435466,19.7055117621499,19.5636112806579,18.9725326293111,19.4632250181042,18.190423947495,23.6602673823929,19.0811976985083,20.8094518080031,22.0999590698739,15.7521547891532,21.2001701187678,24.5302337015066,21.5606551813103,19.7242468864919,17.1154518500274,20.8565934863506,17.1213407835529,23.0845334072037,15.8230206460726,16.1063321275945,18.9725101957902,18.7241812882754,20.621208698789,24.6042878849464,16.3106361020375,21.9125243457604,19.9493316715952,20.8699284133281,19.0606652789638,22.1876217853981,17.2006864573513,19.2135029718685,19.4761113878265,18.3903689501127,18.2184457649295,19.5167306614035,16.1581362854076,13.9997034347732,10.5169481805071,15.9124408602202,19.3397505564919,19.4135915630823,19.8558226353949,17.8553050025405,16.3682661495788,17.6986212323429,17.7676481533699,19.2805228706341,16.1540179581211,18.3256863805502,22.2133115907685,17.8681020836272,17.0330038366836,18.703932930863,18.069201807055,15.9136512560453,17.1516682676799,17.1728482643346,18.7822260150277,18.8754925470167,16.4510894203758,16.2906521979263,16.7145788700397,18.2253090768029,18.6621271486674,17.8139865378494,18.0213951759059,19.1359355772176,18.2286716538588,19.1382013546528,18.2185105734312,17.8326130666278,15.31348966411,17.5294921910376,16.1025138267539,16.5087992661577,16.9006791792547,16.9242677024352,19.0494796921703
"Mock_2d_3",0,19.8933565487414,17.9319818309772,18.0087693926133,21.222660208448,18.3348018574021,16.5879700556121,16.8076912126342,18.2387795425097,18.6315875153115,25.4814490540206,22.5168164179213,20.4423893647773,20.8967336531454,22.8184982456738,18.0478176866385,25.7000989366721,23.502723823424,18.0487430505077,17.9422206761697,19.090608847778,20.5230706601135,20.6957645837283,18.954385290057,20.9809201432292,18.5875346840554,20.6242129744398,20.6216371029059,17.4536927737566,19.7786272360801,16.6640424926798,23.9642863943134,24.4937767193828,25.7757957165628,16.9598702056995,22.5213283703592,18.1498206346998,25.9231446272354,21.4117318274803,22.5208939091076,17.5118824762255,17.8762676768106,24.467843809557,24.7604710389697,17.3138440289363,22.1335829274447,17.8655024311906,18.6114945546789,21.3025560916766,24.6404194588472,22.5795607453457,22.4293284822076,22.5482559020044,20.6318749558508,18.0301262746936,24.6512165637564,18.4323663217697,18.6105916099886,18.9623133778174,17.8169835946646,21.0050934649667,19.6743301196341,18.8035709459088,18.7053037222922,19.4615717430151,22.5160186377203,19.5050397385446,18.4839649159039,19.3814579228521,16.702219862614,18.1736665566432,17.8034659981722,22.4509307613179,22.573722896607,24.6919280246733,17.9827723561449,16.5674902607701,16.442287555284,17.1210276060777,23.5663282516933,20.352444121134,21.6746556355455,19.80200572565,17.3622032406146,22.0517719027448,20.0702890622477,19.6644707369898,19.234752423511,19.7406064173211,18.5100032353856,23.7813156493087,19.1921135626387,20.5393118870287,22.2104945949662,17.9316646970606,20.8211087603331,24.3427998609379,21.5778829233448,20.6077982580386,17.3244648840286,21.0510842599695,18.2498899487352,23.1868537879716,15.6142887037128,15.7296260731946,18.4372892863658,18.5567161237876,20.5432244340583,24.6730375854184,16.4563528486004,22.1509959697677,20.9049531527278,21.1685550539834,20.06382253765,22.3590043497706,19.2443165536797,19.4240186255191,19.6071187198431,18.5145166527434,19.0821882992355,19.5135710388152,22.0847070593678,12.2122096542489,15.5543876061631,11.9839783281157,19.5506957540143,19.5172350424512,19.9564640043849,18.108252612569,16.6841214301567,17.7397977301092,18.0233213035483,19.6219349480927,16.4309118586774,18.5241015368326,22.2273310352465,17.4651925072364,17.5616916101232,18.5734878526662,18.4408624111543,17.8318071815775,17.2640822588078,17.5063906163001,18.1290270146086,18.9835413820026,17.367993209443,16.5194212575735,17.0569746273946,17.9495987360365,19.0799398710528,17.6978383452422,17.1418824630696,18.049103419951,18.2436226408389,19.251806410059,18.064719999062,17.6771951942695,15.3810999530299,18.5755922040661,16.1732432242026,16.3267963356096,17.0661656106686,18.7715076562596,19.038362260599
"Mock_2d_4",0,20.0403822349432,18.124548533623,16.3617015871284,19.3738152685654,16.08473085529,15.5345096913729,16.1830960101968,18.0432696210319,17.6110682367722,24.7025753486998,21.1029698877935,19.0561464840193,19.6995533603628,21.0634991677986,17.3166958888807,24.7334179571366,21.8274894771797,17.064050433564,17.0351907660139,18.6660583889484,19.2270022272614,20.0058544822988,18.1533138811827,20.4358508318857,20.0134403598697,17.7407176255374,19.3595177035991,19.8573261030538,19.064325775162,15.3878044275658,23.3786111063103,23.7978283007708,25.003116952396,16.0906911070946,21.2125203904918,15.8853118597744,25.1626005045962,20.4450003511921,16.4774328841443,18.1415612283929,16.7127416303483,24.0570304871206,23.9256773785759,15.9991772222959,19.6789447461399,16.4015435468043,17.8752568737195,19.4906239807101,23.7217169126292,20.8969896128314,21.4313211827432,20.8130507535746,19.7029914853138,16.3879199830641,23.8331818863961,16.6062291274098,17.4546334096028,18.7864971857924,16.7037558650967,20.0641692294265,19.1682486084901,17.0397039625155,18.0082480651058,15.9223151035021,21.3538377689865,19.1033792489327,17.6777294424767,18.4399660977647,16.5613984369066,17.3649964359575,17.1901465456529,20.7100959332652,21.1117416640629,23.5492992503613,16.5532690725585,15.4870575898788,17.8533061022103,19.817201725115,21.6597052595893,19.2466278982874,21.1335375527383,19.00964314417,18.0360486065321,21.3451646716279,17.5271884733745,18.6189412168977,17.434768477656,15.5892725745383,18.351319503636,22.5399119004839,19.1185763230622,20.019678763196,21.497761895749,15.6424378914931,20.4326248979539,21.8344791849431,20.4229476799801,19.4616250636243,16.2868561820519,20.1304769546251,16.6236945021729,22.4305435525551,14.758207443086,14.4409598361161,19.073601771208,18.2322551846287,16.1480890682015,23.8444872645625,14.6448858686408,17.1470967063687,19.4230044638811,20.1210141249577,17.4390303172909,21.497761895749,17.2965894044176,18.480443114967,18.849852468691,17.9246831118433,16.131677799173,18.8685261108408,20.6423133550446,12.6992997946371,15.4862164835992,15.6365862275916,18.6368295389781,18.6770624525733,19.5240221199182,17.4425712497961,15.7907181189919,17.5630210976483,17.2143310026134,19.1408404762333,14.9722380203398,18.0629487502798,21.9365379767861,16.0901821090099,16.3587060764259,17.4957627708506,17.3569452081679,18.325145158107,16.3547180303689,16.5870888560382,17.615241518672,17.6865137590401,16.1199178513943,15.3820611823167,15.5789936357283,17.2597269339379,14.4678522937678,18.2516802820475,17.0718753821082,17.3723170810652,15.7255260277374,20.5721472223846,15.984699923187,17.1935231557941,15.1561900554549,16.3255594642913,15.6286295225288,16.4914865211835,15.9347007281576,17.0977939635906,18.6770218028682
"Mock_4d_1",0,17.906755341462,18.7788756879839,18.5067823873635,21.1608272698566,18.6613190655256,16.2327047337229,16.7018483959418,17.5079433808576,18.7810989995106,25.2633324884093,22.3737495737834,20.530329428069,20.6474144950463,23.0616382873047,17.4366190791119,25.8166259630665,23.648699596298,17.7217500704638,18.896276497926,19.3887190218068,21.0765049651294,21.0017727016228,19.6503891282625,20.9289625708952,20.8848861261096,20.8954329678487,20.6315942449989,17.302467896752,19.9656439823382,16.4815442353582,23.9500795625659,24.6333554413444,25.8702237278584,16.8954942833364,22.076660320659,18.5792175606174,25.8247540832493,21.4486151138982,22.9959574921143,17.2704366211588,19.321713870967,24.128993216358,24.3523667882814,17.8145307026746,22.454099548356,20.0401468874806,18.4837479423435,21.4802158703806,23.389194870248,22.942249570357,22.7192603481256,22.7253681781765,20.7618196418705,17.9826486212735,24.7640875389428,16.7362680607812,18.5112834689989,19.1784351443769,18.0158849528013,20.4152333161403,19.6494379060549,18.8251990698433,17.3979831224506,16.8664344129029,22.5605620471772,19.1717906623943,18.4043169072923,19.3168831602354,16.6387831649993,17.9757784614449,17.529906841736,22.5051567210933,22.4476257353979,24.2963542241286,17.8987430804561,16.0827339232297,17.2814658664978,19.7077692232527,23.2661736541587,20.4988783655864,21.4080676527426,20.385907201716,17.7015672914216,22.0927962691389,20.2650318044521,19.901448601358,19.5261362504355,16.8477854603889,18.412663011076,23.7633605753703,19.1193026625368,20.713175643204,23.351471495495,16.3448320352701,21.5526963460993,24.5601921168959,21.61561722843,19.7333759257558,16.3607499536202,21.0188649246404,17.2793201311341,23.082144429461,15.9391049374024,18.2751903562256,19.0359719199918,17.5037398047655,19.4070107636926,24.6752806080096,16.5458899978855,22.4643704544023,20.2029256543767,21.0232779316907,19.7806954563204,23.351471495495,16.4671092454506,19.2009560604194,19.5928632736812,15.1968201204327,18.5937170849499,19.7888948539716,19.3068643549569,16.5441512954813,15.7225145270432,16.3744221733466,19.5031390938042,19.6249882897025,20.0904084774101,17.4062724653003,16.5502284874844,17.9504801003728,17.7249760266965,19.5810237997295,16.1411286894968,17.8739214193075,22.4356557374245,17.8799671565275,15.9594998262744,18.9115475206757,18.6716440001966,17.4838408214117,16.7673700385886,17.3810565728078,18.6165115544582,19.1424424117456,17.4323587992915,17.1261095449656,17.8386456580996,18.60387989635,18.9051693752676,19.1750793566213,18.6265664221351,18.4309820064966,19.3250435140238,18.9852363279667,18.1918953436911,17.9862790195324,15.8405378666718,17.1257917310673,15.9874743501184,16.753794050107,18.2997409284588,19.2907409622686,18.9326470729288
"Mock_4d_2",0,20.6670202175945,17.7739177584524,17.5929100242564,20.7446796771843,17.3703499083232,15.7909720089605,16.4113698321955,17.2894355995391,18.5025454449157,25.3256764884567,21.5931364362024,20.1678541825802,20.2599045062535,22.4486513286193,17.4846771657712,25.4411349359664,23.2432468150075,17.4752155090039,16.8898825684085,19.2239277216098,20.1349217390035,20.4953168097603,19.3367122491083,20.826925104822,20.304334254812,19.6237722305927,19.164663925299,17.0096801832718,20.6001952448208,16.1936016815267,23.7871709113585,24.5332019905685,25.6592227388379,16.9872684356325,22.1391289081192,16.0780932416378,25.5500316289711,21.1085323050148,16.7333603987042,16.8911651205714,16.2755009136716,24.2414152954156,24.5549080035328,17.4782315247657,21.8134388212021,17.2000613081673,18.4944522438076,20.9458903977746,24.3394736311748,21.8507092240796,21.9712713879739,22.3079793287606,20.0603336611918,17.6468817322849,24.4551085214213,16.3983249723848,18.0967692416471,18.9251854019792,17.6858363112636,20.7447023834209,19.4131553502846,17.6252906164456,17.5198446635495,19.1651859280988,22.4339835054381,18.5134755498722,18.271693897566,19.1356863300491,16.5817445668202,16.4722950724203,17.6610000796285,21.7497957137004,22.202090193017,23.6526216589607,18.1782758061477,16.1559491258691,18.2723023425321,18.4555223465749,23.1365256177217,19.8318678854483,21.0756784927101,18.7910743315035,18.3614446550689,21.993009306635,19.111958803797,19.4971732936917,18.643585620897,18.4472124015727,18.1572848070813,23.0476266360859,18.8058219604639,20.1753474532554,22.148919043643,13.062808348435,19.8974813722516,22.9429764314362,21.4070743464409,17.8627461391444,18.1051582229066,20.5294944743196,17.1890515814359,23.045203762468,15.1955533535665,17.7587195023623,18.026062960675,17.8918092715256,18.7900100379349,24.4624068072603,16.2296271068111,21.7086778580249,20.0379633057681,21.1214271320558,20.0824662971795,22.3737670423709,16.7920650740651,19.0657316686709,19.2638785196131,18.1532550817919,19.2767331112589,19.5092805034023,21.7125338082738,15.583428591255,15.690531275816,14.0905917849938,19.5626959981472,19.4388414351694,18.9226294841759,17.6147487513916,16.2282217184982,17.4544412547836,17.5712392455016,18.7583749346262,15.8102858986557,17.9924547517303,21.5743316821655,16.6604634449425,16.7360283586526,18.3041255447983,18.1022979613819,18.7937905189002,16.4457943059607,17.3478252339974,18.4402139517184,20.8289629486271,17.3577880654317,16.6966008308587,17.4217524797666,17.6919069908676,18.6312027027627,18.2124510314624,18.0583743851904,16.684132834538,17.231032851255,18.5195464241006,16.4696963209931,15.6908852405917,12.0608025461367,15.1608094175919,15.639677215857,15.9739816484901,18.1277970547374,18.0008154260175,18.9240438084168
"Mock_4d_3",0,21.0764679370693,17.8118172730094,18.0516962834936,21.3136767911114,18.0452075219293,16.5595154884779,17.7898854378224,18.3467466373402,19.031434946268,25.646110445504,22.0309186169333,20.5714202008556,20.3533793816132,23.0851666248337,17.9086376401142,25.8493185386911,23.7414834879205,17.8515294419312,18.3832538081899,19.4398299314625,20.8173158828815,20.919621613938,19.3478580604423,21.0417166267458,20.7832320476765,20.621989041078,20.7712435993297,20.7684562679004,20.0920991955889,16.8252137492797,24.0114979067171,24.9841650255325,25.8668292890932,17.1260144324658,22.3693959709675,18.1980696574287,25.9431225772606,21.5732845879864,22.5846168595307,18.8683680969267,18.6342958813873,24.4789165847138,24.0790661286648,17.7038530924717,22.2515420688449,19.2176463547812,18.4817016136134,21.5512729811046,23.101237420428,22.879629621493,22.7703369893447,22.7354958696892,20.6846000290001,18.06299595206,24.6756808117892,17.5697440848243,18.5117260072314,19.1521284129132,18.0016962064017,21.1423032613762,19.7504384088965,18.8052281896002,18.0896905923239,12.2434377733581,22.7875978299335,19.2962561030381,18.4238978872983,19.16636638452,16.6730612558273,18.5125908134628,17.6651083117138,22.6140021858986,22.6440017483865,24.8628258885595,18.223328923365,16.5543232297847,19.9514766342408,19.3299608180916,23.8499703432083,20.8232757108691,21.5849733597943,19.9563380427746,18.6720486904076,22.0213063122524,20.1757314918782,20.318149197683,19.1769894174752,18.7398876735174,18.5677950141818,23.811146217698,19.5332881529137,20.6782283989585,21.9458408200642,15.7686102737599,21.3954411479039,24.6446327093197,22.0701920805535,20.673581317587,17.0887733427109,20.983937556984,17.0941274424312,23.4259257882972,15.9626634446514,16.0509009189604,19.4018566939355,18.4062058179561,20.7500253939455,16.3936651594042,16.5124342241703,22.4598141424507,20.4897054100718,21.3304726720166,20.39560656465,22.1342329654031,18.0555315267604,19.5240519187178,19.2299604213224,18.6962998060449,19.3037703402405,19.6736188830904,21.9636672393807,16.5261193752486,15.9381651265438,16.3002518087604,19.8946001989673,19.0122666138342,20.1743487597766,15.8918710529276,16.5982662031211,17.6066224637436,17.9533715088504,19.5061061285835,16.1275512015771,18.5167441270534,22.2180323847916,17.4034979521283,16.1968889512829,18.6525823787959,18.6080609044274,16.4053647421737,17.2967092201089,17.5794714389297,17.1950568806543,18.723459568193,17.2791006403619,16.7048357695676,17.6934719258626,18.434902334744,19.1883631627523,19.0327214104962,18.3614369671986,17.1019272916274,18.4372944037337,18.6585059142223,17.6065874906685,17.8115250792763,16.3368291637202,17.3745969370097,17.294076719251,16.5046128078596,17.3571475792717,17.2982343406629,19.221387812572
"Mock_7d_1",0,18.9330722948838,18.0994914569704,18.9995242623621,21.0270492135055,18.4484382000369,16.2397672672099,16.6297040161141,17.9800987262662,18.5461898302024,25.5312927285503,22.4518948423452,20.3852639479851,20.7252528461699,22.8999153948989,17.636450872613,25.5933629595626,23.5703600334422,17.799991351908,17.7512027606165,19.6538472061383,20.5828807005226,21.2870658347809,19.9003920701454,20.9056336335002,20.7366205378675,20.2673797623752,19.8469326946079,17.5377014639215,21.1468593344481,16.2713099680104,24.0569881147337,24.6924755406764,25.8758090705944,17.1754148001506,21.9270800233653,17.0923683248312,25.8157142019705,21.3068081910087,21.6813846206567,17.5311887808371,17.7703295191403,24.4810478380198,24.3268489150806,17.3045271770777,21.986064059095,18.4874576651219,18.8476234792068,21.1429895515536,23.4094368551063,22.2685264227184,22.340709415828,22.4882910779799,20.2253239726899,17.9660408134284,24.7050670703943,17.4545069169472,18.4353111442516,19.2647326936545,17.6658848437189,20.6637637083894,19.6364242859819,18.3570372575584,18.920056485611,16.4513009708425,22.6926353936467,19.2306791737848,18.2014554657066,19.4749524211349,16.662364119005,17.7917728787455,17.8809350498173,22.1042417764159,22.5550778836796,24.2458732567324,17.8802929682437,16.421877652965,16.1951617455662,19.2272026364905,23.2677763465269,20.3153110440825,21.6905653298363,20.0413195242209,18.1949415181366,22.1192579542517,17.6277369673385,19.6241337467634,19.0544309027098,16.6294881765431,18.3813282609385,23.8903269780571,19.3338019482504,20.5523592303901,22.4335033137601,15.2369858263808,21.4555873968311,24.3021083037244,21.7102990021417,20.2939517305163,17.0739435021934,20.8232498219783,17.0189112002164,23.2915403404894,15.7233754126572,15.7851724797813,18.8065187103895,17.691673055846,19.3136045427207,24.6678483055158,15.6557349109887,22.0988069115582,20.2188338683385,21.193939184665,19.8394453543158,22.4335033137601,16.5918739929459,19.5461710022674,19.6168758526208,18.533099739415,18.578895279534,19.7491468758423,15.9418651277587,15.967202782354,15.3775585783608,15.3735001448825,20.0557775777994,19.4413304480945,19.7582495807807,16.5973296737125,16.5012344746826,18.1693185272316,17.7905201625075,19.3676767057938,16.2079799233221,17.6203267029458,22.1984527360189,17.4175882597276,17.5311848718165,18.5802797593869,18.432488970545,16.387263126479,16.8895454517125,17.5973452520204,17.0758151753033,19.3167752088698,16.968376683721,16.4626939716396,17.4646811662851,17.5116495026527,18.8863445792735,19.2871838277592,15.5864601701818,17.9135902744045,18.3107049711266,19.1444939517118,17.6489441982854,17.6206818712053,13.4180432436468,18.6286518572413,15.8910059995401,16.6018738107381,16.7585333873949,19.0146270162051,18.9647587326703
"Mock_7d_2",0,20.9278374922449,17.7425568729734,17.7251550250456,20.7338522595291,18.6797974294491,16.1787563138759,17.2810982417528,18.481361145145,18.5992400506187,25.1695837069494,22.0177392340967,20.1040845413793,20.5361661618563,22.970687205777,17.4285484735798,25.7370123537991,23.6665327188785,18.174667994086,17.2785734264703,19.2302448275225,20.5223283494352,21.0120266163749,19.0113503764033,20.7429413604147,20.550991957935,20.1773888480619,20.2184003738441,17.1253789167264,20.7039010910285,16.5633538652613,23.8434703515552,24.5195048802453,25.815894318726,17.0307687620877,22.2063137304083,18.0997225976501,25.7650533929375,21.4024337330109,22.4709438903129,18.471833211796,18.128748956883,24.4716996341089,24.5675823973838,17.777441851501,22.2482396417682,17.266458190547,18.5094309886176,21.3982635117554,24.438222429145,22.6182598323717,22.6330712059101,22.6476817090859,20.7945029332504,18.1031955134553,24.5962459916017,17.3120494075917,18.5475063976567,18.9285212412364,17.9049607158249,20.9926445154205,19.7200252822889,18.3943169716452,17.8107978878371,11.5691462330482,22.6286778651989,19.5192596619034,18.3814495826744,19.4476701208797,16.6990243134266,18.0500957128904,17.5501708705498,22.1564529726445,22.4440308848963,24.4479771071062,17.0147175976531,16.5439097940761,17.1135466808601,14.4359440209099,23.2242505923781,20.4198715782731,21.2967288980796,19.1086540563779,18.0365079603321,21.8700939941384,19.0986095530069,19.1909731049615,18.8377293150399,18.4085634683275,17.8533708031724,23.7335235341973,18.9066502513676,20.5991122058802,22.187943805721,15.6909678831242,21.2101654986935,24.1359382621095,21.7950715206654,19.5697864245841,17.4109861226704,20.7455710323297,17.4431284906718,22.8905207668151,15.4639926091568,15.5886228645842,18.9419088954844,19.1080522062576,20.2576818103817,15.3518556706929,15.6860145528411,22.3253526129498,20.1915074967994,20.808956860401,19.955965984754,22.187943805721,16.9097321202651,16.7392673287075,19.6993686048404,18.3065308342865,18.9256789320565,19.4089050111859,15.2369768233637,16.1115564410957,15.3584517132758,13.1827063017635,19.5744989823456,19.5861949183072,19.2322313963345,17.4470590062058,16.6879031371249,17.8437790886272,17.924898847295,19.3035775807423,16.0662667410762,18.304063359757,21.9765469620631,17.6282523719165,16.1041745663201,18.5013459517018,18.2592440814741,17.787506734757,16.4069872079756,17.3425280314918,17.9993322273333,18.323429061595,16.1935621198844,16.1346469111939,17.5763987009719,17.8084270918139,18.8270813303696,18.0722349232149,17.8639829049902,16.9904848750716,18.3940460688167,18.8197605929858,16.5069954071123,17.5319238147327,13.8227214217797,16.8111731019419,16.7613801432899,16.3485486222511,18.3420652553667,14.7051358270122,19.410903934556
"Mock_7d_3",0,20.7545312930284,18.4635747327086,18.1199105798807,21.3033123803851,18.6713112776224,16.3068860465798,16.730780821585,18.0139859558503,18.8543923693745,25.7562632115942,21.8217095279501,21.0761975268569,20.804807268461,22.8986713248874,17.9092037663593,25.8104073992272,23.5177570684741,18.0386738699314,19.0313045669298,19.5941482057844,20.8833480544179,20.7684915127739,19.3084061224347,21.1287646318301,20.8854469393845,20.9285380442815,20.3626987042273,20.713808041599,20.1645485125404,16.5894463988091,24.366610567903,24.6817876607184,25.8823189981766,16.971714004786,22.3187703947081,16.9303935911285,25.6698670628861,21.4300456813276,16.6507655224401,17.317490546306,18.9315814333287,24.4348185277451,24.3818595393291,17.5923126473552,22.4074360587299,19.936084690162,18.3161552054553,21.481190864024,23.2534637071407,23.0110974912823,22.8453886152,22.4460560926034,20.3732499445865,17.9152199347143,24.692059739821,16.9149147995172,18.3631538903735,19.2759406811515,18.2666697242889,20.833373441476,19.7376680647965,18.2048713786731,21.0074294797197,17.4284195901185,22.6974221704015,19.2381858314679,18.4292582409979,19.6154372945737,16.778220613461,16.7469097772059,17.7222777238585,22.5557702526365,22.475750140221,24.1341594676969,17.7905012302368,16.3499655536826,17.0027151704481,18.9404995705167,23.3880356759049,20.4532560474386,21.4608087323223,20.2582212729586,18.1172323049879,22.1565452295701,21.4299940009046,20.1514242987309,19.3773193024932,18.55515542774,18.9919751881354,23.6585648281829,19.4323249941156,20.4031464135786,21.9695292891307,17.4889994402541,21.4848066919669,24.9982221895774,21.4996433746593,20.6123352166009,17.0281194262254,21.2754577830641,17.6668982687865,23.5676028088368,15.6839426202143,15.5071503035386,19.1374995688275,17.5479468105475,19.2436220303817,24.6960491630633,15.640180605019,18.3518617656595,19.9390027735745,21.5433305743658,19.7588546953815,21.9695292891307,19.4378345504118,19.7231009489156,19.4868358227066,18.7548535954636,18.9352545893555,19.5844335194789,19.2994291034209,14.571358387473,15.5901659635597,16.4831096883825,19.6013636452651,19.3553949015573,20.2494196476566,17.650241408418,16.7422529252656,17.5924600111644,17.8636848426865,19.7252644256544,16.0981968985425,18.0316456023623,22.5121376227526,17.706355970954,16.9758937387035,18.849707315961,18.6634098996723,17.6555718280447,17.033986928871,17.6258385014712,18.2636916130976,19.0814403364252,16.9750902526158,15.2812201981492,18.0347668881608,18.7001561454531,18.9116346193693,18.20957391071,18.9112511851986,18.9834500962291,18.6568164724605,19.1676804661755,18.4516403855916,17.0233685652618,15.9125766226821,17.5935098764599,18.0309351841128,16.4338451547775,17.2075443328239,19.0169259528924,19.188290346965
"5x10e4_2d_1",1,20.1645864899255,19.0394647033914,18.4750570758494,21.118802237114,18.1818577921794,17.6523796664325,16.7978983074628,17.8733650163415,19.0463963962841,25.7338236530109,22.1875516433129,21.561401885045,21.1249487841058,23.419573299724,18.0423787113863,25.8914114185563,24.0190038200961,18.4761360692598,20.4266951089725,19.9593520042161,21.5642643368536,21.5744378100169,19.8766024864928,21.6813996373034,20.8648519060024,21.2481198342672,20.4296485124211,17.970855036009,20.8925159825133,16.6836290160556,24.2411538029383,25.2195336665401,26.0688874541397,17.0727440556865,22.87785502084,19.8771072786108,26.1570490026371,22.0687322450332,24.9028674848241,20.1858265377341,21.5357675941198,24.229991181913,24.6957398999983,17.6182932576476,22.9803590059223,21.7972383038809,18.5233653982536,22.2651380494043,23.811825062664,23.5680307255401,23.1422382117204,23.1731765787391,21.4177008377176,18.7449825105293,24.7137558793815,17.8649874608035,19.0963152595967,19.2771956456933,18.143035896542,21.2490835711522,19.6267271721639,19.0972031335776,20.4682379931914,19.5455581156265,23.1089683450452,21.275545599473,18.4379418103427,19.3458477977252,16.6298224779761,16.993142720925,18.0847637118043,22.7202396720263,23.2888093212714,24.4664393644898,21.8110359188353,16.9065472474984,20.1972171396431,17.0943178853702,23.6604768205483,21.1990336700817,21.603830359613,21.205984309127,18.8487650330769,22.5784738747175,19.9733478876451,21.112657405325,19.6995181116263,16.3622579402404,18.6715747261383,24.5966950619199,19.2587321443017,21.2831014753319,21.8079622366331,16.8203019867474,21.8937774083853,25.1171340145226,21.7207410898439,20.0447073295322,17.1764882044033,21.5233155320445,17.6264054973433,23.5838314160928,16.7084938142349,18.6339958407339,19.4562078627159,15.6857343297306,20.4629890374069,24.8806315525258,17.3444832812707,18.6672885827115,19.7558042545153,21.6502356166857,20.3471337258262,21.8079622366331,18.0887446968737,19.8808748941027,19.68962474748,21.1333613033374,19.2647050965028,19.8150186492017,22.356606094055,16.0001911189275,16.0548856776344,16.7086088364338,20.0334916782092,19.5028764083308,20.8204217459282,15.2994101727098,16.3598447879796,18.1660747949186,18.5382570256469,19.0871409604287,16.8243746227161,18.1512284304978,22.2992026657835,17.9723534828747,17.3797930909809,19.4748931224989,18.9388464341979,18.2501322301281,17.3816918921746,17.9202767315414,19.3302081592468,18.5011310513816,17.9547472597774,17.47391675052,18.5860860079544,17.4519586024611,19.4899631044816,19.5209801659458,20.8911613033881,18.9433725017418,20.8377871059243,20.9520592428562,19.5311650784396,18.476261592356,18.1443303765851,18.9930698416126,18.3867209801106,17.1069554543602,18.8975152312155,20.0474707418381,18.9976975600223
"5x10e4_2d_2",1,17.6839371591071,19.0935700151493,19.1966836373381,21.2690252108413,18.514387385437,16.8755873086882,17.7681260166133,17.8006150410764,18.5400702804587,25.6848075743827,22.1337916513957,21.3638526945453,20.5568393551063,22.873648596474,17.6182009835994,24.8124279490443,23.4898558295774,18.3879549847583,19.4254367074118,19.958355992471,21.3352711893097,22.0404606221267,19.1408875404734,21.4089776531194,20.6597300282875,20.5027531873926,19.9520627961881,20.602820481574,21.4452300066757,16.6394211373623,24.0509934839618,24.9804545897308,25.9195470204861,16.9734463010307,22.4509836227834,20.4035677398611,26.4283997607811,21.9376826473982,24.5625909261639,19.0933074849385,20.5327485382764,24.640730671643,24.4589029380913,17.7745925399193,22.577258194796,21.0457049840686,18.6154951359928,21.8595738027571,24.3334260453071,23.1447669955795,22.8798267123047,22.927838143614,20.8225836945532,18.1365228482521,24.4630255716921,17.881603973524,18.6937133814843,18.8375288597986,17.7555939144696,20.5915963974288,19.6979899289348,18.9452678964852,19.7937628468127,14.8704321549824,22.9440349146578,21.0600981791186,18.791564280488,19.1725765904749,16.6946353807126,17.8618933680836,17.9580362170614,22.39172653801,23.0704082456719,24.4999119699568,17.3477598024856,16.827991935159,19.5185352662026,17.4638367505444,23.666391436205,20.6966654326304,21.5012154556523,20.3232389926775,18.3693485558878,22.3478710670084,21.1950188389704,20.8494461881918,19.4849641922324,15.0711270490999,18.6232560226453,24.4178061828649,19.3648232539745,21.1413038203278,22.0202549751111,13.6388774996467,21.5919098114298,24.9931889863156,21.6594258503569,19.433583815042,17.1277449640408,21.1429463110001,17.1739093705505,23.4236953040208,16.3285849164733,16.3091109046596,19.0536754123466,18.7508216743309,19.4763409142088,24.7344493163433,16.8485074222742,22.5958423079286,19.1448601438831,21.4122257263584,19.8663520832362,22.0202549751111,19.4177483568399,19.6986368489609,19.603864532242,15.1801198510809,18.4689736006044,19.649627261087,16.0133203981134,13.7669769615772,15.8012715373125,17.0149300296595,19.1343562606382,19.1756306570693,20.4846156843418,14.5060286664883,16.441590335467,18.3287319049044,18.2209687125725,18.1234113032237,16.4504919748138,18.201478632481,21.8837619300786,16.8350358447485,15.3076937015578,19.0930187484081,18.0710734043862,17.6069426051773,16.8296346920501,17.6529102721666,18.7565911494019,19.0597159619821,16.900136250192,16.5560234048818,18.0616941386771,18.7790615307253,19.1065071973383,19.5879800011938,20.1416419487529,18.5092129927068,19.5958682968639,20.1812002648359,18.9018060400971,17.8431916309309,16.7745390582197,17.4580966659618,18.3241214223812,16.6051381575323,18.3697150417691,19.3903635391937,19.2528154233469
"5x10e4_2d_3",1,20.1865486508469,18.9071776429256,18.8064564399498,21.0120374454727,18.9760607977483,17.4325391659945,16.5312549132938,17.1739027120227,18.7120246035731,25.5543780304363,22.4540144931455,20.6974665009892,20.7421077991805,23.4002437615767,17.6255803976988,25.6506327295937,24.0315308912568,18.4387545278696,19.5293042869059,19.4311170891335,21.1083033063275,21.846108995297,19.8782970715373,21.3697708418656,20.5400106658101,20.8411785337272,20.314933397319,17.7193064017875,13.8815464119918,16.7754200295051,24.1491184179531,24.89383389382,25.9019286474565,17.1930095188506,22.399024623629,19.4384773088586,26.2379180125239,21.8234765024634,23.7906545285302,16.9366560592119,19.3918552439382,24.6358174342513,25.0898934864963,17.8098585778521,22.6242596933175,21.1166217252615,18.9816602417565,21.702990251303,24.9551431352499,22.9925060329378,22.5380366195983,23.0442087451269,21.2141561504296,18.6602359349599,24.5303153441026,17.8714922471621,19.216115042046,18.8747569611524,17.7301510621953,21.2418432341127,19.6805244756093,18.8004657127576,18.8707918698093,14.6187957042818,22.9041553572597,21.3150540349112,18.8465531724065,18.9620215112774,16.755374722519,19.669450463739,18.1891183653171,22.531033628377,23.1321436459414,24.2784972751497,20.3306935875817,16.7426344636845,19.2288797901638,19.1229378596168,23.6867776189922,20.9058859239387,21.4168659734461,20.4864142676062,18.5562764697367,22.4747498018808,20.3685627130068,20.6200763001332,19.6123727024455,17.0861324655058,18.284994708689,24.6439340521648,18.9724798060271,20.8308005451523,21.9584592542083,16.0481543922639,21.2147727031499,24.4934054315496,21.8192225065723,20.9902625285309,19.2036932344165,21.1209346745731,17.6649944759756,23.348637574705,15.7463555571968,18.564902917915,18.8445757406552,18.0156670573244,20.0792633966577,24.7200121372866,16.5774283504786,18.3349850214231,19.7909584848738,21.4778977679502,21.1305175622456,21.9052885287013,18.676632001982,17.547164361138,20.447462119736,18.7117357644134,19.7062408984163,19.3536234593068,16.8810188441648,15.1636613665624,16.5352529415725,16.3081655931373,19.6314273072281,19.6146539288087,20.3741107246365,15.5998304214813,16.2746986527192,18.5690750998385,18.1455471308095,18.5859063114274,16.7024018023391,18.5613390763625,21.926179146732,18.1514644765876,17.7407287082404,19.1469718232741,18.9052200154537,17.9821304539322,16.4136881255099,17.9424682180332,18.8064398269244,21.1449761204513,17.6546648039959,16.9357980517115,18.6750506826639,19.2591526866515,19.3176220668048,19.2352969746314,19.9419529962244,18.8263944840591,19.5336993179561,20.3411211828828,18.5052986422967,18.1395840453297,16.7573883688137,18.7876591449728,18.2501804025238,17.846208050088,18.4170999803996,19.6410329237874,19.3654417678241
"5x10e4_2d_4",1,20.981396865862,18.4651261479157,17.1803294546215,21.0058402979521,18.705624737016,16.7626142635671,17.861111112259,17.1740259074995,18.5829851679516,25.4851576310989,21.6762467303045,21.2123384369662,20.7293561979874,23.1893615944527,17.9707239792046,25.8754294523564,23.7830090328456,18.1196802464753,17.8595646611606,19.1691559726403,19.9946411458126,21.5313923917666,19.629992926304,21.3647423908351,20.2373053700941,20.4762202435539,20.1631098554009,20.90694424299,21.1135482693774,16.750032259735,24.3126602119316,24.7855889857308,25.7109517742701,17.2329171328743,22.5081490615,18.8930000233548,25.8399097013402,21.5506416575055,23.2241457491869,17.3218001287785,18.6070745800068,24.6553945203283,24.8254630022067,18.005965291127,22.3555745543348,19.3023552832231,18.682813146649,21.0956886570692,24.6976598514479,22.4923345855945,22.4536771280438,22.7365140766249,21.2905393582517,18.2794710701414,24.4741444794702,17.1934028098285,19.0069327797214,18.9187552242171,18.1904746865635,21.0445428936451,19.6462906178497,19.0058699010341,20.1320627196192,19.1147290792772,22.6702806265796,21.2878309587937,18.4037869895166,19.1903114936595,16.5490331154269,17.2392983414622,18.0071468637946,22.0732717907171,22.9001964774233,24.2380324872321,17.7039044109807,16.5756137919829,16.9892960519407,19.1248844204851,23.6613666124911,20.5560102322884,21.4356537723044,19.73959444213,18.0323715936485,22.152920666988,19.1234128861033,20.7370561000286,19.3913200729633,18.5754733433954,18.2113815230571,24.1929309154668,18.9888556972706,20.9068365064958,22.3820682996686,17.594283482589,20.0011798017345,24.1497839741229,21.5063794251213,19.8701086908072,18.8647979830426,20.9038926837567,17.4589488720254,23.1911218978622,15.8101538046628,16.173080784411,18.8783693035615,17.9043318486507,20.0695372031201,24.5259592856452,15.9221981588828,18.0727324917865,19.9112714721705,21.1912504636561,20.5549308443057,22.2499753785372,18.4957611852408,19.2837214194438,19.3637620022819,18.4264250936733,19.3755312987994,19.6288383503392,20.4807931059832,15.7615847547618,16.1563691410862,15.0798658669974,19.6287910071053,19.4909358963796,20.1548447625836,15.1876367422728,16.5303811249553,17.7513990123502,18.2122599384793,19.7402311669284,16.7382149722511,18.7021900088579,22.2711167629894,18.6943939512778,18.0529560652001,18.8574378806328,18.7677382902161,16.462180259152,17.2161733385673,17.5981013558109,19.075242365456,18.9834098846465,17.4131316424276,17.6523688498854,18.73917155312,18.8227438822201,18.9613832524395,19.5509048736319,19.1262178122257,18.2037339416823,19.0069278268207,19.8627187039908,18.144600439053,17.8528745528219,16.5792490776801,16.5988896073789,16.1592557855428,16.5974757244482,18.5314297829434,19.6001555724298,19.2311846620393
"5x10e4_4d_1",1,20.1880194979557,18.2136770857198,18.6201387139005,21.2141943671015,17.7695385914609,17.3162511880003,16.6908268213635,17.4537684693526,18.5050031341105,25.3725804767674,22.3661154668854,20.6695475202024,21.4001511390005,23.0258869892017,18.3057543182593,25.8354575412312,23.7339077820943,18.893285277958,19.0414386311587,18.7658060508984,20.9081858336609,21.352555892386,20.4609055217762,22.5028263534671,19.8422270375063,20.4657427003127,19.262355058326,19.6634620908463,13.400329054055,17.4266880299533,23.8958915025134,24.266391809707,26.0094845138731,17.3978522337794,22.3842002791407,19.8149292335385,26.124244637336,21.691166210888,24.1918397010594,18.3307904083449,18.7757426815544,24.781487960287,24.9514095295886,17.1820767777929,22.4217800282836,20.4166801907946,19.0234768439609,21.8474221795743,24.8195910439803,23.1962160616113,22.7852001096227,22.7515447200526,21.5472402676738,19.1375969402248,24.4830163654139,17.840962823881,19.5831378398559,19.6697863554317,17.3354330304668,21.1375254251757,19.2659799806027,19.0609369137086,19.2782429889369,16.7751744172848,22.8524293043588,20.9404262023778,18.8789819135081,18.8104133664323,16.567246859306,16.7625157409602,18.1882152191603,22.2098036549084,23.2016222018209,24.0805177930863,18.2824733643505,17.5683799902335,18.7528063465685,17.5157182457842,23.7215744244785,20.3445313054252,21.6312322668969,19.9540119869221,17.9589104577416,23.3082687325421,20.10385688086,22.0298972803205,18.9685884401311,16.579787786717,18.4829086425864,24.6877310950906,19.0163560699211,20.8652020159237,22.6398594943511,16.7696251145769,20.8017397034415,24.7183975951745,21.3823110763436,19.0541491827657,18.8996956083896,20.5752618547296,17.3198105913889,23.1645380727113,16.0192614214944,16.218262450736,18.2456177676716,17.7518276718291,19.5058868041452,24.7973201949795,16.9634309922735,18.2290683749115,20.5239859074807,21.1841271332036,20.861412515197,22.6398594943511,18.3369433577223,17.4288525926846,20.1273285765388,18.7887425265179,19.5317362778268,19.0010293536552,19.7041631206447,17.199730925254,16.4253581466215,16.4860799053179,19.6976325023479,19.5300989804158,19.2793698753582,16.2553645308954,16.247271662691,18.5070572535147,18.3799837599769,18.7846633097821,17.8530546600016,18.1447118464936,21.8191266256998,17.4704218798573,16.2060637442803,19.2173231081148,19.0441282567902,18.0158797291136,16.2130281184308,18.0372411481615,18.4570341388445,20.4486758297565,18.7585628630982,18.3898262738451,19.5892346625959,19.3464443805011,18.6008458169528,18.1292654518789,18.9917167164481,17.6994336584713,20.9089462016805,20.9867661672214,18.7053957782199,18.2212462832939,17.3100488359817,17.4939551622026,18.2788990459074,17.4533798550252,18.6666757894929,19.4432582533279,18.9842303288431
"5x10e4_4d_2",1,19.1005253161561,17.7669584741642,19.1316167368068,21.1704999867237,18.4216500579084,17.0065542218115,16.4499736105158,17.7159438287734,18.3090070515899,25.6751299894273,22.2575848316416,21.4685041754489,20.7231609769308,23.272182729668,18.1599207922561,25.9357334790225,23.8478780170482,18.8287214802193,20.2295897664737,19.0514416868137,21.1514538667016,21.2249636374421,20.6091760110338,22.5371372219586,19.0713315298555,21.0146927379236,19.9797339046047,19.3729242025709,13.3353857623026,17.3632456168696,23.9895825020111,24.2761728088956,25.9537600420494,17.0460573056592,22.1310687874563,20.1145311208704,25.8771878053074,21.6133771391313,24.3480413555612,19.6397548722709,20.8699175190296,24.3348068007487,24.4385442323344,18.01261375421,22.5813634346745,21.6663616733806,18.0281948104321,21.7678002004888,23.3543829343531,23.2036671044058,22.9710592340893,22.749553546438,20.8898193938718,18.890191794842,24.5743725508443,17.3067556823202,19.4266255134305,19.6474312603359,17.9232361522344,20.8616668390289,19.5107722025908,19.208140629485,19.5704318345982,12.9348425231502,22.9415337723692,20.7509745059503,18.5096209043572,18.896161775999,16.4883822852011,21.3126655301143,18.6088598183597,22.4092091175368,23.0384109051055,24.5574981761306,21.2824031590836,16.8240572391851,20.1231094651888,17.739418067833,23.9021528283531,20.5242101059331,21.2689739349568,20.788771749985,18.4171820557531,22.9980514446984,20.0432500697591,21.9216816482466,19.1433041648503,15.5757892124866,18.2907984251771,24.328944291297,19.1634673391665,21.0213837480604,22.1082497568106,15.8391314987931,21.7585589522432,25.2200462496114,21.9994298364728,19.6314230774534,16.2938274229246,20.605866002761,17.5919552742074,23.3893433944211,16.421420770774,16.7206747231242,19.2063152768711,16.0372722901179,20.3046083642181,24.7516481257408,12.937117976289,18.5580277225618,19.4597245153184,21.6565212766629,19.2154601605974,22.215848593412,19.5481800862096,19.6224808567342,18.8105390513124,20.9171955443732,17.9246592798849,19.1353548959,21.6785110007893,17.0651389857834,13.714588869333,15.578778711594,19.4109122095565,19.0030462672587,19.4964455070362,17.97550126203,16.1612706473487,17.7244243308187,18.386705440164,19.3141941085375,17.8547614350833,18.3720433010027,22.3626870066254,18.3326687214652,17.7499477768293,19.5562884170457,18.6566913123193,17.9718520162817,17.0389941167422,17.653921166172,18.1932275877196,20.8402327719145,18.9396928238855,18.6972626222295,19.6847460084601,18.1441410071172,19.3316699248379,19.2677698264056,18.9155493133346,18.7653500147403,20.8074327386532,20.9340810284453,19.0371361646272,18.1621297765119,16.7619014901915,18.9007943794619,18.2178613538089,17.2763961786,18.4169897080601,19.4956196889275,19.1864303811274
"5x10e4_4d_3",1,20.2132099592787,17.9845555920619,19.7006287257103,21.6798913482365,16.9503723899079,18.100853784549,16.8573307162005,18.0630183733215,18.4089568777753,25.7301277276505,22.1616335892447,21.8314890808753,21.1120809467118,23.9652760743776,19.1280057433482,26.2714215434807,24.5145472665391,19.4556458656243,21.7930255643362,18.5553026307383,21.9545243560931,21.7447372330478,21.3610807405566,23.2135229895548,20.1449886818295,21.4249203254339,18.6321361384741,20.5388750849588,13.9426625978114,17.839231530735,24.6049901995546,24.7170065372467,26.2526219075543,17.5805952532738,22.6057191903767,21.6399626373354,26.2737532018737,22.0429114424999,25.6976443349556,17.4667136903195,22.5808294207217,23.4743724241383,25.20965534699,17.9503161038749,23.3250909115461,22.9830252557299,18.6382606436174,22.6528954682429,24.2019370908595,24.2276287857793,23.2897594882746,23.3179033908294,21.898894994058,19.5671717172658,25.1052505314552,16.9584454591722,19.8567312907098,19.9170820605225,18.793485737933,21.096931035966,19.9318430013216,19.7152124176996,21.6257394758683,19.8565455758378,23.4099056001139,20.7424131044255,18.4153993212217,19.428334464896,17.2507348068236,17.8203405951674,18.3032844614109,23.0208763112631,23.7478397574228,24.6930741946788,23.9492760823232,17.5774175243473,21.1875495300954,17.64019541262,23.906976358291,20.8649594682317,21.649767095774,21.9217295583116,18.8008866866393,23.6602949570484,21.7740258822453,21.6035118642385,19.7701455094848,19.050049386058,17.9648832680019,24.2415744217964,19.2542730109689,21.6156201807695,23.8544835668396,16.8681802028954,22.1185077539152,25.2064208510965,22.1658181545269,22.0418469726081,19.2596905375655,20.8558005640343,17.9505465367,23.4437582641683,17.2488607617708,16.861043016098,19.5786952808256,16.8255732387175,21.3604151757732,25.0572472237062,17.6521839559663,18.531233091749,18.0612328485396,21.4170839433643,19.1571431279042,23.8544835668396,20.8436869852594,17.0598831856951,21.1103607072329,21.2791865092332,18.441937585993,18.0386976586591,22.1917045588355,18.6700290656362,17.4625248408975,7.62583776485953,19.9558315042359,19.5613906247732,19.78741205199,16.7047668420158,16.9324448397452,18.4712128053315,18.8220906706541,19.7613700963657,18.5786349577035,18.264935067162,22.352321230991,18.9383280385275,17.716649414378,20.2643479606733,19.0626987651248,18.5278503205225,16.7203536376808,18.1346659654808,18.8958016164875,21.1599373955138,20.0686235006502,19.7653663073962,20.6758080717432,16.4344805274469,19.4999739746347,19.7052406288894,19.4657668143607,19.7702944873889,21.4305324050328,21.7713667405898,19.982554267179,18.8166327611968,18.0708216917694,17.6054728808798,19.2625595761686,17.9925955873207,19.0137552847237,20.2898093535963,19.1307132408648
"5x10e4_4d_4",1,20.0070424138905,17.3335921935187,18.9680022152396,20.8451514707793,18.646556927773,16.7969988241417,17.1028852667436,17.3655934571815,18.6695560911119,25.6192150166461,21.4581741056361,20.3352868782685,20.4631725517257,23.3205868370651,18.4857184334323,25.9458971152737,24.0259148133075,18.5312039904629,18.3910060185446,18.424516979086,20.8574964248406,21.3475060692609,20.4945074603372,22.6291297813969,19.4139496806754,20.1049883200047,18.6645813583041,19.310753811413,13.5473408449439,17.3824780578476,23.8579879511359,24.1972955057114,25.9615620404028,17.2860357490576,22.2369466739511,18.3955578210631,25.8192931430783,21.5195846714035,22.796564358686,18.5423834329094,18.445661188063,24.6511077081434,24.1086471122436,17.5268336683174,22.3712413475718,19.104138873479,18.5778295258718,21.5355743299642,23.7231914919669,22.9581602876247,22.7612891705804,22.6128950889123,20.9417522180237,18.6702643226149,24.5105745555103,16.8368186683798,18.8967146620897,18.8942954904577,17.5245422209452,20.830933885007,19.2299244778437,18.5040985548574,17.5964285279009,12.0859111784405,22.7931028955237,14.3040935066682,22.4809590369621,18.8834618213023,16.4226317309599,16.6863411283701,17.7429296162881,22.3798585049045,22.9702109844478,24.6160694553928,19.5292475213452,16.9392695855679,18.8255296700731,17.8176396599725,23.8761634934541,20.7002103119923,20.9494815684374,19.3181977564731,18.1485109509796,22.8517982862506,20.0290163981513,20.9368376013847,19.2021466914493,18.6780685256886,18.621519987993,24.0152704679811,18.9378650739048,20.5927205827862,22.3457934856169,17.52367261703,21.0981784482898,23.6959299584019,21.8671303209538,20.0245657905722,16.9420156310714,20.5731984231728,17.3228137167787,23.3995502061924,15.4201067690077,16.5436305913029,18.9870217963481,18.3000528168786,20.4170808560857,24.723197683451,16.6105294585538,22.4786011457344,20.5101979488833,21.1969503366764,20.505921709742,22.6327732968147,18.0750649499852,16.9405559331002,19.4891593915158,16.7491059067521,19.6154967595002,19.816688322093,21.8649498546675,17.9832047025293,16.5988169099942,16.4413857821898,19.2499369322809,19.0333325034415,18.9722903512534,16.7316749452543,16.6475900266489,18.5685335128418,18.1376766360481,19.6492784480602,17.4318493449495,18.3409252374153,22.1215242672647,18.0895294686723,15.8411138295003,18.7920064891128,18.9151145367201,17.9440429629319,17.0173379624298,17.4909487549939,18.7658816629494,20.1786295987802,18.9474525090123,17.8121263193277,19.5183879202152,13.3589719379299,17.4485886018895,19.1164565094293,18.6613867070036,19.0072558916207,20.4226819164396,20.5755505208516,18.1783037478265,17.9992771325855,16.2092152767565,17.3888881194051,18.0354217389869,17.0365677293836,18.3948556887106,19.3011441188548,18.7425044764226
"5x10e4_7d_1",1,18.8471851919488,17.8577261333472,18.1181088933929,21.41195287676,17.9844135126447,17.978266539257,16.1913646118518,17.2413230660262,18.3340566544985,25.3268429571329,21.6813299471846,21.4276497476716,20.358675739401,23.3872556554054,17.9879045574728,25.1624530988864,23.9362184011709,18.8158745199826,21.8031176694835,18.9795208695453,22.1594462788754,21.8330777231423,20.601594292709,21.7936904364335,19.2503384689484,20.3541108887466,17.5392809549119,19.289659619802,13.3823563056964,17.1063208796992,23.784656206158,24.4783337406195,25.9060797630104,16.941608705683,22.5149554752807,21.1526129850793,26.5443174514866,22.1716058431241,25.2254534122264,18.6271112470927,21.911528273699,23.8171037257519,25.2376066710252,17.8259931700175,23.5523424244066,22.804153443067,18.5225417772547,23.4069234999492,25.1090795183498,24.361864111796,23.7905438200789,23.4568463332564,19.819309095136,18.9859827535193,24.5476262526396,17.1342485995912,18.942836421134,18.6534778126992,18.6582868043173,20.5340166386499,19.7632752019408,19.0792155346707,21.498274642371,16.1552544879105,22.986292813684,20.8837981172755,18.4825903205483,18.9637316693208,16.8708574550116,17.7992499023679,18.3130033932104,23.1093787104868,23.3446522817076,25.1389398824509,21.1219908475574,17.4605547291891,18.9137021574403,17.6652826588512,23.4924763276236,20.9716678787109,20.9699856996178,21.9469219573653,18.9142449671498,22.7187845067938,21.2497037572715,20.7021125079663,19.1651757963429,18.3480154888335,17.7391663373921,24.1269723293219,18.8184764298114,21.0174973335282,21.7667704483537,16.0785778862673,21.878911873203,25.0902033813522,21.4600206748496,18.6912731721263,20.3224161462224,19.4598498843437,17.3748749483944,23.0663093901603,17.0657574067117,15.7586470844656,18.6867838724933,17.106023558182,21.31460336031,24.732213889337,17.0431642824246,18.524550899009,18.4760036036656,21.2546427904723,19.352274834007,21.7667704483537,19.378928529992,16.492691058391,19.9965465712275,19.3094478571956,18.6374944207115,19.3923353070127,19.6612264175244,16.8875769603983,12.2160064764941,11.8995843839785,19.8114361032634,19.1563392253559,19.6850278288554,15.5711384065788,16.265561555624,18.2480303476894,18.4456381745993,17.9530006467023,17.3602127328624,18.0055984493139,21.6114136294247,17.5244238880074,16.3319650455572,19.7907577336362,18.4426305392615,17.6746779980648,16.3978728904928,17.3813671426315,18.6293211358701,18.0413658276868,17.7814199875595,17.4067641036448,18.95139107965,15.9904659335181,19.0139408687367,19.22063827844,18.8813815151015,19.3220076044741,20.7775977999981,21.324391491424,18.7596494442736,18.1511506099854,16.8861418239325,17.2733454370521,18.6356522470047,17.036768635784,17.3324655684981,19.6588277306543,18.2407339064193
"5x10e4_7d_2",1,21.7892078832077,18.9461694767804,19.0165802428678,22.1677510041665,18.3708576827459,19.1220637579433,17.703026460925,17.9221143128704,19.0592040201121,25.3919260095414,22.6742048307911,21.3889707894842,21.8807539954548,24.2900982695694,18.853785587809,25.9558566332393,24.9103420700442,19.8942648045266,22.5852493930413,19.072669941158,22.5635725054996,22.15835822723,21.3074011418168,22.691634671412,19.4266779811665,21.6191181059989,18.6594774199448,20.0358415731457,14.0640500499969,17.7263060858473,24.6374442123831,24.8981113514127,26.6974414511383,18.3482221811309,23.6128451260492,19.6477730198296,27.0514378641091,22.0105093718548,25.4640215026157,16.9383023346157,23.0476616681291,24.1878491799517,25.5458115526984,18.7441574701802,23.7898719945712,23.6006182885501,19.7895126750695,23.6826681165016,24.8967574927351,25.2636311428164,24.4838371335791,23.7337959983987,21.183952714927,20.2127778653368,25.2314144226794,18.2861928184541,20.5028164488536,20.0238625561233,18.4404445433258,21.8177759484606,20.0852402301495,20.0194539306355,21.8467388353254,20.1395011428594,23.8072081459776,22.0593835450272,19.4331455835162,19.7534348508962,17.1738666326318,16.5984767113615,19.0502809910477,23.6305707323903,24.3820385061375,23.3705777616636,24.5795158030143,19.3353307934457,19.7019628881817,15.4154814482079,23.8326676645507,21.5022455699289,21.7287705923599,22.6811391574086,18.7880072797088,23.6276809463078,23.7597595316793,22.2321430136428,20.3060454331608,19.6691732097942,18.7875775756657,25.5528413421069,19.0331154874948,21.2669931855301,22.4026311381703,18.6870577068316,22.0375148261158,25.7833173999351,21.7315898703102,21.1991270138345,12.9870049855347,20.4842061366451,18.1065707576544,23.2507630138898,13.7268770927257,19.2209115199752,19.5354598459528,17.751660247519,21.6805378510637,25.4438737591258,17.0049831848186,19.5085318039927,22.5891302290345,21.3342862958777,21.3466244931577,20.8194052684065,18.8650584689989,17.5740588307402,21.1113019990576,16.7365830500311,21.2705797849444,18.1358462864869,20.723766113622,18.4777068632352,17.681376993741,13.9856254398206,20.3369266497851,20.1805767572964,20.1378258198051,16.6973525709611,16.9065761963812,19.4405644993385,19.327549928378,18.0622577224799,18.5190387576146,18.770320714929,22.1019367405292,18.3840711006721,17.5600042401347,20.2876527842515,19.4835665185045,19.1631531005485,16.3640337127801,18.4931706459656,19.8839193833997,20.8081171944053,19.6396274483138,20.3663068400421,19.5366608846873,19.5389981966114,19.907689173961,19.9816347493649,21.1149811687654,19.1732919878204,22.2134968722161,22.4449265764172,20.1264326350298,19.4379745742073,19.5414851923265,17.9604551386967,19.6125305520278,19.6620473497305,17.775155987122,21.041427207836,19.4654890098516
"5x10e4_7d_3",1,19.09346568091,18.2476812432668,19.6923415436305,21.3113915448514,16.6158417705712,17.9817263898037,18.33704686782,17.0761912136861,18.3026737159597,25.2887998578848,21.9338953761945,20.9352908675013,20.7716638950114,23.6506950058185,18.468039105549,25.7748069999238,24.318121231969,19.3581357999942,22.0642163579507,18.8292999372771,22.0937903059866,22.0330913942026,21.3353897757615,22.1156099649998,18.555910542739,20.427895581093,18.0379096251906,19.3987996696807,13.465355862783,17.330227659883,24.2720726565421,24.4948309179301,26.1439560675952,17.8079241440793,22.3261210705855,21.0211017031315,26.7308134218768,22.142470275828,25.1494103680395,18.4247245100866,21.3906009164129,24.4772907063443,25.2884672278468,18.4788041357383,23.5014270830433,22.9143044153827,19.2251071953874,22.8793144697453,23.7510958641117,24.5201081399095,23.7957991669096,23.6717464172851,20.7196256817377,19.5835029881155,24.5933640914455,17.0504161661399,19.6022164558052,18.0418861721642,18.7494516800831,21.3466533957384,19.8966583644272,19.6853107209565,20.7737525083103,15.6751862714887,23.1746170495776,21.6284033208714,18.9458734222209,19.1405006545618,16.9369113104251,16.3123788642131,18.9106516084678,23.2684562912014,23.7137581136082,24.9558075415278,20.0278304223826,18.8431187928751,15.5443084645062,16.5934544299492,23.4323653501182,20.7726535263763,20.9534212009859,22.1581850711501,18.0140338700988,23.4099274665285,15.7066673285545,21.4415626644954,19.5325139203959,19.2523399618966,18.947134099382,25.049949394476,18.7817381258878,20.548652995953,22.4295478150944,18.5768742628891,21.7076189585246,24.6067985771564,21.4922876432349,19.5640367422738,18.7089430397036,19.5157520830717,17.5427166001472,23.1242526976853,15.7654559553182,15.3656015459597,18.4441695413136,17.6758516359101,20.3452438209197,24.9346553125567,16.5663822809908,19.0009931230495,20.3165643052583,21.2475896641242,21.3285466891637,22.4295478150944,17.3664361145387,18.0583778703291,20.1521167623408,19.5118680723341,20.9596214166434,19.2637306990893,20.4120465425099,17.3345939081339,17.5673361857416,12.4933089737565,19.761074628626,19.866064473239,19.5070382040399,16.9554276681224,16.478023480449,18.2463379594401,18.7950590181805,19.3397660114749,17.9043112113861,18.0919354289679,21.8399427193572,17.4530854855663,16.8426498791984,19.6961232405458,19.0398576815948,18.2829325160113,15.9681589463583,17.8886126278993,18.6968234690806,18.6198811735051,18.3175288180694,18.4298231394636,19.3876805022422,19.0112114198999,19.0866462297372,19.4525855545176,19.7747410971089,19.3241298613676,21.5071740646696,21.6847843429697,18.7777969269183,18.6007784097508,17.6554503450254,18.9482878521889,18.6932971057313,18.8642351151923,17.3435868527511,20.0172668312922,19.3219617915365
"5x10e4_7d_4",1,20.2422505311133,18.3844710539535,20.1773020533324,21.8938945321714,19.7131337249943,19.1353420158394,17.1610119150841,16.9960010207531,18.9384451562906,25.8226392224342,22.5333719088498,21.5607873027902,21.5979099252915,24.1304468321207,18.9358782309072,26.4860749751446,24.8025881344701,19.6639241101777,22.6107519115387,18.8778748981003,22.7245495058657,22.0790847914085,21.7725926289401,22.5397518029174,19.1693407969639,21.3309170378996,17.9460164387836,19.8941277953311,13.2891481826719,17.676341496034,24.7237966051208,24.7766401481159,26.5298621224429,18.3223163954324,22.6552576444936,20.8963681244515,26.9988829045736,22.1211459615847,25.3925525013717,20.0226749085492,22.1349160789704,22.6420346547389,25.7007218080848,18.3110131301733,23.9498459009206,23.6332662290127,19.4294185343896,23.1020269891742,24.1359534278997,25.0612441904427,24.3326079574974,24.0048699838023,21.2247822559767,20.0363966569553,25.0012572419203,17.2827380061056,20.1847123410054,18.1459293553319,18.7662372146154,21.8206460110399,20.0914324735466,20.0535305783526,21.7546507867685,20.2329790680116,23.592819958971,21.9294318958332,19.0469093892293,19.5532195417332,17.0127269495738,16.7780128107101,18.8189344328351,23.6576680105728,24.1881962665172,25.6921995435788,23.9197649894284,19.0685130526154,19.8505551113804,15.3400279350238,24.3192266864522,21.3963132530989,21.3714995990463,22.686105078201,19.0224333998541,23.5006713969651,22.901716389938,21.5476033331292,20.1200434045299,19.4061440748995,18.8710503281772,25.2307880517108,18.9216401693845,20.8220138178085,22.3401913119753,18.9564223129385,22.0911081018319,25.1661264393311,21.8304829571703,21.4821572637493,18.3040950967902,20.0714673635635,18.3060635075073,23.5445696709163,14.479238320762,19.4610843479633,19.8577235075156,17.3632789154413,20.8097546469425,25.1786853025945,16.3518675730999,18.5086491374106,20.127532564011,21.730068469888,22.6115804523595,21.2989294459601,20.7216223753504,18.0783360749941,20.0624629726513,19.8214294978962,22.0050134142682,19.6946564914888,20.561727438651,17.9355881440433,18.5683724257758,12.7299069929728,20.2936007000608,20.0077198898656,19.4707170286662,17.0204316358838,17.8911252739237,19.0344848303613,19.1140346040656,19.2730908843284,17.8505418745629,17.8237920876682,25.8140099594793,18.424553891052,17.0781504882928,19.9262480677105,20.1974726524962,18.9397663926634,16.8924243577213,18.2503596531541,18.769261948435,20.8606568333865,20.5539429105076,20.2830751877097,20.5539429105076,19.7992878684331,19.7066402030846,19.7552243998268,20.6785346431132,19.3350304014895,21.9438123445915,21.999193682173,19.5732929155376,18.9650729730036,18.8361604268655,17.5728733626485,19.2915615803093,19.2892355772599,18.201812561257,20.6253584011915,18.8685635033078
"5x10e5_2d_1",1,17.8048794296799,18.1292501312231,18.850549695811,20.8236747310107,18.2582030077266,16.3426925421797,17.8663602650858,17.5621767733603,18.5853360249449,25.5752063026942,22.225792043713,20.4251685185633,20.3741707238173,23.1645183227796,18.0184974612639,24.5954077202072,23.8314950624767,18.6280975127259,18.4534752353023,18.9984785346057,21.1016255412653,21.9489662290805,19.5997976419201,21.8398422543242,19.2194413880699,19.5766277132687,17.7616076970166,18.7845260410898,13.3018621615638,17.2337955220913,24.4924787054703,24.7480501813422,25.8050443880619,17.4694745344328,22.0461216370077,19.1301308312101,26.3004862051347,21.7275455853681,23.4647014700795,18.6359932163975,18.2743350817318,24.6373415235133,24.7416549552986,18.4946737705565,22.6998425307384,20.1451252973517,19.2182757687286,21.6534029641667,22.4850303255468,22.844857460176,22.4051093987257,22.8914183279586,20.3384332777421,18.4690527195972,24.2351382035886,17.7657848017666,18.5473422063048,18.9089725884044,18.7049085255149,21.2869141167853,19.9292975034129,18.4611971387118,21.1420867754626,12.5108077912024,22.8314246300372,21.0937641245837,18.4382975410697,18.9789614414955,16.8049245252464,18.0220237414686,17.8321377445654,22.2840773152973,23.0524789995573,24.0360284161823,19.9830779300071,16.741900055078,18.8147081685018,16.6434216972442,23.5477472738047,20.9831918273759,20.9944200827332,19.5832208877182,18.3256202332006,22.9174149658325,19.0794800330644,20.9007631439195,19.8561108899457,19.6250755989627,18.1974441884629,24.2722539964513,18.9977231413004,20.129549424738,22.2521133551551,15.444090195351,21.2951280828182,24.0540398053188,21.6963521237287,19.893573595357,17.878111196528,20.2516873563589,16.799047669861,23.2922648486203,15.5429975377133,16.3558981761241,18.6465844221772,17.805488383048,19.9204624639791,24.6227739330418,16.3459074081643,22.1108662188862,20.457212519648,21.4229954105215,20.8789840104612,22.1484871164733,19.4828018270272,17.2649232450518,19.7533864369497,18.4694593874628,19.6152404776149,20.0370574258616,20.0081760932825,17.3638730847481,16.3081827567527,14.3070833350605,19.3371383133204,19.4772660691276,19.4701785935369,16.4547197035412,15.8691175320938,17.618395395708,18.1692302921679,17.5721586206511,17.3360417936415,17.9829690143691,21.2728959120161,17.0129729830462,16.6861446520113,18.5888771205696,18.2331299682105,17.9577751493314,16.7256977627281,17.7041890873083,17.208448824749,19.8206362914432,18.14852536985,17.8207215763245,19.007098672744,17.5562302963818,19.135559304544,19.2811193813775,19.7620563292229,17.6968452274985,20.7093911110572,21.1941332936388,16.6641301142742,17.7744629495148,16.7001755240076,16.3949561572386,17.814312516002,16.3599033133472,16.7492554510937,19.2018777103673,19.1592088450239
"5x10e5_2d_2",1,17.9830189102912,18.0558760541182,18.1957970906841,20.4244574569603,18.0743045416439,13.5283002160009,16.4297415993692,17.5551813434842,18.3223414162523,25.3405342025081,22.0907635273267,20.2393201029433,19.6859043215646,22.7748639198701,17.9198175214523,24.9770721365217,23.4417771355066,18.2207036942527,17.8239862643258,18.8326569727378,20.9695847122843,21.6408125278388,19.3930141513627,21.6241455028013,18.8551559685774,18.9500996914653,17.4322072800871,18.7497096588304,20.8094368006709,16.9058395474402,24.2986393245481,24.2066569827713,25.8168721085437,17.0590156308581,22.4216914861705,18.4280429431396,26.0625846303655,21.5745579876904,22.7739612265917,17.9140767084102,17.128534618896,24.5565937939038,24.6213004810145,18.0112109345392,22.3627502322436,19.3485161119957,19.0185881718253,21.4367756603809,22.6624516542604,22.5731792346648,22.4280476571312,22.7361551439116,20.4232728360021,17.7538197497857,24.2037223420145,17.9521193989836,18.4553169194106,18.6919144995678,18.0998396167052,20.6184785440566,19.5152755273904,18.4402645059485,17.4646978547794,18.619597811306,22.4997142272036,21.2980448008439,18.2465836042362,19.0252244908368,16.6878444988157,17.6556510698291,17.8068560542808,22.1630649597417,22.7496179402563,23.708058732778,17.5772531166078,16.5288161292929,17.4003011588702,19.1387658844468,23.2999784988574,20.2141782711203,21.0629930120414,18.9827863189653,18.387180521205,22.8976085792659,18.2857825859101,20.4637037247135,19.3568265437217,17.3495932845991,18.1906362745445,24.2465711739503,18.7246071568274,19.7296331821655,22.1691676035209,15.4745859176147,20.0585378260484,23.0959745042276,21.4445059921997,20.254461350745,15.2779699640046,19.4556008352445,16.573516669829,23.0562310568199,14.0309816187974,16.6221496380959,18.2636033178832,17.9695709641608,17.2643203697586,24.6088304007266,15.8607047188187,18.4669045313492,20.0907485987935,20.875915281564,20.2443519542209,22.2912982052548,19.2672672745744,17.3760127368943,19.4715026171602,18.342900867845,18.7816892902415,19.7254673134271,21.9905278763274,16.5619582510554,15.9877898787979,13.7991135907729,19.2693485461215,19.3450780548316,19.2265891332012,17.5238646037002,16.0933887346625,18.4504096837454,17.9374728581961,18.3782968077456,16.9646549783795,18.2898728270685,21.7325934113538,18.2491497147489,17.4425887678976,18.6862394036481,17.7006455131457,16.3314424690482,16.9442617752567,17.4718511565528,18.0945522101484,18.8760791890613,17.4882936276795,17.1009818547157,18.3128031041724,15.3162829447868,18.9223791228572,19.0250145519044,18.1660462956533,17.5084559762469,19.8472548589154,20.4176599079486,16.0240335148135,16.733846185312,15.5884439084554,15.5675424799765,17.8188102389272,15.9694220226742,17.7168185552717,16.6115088227652,18.8777120071305
"5x10e5_2d_3",1,20.3802676812961,18.7327757687549,19.9302032116075,20.7741802429431,17.3457604462469,16.0399964259278,17.3786180349503,18.3763848915583,17.8693254769377,25.1024147619408,21.5327832882491,19.1659549874504,18.5151768701082,22.3742770415351,18.0863948162946,25.1103523102366,23.1098587550186,18.3191211973178,15.4519762811138,18.0650001595414,19.5795885745234,20.3733247331795,20.5570140136413,22.1767523333768,18.301039878829,18.2459581735261,16.7789356609122,19.4735899410555,14.1639034187056,17.2636926921156,24.2828835299735,23.8004964573802,25.374808502477,16.4771256461289,21.5095507137029,15.6669414132491,25.63663016709,20.4596980807196,18.6343043252748,15.6285796742453,16.9216200614125,24.4947243099309,23.9091128241293,17.9088664999429,18.9295415500431,16.3041806177477,18.7017273745167,19.7455332128539,23.7195553117583,19.9103717721529,21.3867446230478,20.4514466005565,20.5994171565914,17.8898424521709,23.7873910374142,16.3543890603962,18.4757211771078,18.9954955281028,18.050948895557,20.3783880899076,19.3007473599628,18.7891878438431,17.7761209738275,16.1089853466137,22.4265578514429,20.8944880318915,18.0356805575961,18.4560015050695,16.4639959604962,16.8690691145856,17.3808400175459,21.0982891763411,22.4849882197396,23.5466707623141,18.1997710946729,16.1653639300572,14.7989435028715,19.6324088840334,22.0712689227846,19.2176881298692,20.4430979534218,18.0750525999969,17.4206400229007,23.1528577174435,21.3927031553247,21.0645520945323,18.9437606041806,18.109957542081,18.467576724041,23.528107058427,18.6630799854211,19.6723973338249,22.159272440004,14.0377427983565,22.0407240587529,21.1974439042053,21.4735124716109,18.7469017869321,16.4600196559288,18.8549850560365,16.1435013633218,22.873323090229,14.971671116382,16.3239929093972,19.5118362144267,17.6251832649097,17.937694051367,24.2347962505019,15.7293720630502,21.1573335147417,19.8936201353827,20.420079427065,19.3521156916595,22.5073106688646,18.4987851448641,16.8813819514562,19.0865241036295,17.9190390961078,18.0161596640005,19.2163196833837,18.8941420488588,17.0106749172412,14.5012006503079,15.9547203878334,18.6994376759143,18.5568587580565,18.6044241843623,16.6306876247995,15.6324152157643,16.7335738889803,17.8138735373856,17.8352117430163,17.4190750497793,18.0372350331856,21.4167336862725,15.6281455615436,15.9330291621254,18.3558852824208,17.370759826356,17.1581653719837,16.8605703018136,16.9531623752251,18.4820794067999,17.2436058248693,18.3060403726079,18.1553993032878,18.9822764232852,16.8943444656849,15.7830940050915,16.8657265546281,17.6901238315103,17.5593857299329,19.0243764399194,20.1377973212227,16.4240956210171,16.7312557404467,15.7523384640464,16.7006342886724,17.4439041299467,13.2895264100885,17.8664154486278,17.6025526599843,18.6492164129046
"5x10e5_2d_4",1,18.7869779040817,18.2399057417501,19.1572434320718,20.7562209712105,18.6646678902815,16.0508731630684,16.5121201336454,13.1030525342845,18.1902903383346,24.4052387313809,21.5030310853236,20.4516186799953,13.8522884521348,22.6074185916048,17.5170982559906,25.5665764092775,23.2756959658909,17.9648407681992,18.9878010137956,17.6878928015398,19.6339814980868,21.0486860988661,20.0557385506003,21.9525452907893,17.8731289457498,19.4025121622011,18.6771120452179,18.0065906359856,12.927043570961,16.8293433503438,23.4080124203529,24.1125135796614,25.2786174261001,16.5604490321665,21.6662638149566,18.953128208167,25.4083585728209,20.8559675779328,23.2539491456932,18.7690919593625,18.2895108751494,24.3391490482854,24.6816743874591,16.9834950665181,20.6920961317038,19.1985839806498,17.940847019848,19.9980696006649,24.5551801681296,22.0195528860135,21.7913467497309,21.6953134552405,20.6511453881685,17.8488804428629,23.7075355748001,17.2256098019729,18.2952339809918,19.1509874788296,17.6082638287664,20.1370087353438,19.0991266293501,17.9307651198412,16.8786781509111,18.850683212263,22.2005941446531,21.3003031601985,17.7992841451894,18.2296282331093,16.5596007431934,17.1515083024512,17.8682087408299,21.4276198274716,22.3122406140643,24.1071148149966,17.8007578143698,16.2311533573239,18.8392453801475,18.8286631619791,21.9240321872922,19.7932722871991,20.2536461871073,19.5513274582146,17.8326041459124,22.1949231986382,19.0808347844924,20.4863511028496,18.8677318362021,14.1903365041263,18.2931254308595,23.6942939401046,19.0131522888334,20.3080449896455,23.410850432981,15.0535364072038,21.9496457390674,23.9893896482351,21.4016116792994,20.0512648801974,16.5861079947207,20.4891425709336,16.2809887084731,22.1546893334769,15.7599366643041,16.4390058357992,17.825245709481,16.3926980600417,16.9766813550068,24.1275447941697,16.4006429357148,17.268637527914,22.3364488288592,20.0456360671128,17.9353995841555,21.8265043131685,18.8153279538783,16.0747477728872,19.1068703459764,18.2677606664686,16.1407087462019,19.0002427634184,21.2211299085531,16.6271583451632,16.1786339643646,16.2765626236076,18.8312544297074,18.6518721512016,18.3864809325255,16.2789328068805,15.1926574653866,17.5983080333092,17.7218283590632,19.2184178751681,16.9010615984529,18.0918273331206,22.2240211018023,17.6370778971442,17.0053350937181,18.5108115006059,18.018932702311,18.2891248636081,16.2784481885569,16.7312528766831,17.7316402367596,18.187624722994,18.0022593873098,17.6657456244965,18.5437214193531,17.3595165220134,19.0389248257533,18.699509149036,18.3269641760328,17.3595298293241,19.4462474916603,19.8242960007469,18.0288673989086,16.0562622685736,16.3413165521495,15.9519712250568,15.9436877183177,16.5232035126394,17.1092983864667,18.3341485061921,18.9397027095085
"5x10e5_4d_1",1,20.9740351540069,17.6173640762296,18.7845649935535,20.9439010755304,18.0628667229297,16.4299170291787,16.2984957700185,17.4274431159169,17.7275328455584,25.4219334792116,22.2744161955257,20.1262907468077,20.0293014724271,23.13191099728,18.4099301648966,25.5084757578391,23.8237821464497,18.9577703888445,19.5140210708113,18.7141397427731,21.1262091768915,21.2375913722506,20.6771722036472,22.8009133131147,19.0914984809144,20.1213215924846,18.4935393087217,20.1380196288451,13.6016966615315,17.5917103893144,24.0662951539796,23.8640207197788,26.0496472965797,16.9192365069028,22.3876644809245,19.5615192903453,26.1469201518171,21.6462375944047,23.893753864763,16.6759060187068,19.3544264824822,24.5055809551969,24.4886666753439,17.2863366931808,22.7190996742273,20.9290896984317,18.5728257273823,21.8551988443208,23.758007609268,23.3545603810896,22.8213746235556,22.5944444422748,21.1259225988478,18.9477985319494,24.3033627256698,17.3464116606149,18.9709378151691,19.2185112077217,17.6025335116076,21.0183100123098,19.0458699581622,19.1078738580965,19.6953788472455,14.6269042659435,22.9105431622652,20.0994681634747,18.1118337150888,18.8504832788918,16.3772062745472,16.7438544090752,17.6515526726116,22.4933631375174,23.2354327341486,23.9407544786454,18.8898191259513,18.0274914700523,18.7708814735548,18.4626549103895,23.1578661814171,20.0135476918674,20.6856209128933,20.2425301169552,18.3149813452661,23.3067695915582,19.5209849402219,21.3447155861998,18.961166226014,17.2240876522242,18.2620919293931,24.1293996209588,18.9168488730933,20.7606165409219,21.7183815853726,17.5043860886938,20.9327313404968,24.3145531622914,21.9903582078215,19.6006687100201,16.8326960271555,20.0045822569822,17.3332492563305,23.159656487077,15.6647103729955,17.0601357950803,19.4232682808593,17.3852566115742,18.5306488208204,24.8396201991553,15.6829364715937,18.4438246501024,19.6246177863831,21.0875732105809,19.7670651898721,21.8280937943619,17.9621331937958,16.5269023733419,19.6103957530688,15.371502001714,18.8578762335612,18.9988822597241,20.8233160142408,17.4351934809116,15.8612962847833,15.2085192391845,19.0501957193942,18.7216189996733,19.031244454306,17.3760424046395,16.0008786538492,18.7099356646143,18.1253615713603,19.3121111162837,18.1920774397137,17.9545161792659,21.8710644894604,17.926278965369,16.9878304616664,19.1554975928849,18.2502872967636,17.7656377636378,16.9048528769464,17.1670296072532,18.8594246054251,19.6347761481472,18.9779284886121,18.8427796856849,19.6286085552209,18.8898979069191,18.9459240818686,19.1584886353912,18.4419053778948,18.824345143644,20.9662013193086,21.4479598862725,18.6415372889819,17.8765799940428,16.9046762421873,16.7883993723901,18.3523057071529,17.4227088954714,18.598687308838,19.4574337498689,18.661322683128
"5x10e5_4d_2",1,20.7894555586079,18.2080698291192,17.9536065477596,20.9754963860805,17.895387689306,16.4828252094896,16.2408156309131,17.404268324086,18.1476311817128,25.2515236157866,22.1152578439903,20.6252897451558,15.8757396003992,22.8975738278104,18.0352240935491,25.2993954886764,23.5955457369986,18.3136329954871,20.416104849026,18.8146869759248,21.1836762831552,21.1687970828299,20.3780110873161,22.0637291833897,17.6707897401104,20.0387507678665,18.5231637022942,19.0695688770999,13.0770876419968,17.1374816361521,23.8440563671642,24.1779201296393,25.9108656818097,17.1300978544278,21.9298712047835,20.5462154129063,25.9919617229351,21.805708650055,24.6761008384364,19.244876330474,21.1994175318575,24.0416280612891,24.6105161968655,17.3968593965092,22.2866902994589,21.6792950692465,17.9941728047655,21.8464259859373,22.3273709269124,23.3637152094446,22.9080280850212,22.6267223166517,20.1233025635229,18.4536531025868,24.335394266726,17.6102580867934,18.6154702273356,19.2103220081881,17.6650522711736,20.8337000211683,19.3893898373164,18.6876349555748,20.3871530408307,15.9929991031105,22.3613091797945,19.7091994764232,18.0688756011253,18.7394556168049,16.6352482528344,17.5069595792193,17.620386118062,22.3473643635395,22.7776343138236,24.1271539100724,20.6210841064436,16.6781781937836,19.2369779142993,17.7513282429321,23.090990061322,20.6519830610667,20.9912899868158,20.8288079877917,18.4133643964022,22.786980746052,19.301996250212,20.6933615258095,18.7742434063635,17.7316051260879,18.5224199172292,23.6438677986522,19.0377862179998,20.8681260815191,21.259881048192,15.6921551426326,21.510201529502,24.9724403329644,21.7691383087852,20.4880236411012,16.7710523305718,19.9814830764427,17.3074481916336,22.9880669032923,16.4992749720231,18.0505001066292,19.1467194198902,16.657796006234,18.8294306723339,24.7544136686611,16.9148991456917,17.7960833303416,18.8433578651334,20.8673125373883,19.2083852389527,21.4522818581662,17.9523902255318,15.8204998192132,19.3636408487829,16.6731231270701,17.6479367303311,19.0893271146503,19.1202292132184,16.5390341595733,16.8256029908205,15.3804156103006,19.0020169810707,18.6716224258677,19.6180348411504,17.0097579503401,16.5567055695588,17.8675781389119,18.0685755199519,18.6640466946656,17.2443624914332,17.5714742135306,22.1583025629763,17.5215046692179,15.4936829266677,19.1782987911416,18.1090218349753,16.6395654726372,16.6355419292887,17.2438026635223,18.9896058858005,18.5442704143978,18.2896204051534,17.9253549770334,19.1285776841479,14.9877011243942,18.957968276811,19.0826319755737,18.358415683778,18.9288904855343,20.5903299288492,20.9993214044165,19.0088554842836,17.6732829548535,15.9686485799372,16.5006927031769,17.8969166958451,17.4921154265581,16.2802633936667,19.2847989123439,18.9628202276926
"5x10e5_4d_3",1,19.7984261498518,17.5804276978859,19.052901253115,20.8587757059984,17.8470019114739,14.8188355275693,17.6721398819052,17.8462507205586,17.4649730089584,25.0933534503551,21.3244055476335,20.1934763315302,19.9432354426176,22.3122015935372,18.662915776259,25.6414078230169,23.0766402424839,18.9681833186194,14.7351065044705,15.8192612447348,20.0410950259653,20.8422909819517,20.6681433803397,22.965869261842,17.8386087237071,18.8472570798047,17.9427991983439,20.3944268121246,13.9608458715701,18.0003381553468,24.1743469077132,23.5286522550372,25.8186783446208,16.8049760504674,21.4054215928503,19.040198421795,25.8252848048518,21.2199050531505,23.368335699376,17.2198667839212,18.741007315357,24.5931791899666,24.4205700468423,18.1052544098548,21.6362613550743,20.2299012575947,18.3999947814909,21.16885127342,22.8912885740272,22.5440162310297,22.4012322540406,22.0874201429938,20.10290097832,18.5404728968783,24.0783501258721,16.6810177169404,18.8437000097321,18.8940185385032,18.7499409220858,20.6894286209815,19.7635923938741,18.9243922843666,17.1736205214178,15.7992740318688,22.7803473988854,20.4046413607316,18.2138729054356,18.2930426557323,17.2064992237455,16.8240569870018,17.7984163546548,22.1534315667006,22.6950763060744,23.6786123081731,19.1336904462997,16.7610097946065,17.7554096260991,18.2219572211095,22.6345085243068,19.6221708956736,20.6694249370802,14.8546953959429,17.5240891093289,23.8435437251523,20.0177545076759,21.1442333461488,18.6636083600786,18.613142322293,18.4284255355013,23.6071132105187,19.0186955427869,20.5266858078084,22.1623005204113,15.2881451569125,20.6318994901804,24.2999321740063,21.4976078556797,19.6521154047243,16.4924820455904,19.0697544538906,16.7586724810454,22.8200024231288,16.0178719144351,17.94924470875,17.9914967046337,16.1326011366755,18.2658165484569,15.1356811089852,16.5985963890082,22.1768737359899,19.4934514927827,20.6495539289432,19.0010805701959,22.3020745905475,18.9179186080985,15.8253020129754,19.0467979089251,18.8108229656578,17.1539672425228,19.0408499573111,18.5619260139455,18.554374754751,13.4774491001974,12.446826740313,18.836976850508,18.5207343514344,17.65585978173,18.0375268165065,15.8202905630658,17.0897515636195,18.0197877705384,18.8911730143792,18.5483530821932,17.689758320644,22.1750277143573,17.1152570960772,16.4343264296951,18.8819430589432,18.1315044799319,16.5525146483899,16.832013127205,17.1343629050986,18.8358826525193,18.9665787850481,19.2804881766135,19.4033714026283,19.9148134008688,11.1469690086864,16.5394885160302,18.9368368743082,16.7635474021555,16.7872013109204,19.8194000099493,20.5505254264172,18.4449899534184,17.2597496956531,15.4976312253637,18.6182186482485,17.7098059548658,16.2743693635785,16.9587693160134,19.3406109802048,19.4816958809281
"5x10e5_4d_4",1,18.9303614282405,17.9327325365609,18.4917480746032,21.6828186602714,16.5174642873081,17.0229426359278,18.6483513240282,17.5917017132983,18.3079750254112,25.7575861633012,21.7766932807083,21.2888485815961,16.6570392236212,23.4866146302603,19.4752583639775,26.4524163544132,24.1839879228516,19.861169614258,20.5010523120581,18.1217345823059,21.4813371771197,21.663287440656,21.9025295436825,23.5366272737061,18.6854463254443,20.3303393014925,17.4730835019984,21.0387561282836,14.4117775845032,18.5905052952126,24.6882434471925,24.347853211805,26.1541705792746,17.5538662429025,22.4159819581912,20.3457216202338,26.0781888910528,21.9036946974466,24.5923495980914,18.0126331164306,19.4709100358776,24.9354961397564,24.8003500547959,18.535035614527,22.8137689452809,22.2219931572146,19.0941103949832,22.2229160115253,24.6637220087085,23.8766860913568,23.4466150753079,23.294134396164,22.3385660978285,19.3891159423842,24.5934215701463,17.3383306999234,19.7324287755664,18.9896833296479,18.8939501704725,21.0638407600317,19.5208655942299,19.5883552276159,20.1782817130987,20.8006325263452,23.1946787698283,20.9582781196465,19.0812893649511,18.7591802346491,16.5476809433765,16.8308251452908,17.9485502363205,23.1066950284718,23.6347178197416,24.7884134006246,19.4872640021989,17.6171119018313,20.1061209812018,18.4592731780721,24.1935692943865,20.5934226431224,20.8624208891973,20.7359043470249,18.899217985699,23.9937584422873,20.392108916567,21.5660604686034,19.7833894822627,17.2400445779181,18.4703372037344,24.2429015993861,18.8536503803263,20.9058683896976,22.5086570041669,18.1427066124416,21.4372131173848,24.4443117365593,22.0052375255887,19.7108250963776,12.3802532601844,19.9665513784175,17.5255094579236,23.5255721182452,15.4308779782797,17.3443981542573,19.3710616765952,17.9666850446154,21.574476305712,24.923222281885,16.964508863303,23.0754391779025,20.5496300446743,21.4159680915746,21.1997943839319,22.1284040932131,19.983024730454,22.7638779358242,19.5954451384475,20.7710499799253,20.2803043314855,19.8495400790757,16.5599124947057,18.6928136240636,17.1722701381484,16.9081283122275,19.0789981997325,18.8123435990913,18.6181737147591,17.770759496197,16.4163790003398,17.5885870977237,18.5878935033049,20.2464105115449,18.9860236347203,19.4009922800811,22.1311496419581,18.0547126472392,16.3588228358515,19.6502154304207,19.6932414919683,18.3066228214189,16.7995344243287,17.7063214712453,19.283093591362,19.0877028261427,20.263859190177,20.1403342637273,20.9167047902459,19.5099491941451,19.0969389888476,19.1727419328627,19.3183881006111,19.2218331470793,21.2873656058349,21.5209120606679,19.1870644442158,18.3711137226555,17.3984594603617,17.5894348876189,18.6120522955011,17.7313326286265,19.4241409920115,19.6638743723574,18.9690746972314
"5x10e5_7d_1",1,22.1292094608665,18.4506430096085,18.5540980556995,22.2434060823349,18.5524825257271,18.996501620362,16.8731299613596,17.4994624853624,18.9412740909885,25.9454408270766,22.6781472572082,22.142390423463,20.3705116182088,23.9612982206517,19.3230728469815,25.790442485114,24.6891951069956,20.4837786255995,22.6532187268276,19.683944053885,22.168581030962,22.6171460299242,21.0258698200806,22.9671129723368,19.5680697883086,21.1238149697383,18.4985560419037,20.4181676427178,21.1829129641345,18.2357122539948,24.3496872730804,24.6762694770174,26.3576180522103,17.6505054254355,23.5415984759609,20.5365182637536,26.9558867168241,22.9021985938279,25.3094873660652,20.4870700618525,21.9588571909795,20.524039269738,25.6071848043657,18.6632865624572,23.8855051663868,23.3602299756743,19.7077954790521,23.2941742556957,25.4642767734742,25.0098985815239,24.5083685666976,24.0129730276843,22.2676408294806,20.2539536750722,24.742107770439,17.3190506503008,20.3011541173921,18.7465335483671,19.0352841486439,22.1672355978402,20.1842815999705,19.9576599947801,21.5561181573626,14.8821431573552,23.5355233305628,21.9312234317213,19.5592490432546,19.2156032079909,17.0505451087028,16.3931109934229,18.6380749650754,23.6256173979134,24.3223888905022,25.2160703412295,23.6462442747137,18.4702621703745,19.2721300057886,15.2501607207428,24.7260820260855,21.3845347115899,20.9651835295047,22.8333461875857,19.2736136986289,23.7322096545391,22.228947630429,21.7943182905492,20.0865291581574,19.5688268700233,18.946261202027,25.2544364292915,19.1683271620539,21.1848729078183,22.5430471518787,18.5428201048203,20.4875383433513,24.4794768263256,22.0784138287694,20.3210647750933,20.4046271002611,20.6424575006587,18.7048667189947,23.7379123177227,16.8497233730957,17.3762039383443,18.403331031637,17.9939851935649,20.0834064173246,25.0122112132778,17.1030449156762,18.8286298868176,21.1405192038173,21.9877759935628,22.7045738629073,22.181639335348,20.6828442031832,20.6160666140699,20.510940951973,19.8384890066623,21.951117770386,19.4511797209994,19.9258131594597,17.7403283138464,18.6716517296158,17.1599012681383,20.1363302644279,19.5652423728103,20.7250172802454,17.6868749700355,16.731249522699,19.5001452294039,19.2978754873313,20.007227563257,18.7603415735115,18.1114575812867,21.8816038650639,18.3341309220702,17.924634720053,20.0801202179755,19.0742267492158,18.8092166868439,16.7515352565383,18.1570728363555,19.2229688396088,20.4985811161624,20.4626649380049,20.0104856864729,20.4626649380049,19.5200197463364,19.9237338883754,19.0986493908064,20.4216395293904,19.1774819220895,22.2931425130954,22.6370130304013,19.6620575394905,19.170988191491,18.4704751184391,17.0992603574017,19.4759906502247,19.1933181385762,19.5033080033428,20.5434444844346,19.3182824579548
"5x10e5_7d_2",1,20.0455689071612,17.8312824831412,19.2240379226758,22.1232794181101,18.8303636322922,18.5634682597861,19.9716617908222,17.1326546209623,19.0595671429195,26.0685891025557,22.4741638618774,22.2397790276596,21.3479223770848,24.0511665195703,19.2435206665081,26.6727571115113,24.7062456946662,20.0646818303724,23.0239026933459,18.9019450240271,23.17463088419,21.953668607246,21.7597026653148,23.1411280484471,19.066219121213,21.4506129981852,18.3744718463675,20.8342854180701,20.5063022132108,18.40225473755,24.2273511254041,25.2868144778363,26.1227599306945,17.8987273406008,23.2882567023282,21.1835838011779,27.0506085938356,22.6125121827402,25.3774111148161,20.4681763765599,22.1183526636632,23.0916101872663,25.2677880578734,18.4667417279726,24.5977917648316,24.1369102317877,19.5333484435095,23.7728043323477,24.4713809441295,25.0341858088887,24.6902223376675,24.61016926913,22.1216516114249,20.5737039767929,24.9106756701154,17.4190538227079,20.2572633997475,19.1986899464784,19.0372406255635,21.4305372712305,19.599709980006,20.0644786144729,22.4719103934956,16.1284374400676,23.5015097200196,21.3458399396038,19.4754570566783,19.4778876047789,16.8481213966281,17.8227931002512,19.8391611608471,23.8922597506778,24.1896801597453,26.0165733957464,23.7472478619528,18.9866867885623,18.4633685858596,16.4908527195617,24.5262947429578,21.4117095884676,21.2590211957066,23.1282645959473,18.569068503348,23.6655210592052,21.0904695901897,21.784392845116,20.4611888538101,17.8932394415065,17.9470956557914,25.0654568628875,18.7098952096186,21.2000373142856,22.2015030656294,17.3492713063882,19.8286909191417,23.8553613089221,21.7476448676415,21.9548375288425,19.1226299129569,18.5091849120405,20.496395987115,23.8678504085876,16.9052252901332,16.7885066512345,19.5003619807147,15.6605252144619,21.4091681204062,24.9547789079034,17.2328123821359,24.2024735775333,20.4633546604251,22.2259278200956,21.9439009931573,22.6195512476007,20.1850569260704,17.9140610971804,19.9374684135271,21.6672152769589,22.0910072385293,19.4689117147703,20.0255201258919,17.8897740175457,18.6627143225348,16.9573228609627,20.4360874885124,19.8277230272032,20.0562724335846,15.5704119213785,15.9589140652387,19.2048305828938,19.0095821868106,20.3001779982574,19.0076458435803,19.3819591727625,26.1178528679275,19.338052927615,17.0577132544548,20.3208132064779,19.999612857776,18.5475172782975,16.2556393398545,18.0052386712937,16.6169158204139,20.6254613710848,21.6192259819244,20.8895143279667,21.183136981081,17.5914250670288,20.0059229719552,19.2323489184942,20.9403630189203,19.3847596655153,22.4254046434385,22.5645426081462,20.2888424664825,19.4361222171704,18.6553767125224,15.5198988544252,20.0249945325052,18.9524509512336,19.6909941815646,21.7273392009987,18.6250391930147
"5x10e5_7d_3",1,20.1816957861293,18.2323565156494,19.314484106658,21.755978724464,17.9957140696388,18.4093818704044,17.6522566432604,16.4263372520264,18.7361401189395,25.9092221846558,22.8726331740109,22.2229419227407,21.3975264755008,24.0086834978393,19.2933397890064,26.7443731154289,24.689606209983,19.88647551,22.7313564650221,18.7640232767061,22.564823521726,21.6405732517291,22.4582387961496,23.2363111462627,19.3127296825765,20.9945974926213,18.3154496438099,20.3169211237107,15.0936651452668,18.0212227781617,24.3556628231464,24.9449577147388,26.2793155802776,18.0584858735491,22.8137716958245,20.5243082036169,26.9432758549258,22.0670911853354,24.8204118611701,18.2563860406693,21.2591804442844,24.5394994633812,25.3189004082233,18.4164305210675,23.8866038696197,23.8545556722642,19.2752831308425,23.5768762812349,24.1533376524252,24.9909057450757,24.5060109822299,24.0401709313558,22.0941388055026,20.5218999679006,24.4642067914394,17.5195858837333,20.2127210701387,20.0179943974928,19.2875393177423,21.0529555328842,19.667445767289,20.3443235145243,21.8555563119081,17.1703356759581,23.3986767258028,21.5549248770051,19.5740109032043,19.1270342570544,16.9383047199438,17.2047562268463,19.1695716970035,23.8690835706697,24.1569313225735,25.7171611548985,23.1718000864409,19.1295692374337,17.5861876145407,15.8555603847375,24.2191677381916,21.256739318792,21.4062528245818,22.8173997273394,18.6512672663893,23.5974133336848,22.5555656186588,22.0251541615762,20.1193798008095,19.6754352743609,18.6313748131964,24.9572442285604,18.9562483619117,20.6413924752538,22.0699818010307,18.7312422246879,20.0787693198654,24.5075472598082,21.70045060462,21.6894242460903,12.9434476600344,20.027730309291,20.8046530933438,23.7844476858808,14.061408393805,19.6161398753804,18.8098014025567,17.3047887020096,20.402472387907,25.0808075180165,17.20394461861,19.8096054037913,23.0855397207663,21.7502338421099,22.5391367189003,21.8398360209323,20.0707585684481,19.941764770189,19.7915925377917,19.6418392695748,22.1439829012158,19.6486733577006,20.0588327099335,17.4649376761894,18.9293194451691,12.5548213480078,20.1808341134018,20.0590021856157,19.4482095280173,15.9838831244246,15.1785343235483,18.5171221232399,19.0417789430102,19.3915521256378,18.7067166573249,19.793773792901,26.1877517898441,19.0356187424986,17.4776129565955,20.2076754077404,20.4191152672655,18.4825824255136,15.6779925612624,18.169256928223,16.8419223505001,19.9541845578499,20.779176602971,20.7944465831309,20.779176602971,19.109968773096,20.1410663418185,19.2857185131165,20.2732011386725,19.0531451639348,21.67100603064,21.8277441653437,19.9390599988788,18.9919928422576,18.3100001429411,19.6257815651103,19.1547926725666,18.5579411668073,19.6824870986998,20.0755486194745,18.7790258514526
"5x10e5_7d_4",1,19.4152459695243,17.8729943294114,18.8759876009014,22.0483360464189,18.6650150475562,19.0141364661286,19.5562199986358,17.05418866676,18.8205102651417,25.7227280324086,22.7893373410339,22.3987693922288,21.1260963351768,24.1976089599101,19.2250732207447,26.3767979341357,24.8650222611059,19.9328600327191,22.6811289769326,19.3617914231732,22.6714573250776,22.3396297539443,21.411214330674,22.8485023980936,19.83252972401,21.4618662185355,18.1536198379708,20.0962258959896,20.8572388899984,18.0920625069871,24.3227543597457,24.6881081523959,26.3825286328564,18.1237920406173,23.0427506726627,19.8793374525588,26.9941653760157,22.898878461354,25.6465996795731,20.4000701869204,22.457308892729,23.9558654999922,25.5962673013768,18.523955542146,23.8930129033481,23.655138775755,19.626341990255,23.1867077144184,25.4805892942231,25.0652310136942,24.3764761643095,23.9660499237318,22.7068469834339,20.3004455375007,24.6124462475463,18.2984086830276,20.372761857749,19.4110878394779,18.9970297348321,21.4391395509998,19.8310684421203,20.2032501014537,22.0509904660009,14.5750748112475,23.4436139116574,22.2001212985536,19.4108662412783,19.3203170618376,16.9193042638492,18.3313699948993,18.9521160722538,23.6462532923971,24.2718675364555,25.3641892093247,24.0328847928267,18.5481145364049,19.0230008328631,15.8655007123225,24.1302646453563,21.3689700892126,21.2217600187986,22.744731741497,18.476166920612,23.749826409684,19.1588470203453,21.5526673009688,20.0523122515156,19.3949715381763,18.7373128487847,25.1236105437207,19.0100623881186,21.1347518597546,21.9913971006052,18.8488012854441,24.5325889815093,24.8155517353203,21.834262940414,21.0210499821394,19.5049051885473,20.4922685618396,19.2761588288577,23.5201058330821,16.3575760308528,17.1724110614818,18.7451463198465,15.7535823917626,21.0566796803953,25.1695627107888,17.2056375188119,18.4726770116846,20.3316635094176,21.7663819211586,22.3639322728387,21.1591104970634,20.1315964688257,20.9102280850914,21.0466180391515,19.8316321621632,21.5735238126545,19.3888465602265,22.5966395015915,17.9730488780839,18.3212203126183,16.5244973168373,19.8483251884887,19.6039487066592,19.5802616838071,16.4142713690549,16.3016984253649,19.7195630754056,19.1769468074991,19.5184654746608,18.2960462284483,19.0019445748293,22.3104626816912,18.6994630820564,16.8197503965481,20.3516182495586,19.9827735453325,18.5966022220942,16.1269542693256,18.1601791594439,18.6202501976631,20.4932327150364,21.1783196497386,20.5890174112534,20.8335774076314,19.4087406007346,19.83862435438,19.3822899704935,20.716123287434,20.1758585992972,22.1055924583995,22.4492888246962,19.9428124043339,19.1433095383902,18.8862626517725,17.325527913312,19.6149038401031,18.7623487656497,20.0922269835749,20.4194284128581,18.9519709383885
"5x10e6_2d_1",1,20.4270969312671,19.0482068995444,20.360935407808,21.6400684114973,18.558933168986,17.0636172217563,17.7235693858291,17.7768526098198,18.071275286294,25.6574994037615,22.0703554433488,21.5314358403555,20.6652169400434,23.0528667052392,18.730991256662,25.4538144017728,23.7772001716133,19.5283914697271,19.7730715341455,18.5586630244302,21.0387586186912,21.383278981495,21.2367422447305,22.4422745479394,18.563257847037,19.4822831489042,16.441957293909,20.0652839316761,14.0808371542387,18.1245856545196,24.6993499423441,24.1631282674379,25.9783503136076,16.6761435205087,21.9679870744122,18.7107904275727,26.3276621050585,21.2482493817972,23.2987139932368,19.0743437873983,18.8914712339376,24.8841252813436,24.6458194448015,18.515775232629,22.2940650687875,21.7271342440426,18.7223466396736,21.2778405939739,23.7760832886358,23.1745690251471,22.9632565159992,22.7791123324784,21.0364450959922,18.8060374631309,24.3966020297791,17.6629532660865,19.3062050510799,18.6687645171826,19.0089656780759,20.8540076731917,19.8605745415482,19.4790226207264,19.8037519414326,20.410418781764,23.2015682678638,21.6719857447668,18.6669604207277,18.9965012297436,16.7994501542106,18.1134283775104,18.0749063022506,22.5592732564379,23.236519695325,24.3353417551101,19.0272643224386,17.0742084807556,18.6864700818509,18.2238171259234,23.3674572836579,20.157010247357,21.352576924192,20.3832920543961,18.6683735297573,23.770922117212,22.3161595961062,21.1417961281676,20.0924470179766,18.9023806176834,17.8711085871903,24.4938088443615,19.1280036550233,20.8307993057505,23.7425310605819,16.204439593423,20.499400757711,24.7926182902155,21.904605789576,20.7445576195327,16.874707385147,18.4383342717121,18.1374797397581,23.3662724492636,13.8880578911679,16.650501130795,19.6901237405185,17.6575827500301,20.5098355476308,24.7920452058907,15.3744993164872,22.6554374617805,23.2399267684697,21.2749295838754,20.4764666463465,22.3119920878608,19.0837156211641,16.8816681583166,19.4236208511676,20.9887425835209,19.5795894793975,19.6246700040628,16.2757905330554,17.8956737925949,16.4494442227603,16.2804960665196,19.3449423350426,19.0609208528463,18.9642574959532,17.9113398434304,16.5046650530981,17.463372540955,18.4549627022719,19.3141439042893,18.1892097253931,18.3903060098967,22.0204880354631,17.2010982781186,15.8435196558953,19.4476681984582,18.5745007706913,18.1470161348372,16.9974174649757,17.7708772252632,19.0631256750131,18.6676579738687,19.1720814514557,19.0319790955314,19.7978043200615,17.7527497317627,18.5806174811487,19.4384498366386,18.6789334818365,18.0190482759245,20.4943940440612,21.2364474860515,18.4898140397753,18.1592504175178,16.5738363899764,16.3005253208082,18.2483048223571,16.5804685633951,18.509867170735,19.4779008436634,19.1543889772143
"5x10e6_2d_2",1,19.1005304435128,18.2199845525285,18.8771478234753,21.3138793799157,17.7922781913178,16.6332458064671,19.448880057165,16.7608254611465,18.1666388500894,25.4883750579038,21.97027414482,21.2802681848929,19.931150766273,23.0524887666597,18.4487475455609,25.5797053344672,23.7125108579823,18.787205897579,20.4405388970599,18.2142309812641,21.1803746114594,21.4982118055241,21.0047338545732,22.3257429733943,18.7321568748863,19.804332425969,17.0030606777252,19.9518561587367,13.7500160495118,17.5602711230725,24.2657813262119,24.483114110725,25.8116023876648,16.653594759023,21.92342091092,19.7786178160256,26.1632603135658,21.1591378607343,24.2793100565007,18.163815402095,20.4671855833615,24.3850573902308,24.6914967651506,18.0158348456766,22.349006068612,21.5598635433181,18.3794716254877,21.6645420874638,23.2691018091868,23.1152615018609,22.8609441507818,22.7416330822979,20.8776455723652,18.1674020891542,24.0336510468361,18.6411270948585,18.6278524703628,19.3712292522135,19.5967798786521,20.5412561679101,19.7630373105749,19.0836202073061,19.4478844194282,19.832862812432,22.407562572783,21.2226903311786,18.3101362872181,18.6745815672309,16.6376476465755,22.1575819791679,18.120571309832,22.4130173171557,22.9945512308218,24.3268039197427,18.7565518775154,16.2899669180529,20.5323915618815,17.3647172035981,23.1176053462039,20.2803880562372,20.9382976071732,20.7654349943079,18.3936893419374,23.4241846783807,21.0738939418159,20.6326172332529,19.7633763149291,18.1693430114793,18.295771270371,23.9640867176811,18.6953641723566,20.8226538652161,21.9453716739072,15.7554412636865,20.8696465988076,25.1128679923408,21.9599422942594,20.8609169388267,16.8216509518616,18.6158856147434,18.5003445055799,23.189841021053,16.3308329199015,18.2586963562034,18.0079531553586,16.1710442471744,18.4897774877723,24.6760873993663,16.9080885763096,18.0921775439715,19.092401693242,20.9840231338905,19.5971045080599,22.1789480770293,19.6906190794793,16.455795438486,19.1741732780098,19.0676587905475,18.1808643804253,19.8285063001654,21.5145548991558,17.5934284456509,15.1552445579863,16.8038900915139,19.1899766952447,18.9683487107071,19.4132920630078,16.3932725205346,15.9279178561868,18.277349246554,17.9449723487177,18.9877058403418,17.8914789116797,17.8649764712267,22.2219438789271,17.6670576229507,16.0668986508207,19.4401374352851,18.3737417478566,17.6659453970276,16.7982845087556,17.2172325965582,18.9319217745486,19.3380066728449,18.8938728112742,18.7443441761135,19.4916626469286,17.7810546410251,18.9341020972063,19.154891333124,18.9554393727179,18.3594668152234,20.9768463858246,21.2388258931734,18.7475887507603,17.8567045200493,16.5064097852349,17.3174395396962,18.3013276268315,16.7113300678488,18.4995379374251,19.2342451741052,18.5298554758036
"5x10e6_2d_3",1,21.5353873185193,18.7012874386741,20.8799802855329,21.3913114349281,18.2186967747001,16.9404600709415,16.2835466684727,17.4973887678799,17.9787865858577,25.5130621415769,22.5456667246638,21.65964898768,20.2696657491711,23.1998933993844,18.8746932291458,25.8394155728738,23.9313770871147,19.2399637673342,20.3211310471716,18.0471681731536,21.5822379632319,21.6143420687391,21.2824440421854,22.7694794725715,18.526721105452,20.043448773293,16.8149434852604,20.6304738793562,14.0105649283804,18.19219321111,24.6326672557724,24.28311131472,25.8877550082711,16.6773837791057,21.8184326632839,19.0626038589066,25.8148994922642,21.4645077022683,23.392657535269,16.4541248614248,19.3041150554191,24.496654351465,24.5501682868155,18.3573978380891,22.602881599197,21.5611104602015,18.3075424645406,21.5641882704375,24.4116127123639,23.3654024736622,22.9035862901486,22.9676201349767,21.494804172262,18.6805238116773,24.3511145742499,17.5124285408676,19.2166035057426,19.3785039919643,18.5985138838615,20.701312387116,19.7438902583393,19.2834563163342,19.6695864288451,12.2355221451643,22.9789199555045,21.9450253739791,18.3645612053111,18.7180851486176,16.6063753599203,17.2497966040078,18.1913667678853,22.4514375324353,23.2821836677419,24.4270510941842,19.4936952229848,16.9529916642932,20.0370812524759,18.7799343679462,23.3206720068098,19.845855521779,20.642871081237,20.6387994445072,17.8478258938281,23.7733322532264,21.4410068730923,21.2971132504826,19.8840045361258,18.3466665506503,18.2350590501723,24.184520521226,18.9153876879031,20.3862614711353,22.3610421996815,18.1251876881272,24.3490125145327,24.8112805457631,21.9478068229936,20.5575255168142,16.7092619559093,18.9393323560916,17.0961228365916,23.2059778866744,15.7043290235779,16.5293374271471,19.346671555172,16.4283306400926,20.7102103947438,24.6893731467808,16.3805810710494,22.595353983082,20.1219531840908,21.309847673206,20.5468036870702,22.616188284295,19.5918003378292,16.8063017099471,19.7727708054958,16.2550665766517,19.2915913300611,19.6740057684805,19.2451011973465,18.1992811600107,16.5694019444066,16.3632182803497,19.1012809417322,18.6956046529569,18.8644774367692,17.0600881568065,16.0350659180494,18.282157336714,18.1424971088147,19.1109352288604,18.6908012864954,18.7592423154866,22.1062493726467,17.541117527101,15.3672123668416,19.4149806598923,18.8942405320791,18.0640013605834,16.917215557958,17.3625053061437,18.3794345969585,19.0373132935765,19.6643446076899,19.5701626407555,20.3096517322105,18.1470717168237,18.7710870278659,19.1453699583322,19.208234538072,18.3083443006605,21.1204117972192,21.5752648448815,18.4466350814216,17.7380575447508,17.2391174660743,16.2484103364457,18.4927789914863,17.1502561808069,18.7133859803288,19.2715515498684,18.6922316036095
"5x10e6_2d_4",1,22.5875426169809,19.1834507176635,21.7025356596729,21.7884691692701,17.1785177489157,18.032678155267,18.7169006312602,17.6465548134084,18.5228110531454,26.1723859744246,22.5246600423066,22.5037649593257,20.7796353230237,23.6852634249167,19.4720430642472,26.116954057773,24.3922850428634,19.8744063861204,20.9861056753345,18.7835344588007,21.9932677761765,22.0091346566545,21.8834055941818,23.1090206967425,18.9543413844747,20.470997261181,17.4685810660216,20.9858894094545,14.5782914286694,18.5417722413074,25.1599093638395,24.641335203708,25.9976103962319,17.279942418437,22.3008668678398,19.5861086006647,26.2633097877773,21.7046426228085,23.8624283047336,17.9853439410956,20.0032463517092,24.6802170415273,25.0834331763002,18.8720100306166,23.5394512286036,22.054020118718,19.0259805029226,21.9866855866794,24.9378583225588,23.6420047458773,23.1916623068386,23.7324831868861,22.0134822877019,19.3187058611366,24.6973678922783,18.1498950329893,19.8099889987271,20.4007751675333,19.3696777425215,21.3542172194008,19.9886542909031,19.6853120577854,20.9195735983296,21.0842004437288,23.3322734430051,21.8538225305899,19.1920826796266,19.2782969468548,16.7701130203571,17.0001079201746,18.8650411848921,22.8686607451477,23.751789079361,24.8892837634239,21.6380164170293,17.5681881665835,20.9549118299033,18.2596357329166,24.5657531084821,20.4309644278532,20.9493852275873,21.2613944572027,18.8443830173966,24.2019052761171,20.5132876751146,21.7509509712144,20.0848632182198,20.2892024413969,18.2479639241867,24.7522935274446,19.1398237652091,21.069593472249,22.6466398304352,18.7424169130994,21.6458488665036,24.8000483072762,22.4460089210014,20.4718167768853,19.1316919677095,18.8241485554212,17.5997914434055,23.9320310359999,16.0766193227993,17.1920033131937,18.5268847358719,18.0009628837866,20.5256647725305,24.8115572528357,15.7474124156502,22.8489800605411,20.4210534765557,22.0921226757077,21.5552743563777,22.2968531286354,20.0936910656244,17.7006438079183,19.8535668977506,19.4039514905354,20.8129200788382,20.2532231860133,20.6246707014313,18.4251848965428,17.6244523097787,15.9117830185901,19.6723991610723,19.1360477780543,19.102936601376,17.8604752874484,16.5898610484635,18.718541139407,18.7733384507546,20.5838922041643,19.2115926649088,18.8848377477186,21.9400538234265,18.4494584816177,16.7621832048971,20.0313323731307,19.2464521439013,18.6231809790698,16.9283610540382,17.9825344692014,19.465471572491,20.4598816449479,20.395259410062,20.0832967248189,20.8397096109417,18.8370466024225,17.7920891857258,19.6909134086626,19.7809394040533,18.8135726616035,21.4119809451496,21.8319555900779,19.1798189731931,18.7419185225364,17.7528937893223,18.7855889236842,18.6946458674106,17.7931599609573,19.050960750225,19.5441201876802,18.8834224239838
"5x10e6_4d_1",1,22.8328916442006,18.8897914876114,22.906337251758,21.5733924530428,16.6794322578156,16.1894787821584,16.7917362531446,17.4512231796259,18.2228774224829,26.1180289993126,23.0364330348796,22.6964503443847,19.689853977861,23.1489448874175,19.5716666654581,26.4022398821454,23.8365298266523,20.7266384605963,21.2233360979669,17.3005779428821,22.3611875141641,21.6186042032318,22.3019995583816,24.0294754380151,17.7915753704985,20.0725095636201,16.8728954043172,21.5462030120448,15.110258397988,19.1347957781709,25.0822807405907,24.2907125781297,25.7065147214113,17.3979304473833,20.1579161672722,18.4358800399941,26.9104847567393,21.3969626355969,23.5434885633571,18.2478993933857,19.1830486158535,24.7072539621391,25.200010378293,18.6351103996579,23.4298294261529,22.828342796848,19.0027747650082,22.0588668997566,23.5354591395058,23.7001846896187,23.7061034837589,24.0667001675446,21.8828164522708,19.8672032735505,23.9900755285897,16.8607164197655,20.3089190183731,20.0318912625514,18.8753660276152,20.7704011563057,19.5996558847519,20.3321331582776,20.877119680384,20.3265543112773,23.2545560412526,21.7187113706097,19.2708026744882,18.567495854627,16.6619903690969,17.3323794318546,18.6044964158728,23.018076909209,23.8919983166494,25.4222373995538,20.7710060405625,18.9218640722273,20.1361131481023,16.7887070476188,23.7146206900985,20.0288661773289,20.3887741146098,21.2763682566826,18.655750865726,24.2335253561271,20.914006214148,22.0892207101479,19.8938468570759,19.2506330820793,17.9839360786776,23.9054692443217,19.138300734502,20.2910127008596,22.5866532974415,16.2900811063756,21.1297702137948,24.4842509858677,22.0838585991986,20.8842778584962,12.899420365915,19.9291798135689,18.6804287083983,23.9002647525505,14.2386202594924,17.1944678727571,19.6450468995415,16.6680989303137,20.9932797779346,24.6177972302129,15.909028430602,23.3357230570028,20.4667694675323,21.9374800042728,21.6123366851059,22.2939123172943,19.8857277529304,17.6769788843537,19.8934674097592,18.7292924965186,21.7188450113667,19.25042184782,20.3035829382067,18.7851231797245,18.1953463078355,15.9387395962735,22.2549513604094,19.002007523146,18.1132047549097,18.4277338582732,16.3091893388083,17.9244153058451,18.6539414440543,20.6196414361008,19.6467911935927,17.3200529718524,22.0276437935003,18.1268557830412,15.397459707583,19.9588833221984,19.8483310481694,18.0478061571184,16.9138297188801,17.5661153031738,18.5795161215589,18.6453276035586,20.9097087464838,20.6541902215932,21.3772090877535,19.0923977598566,19.4682180888013,17.5827097891861,19.0055828496928,18.4281034509867,21.0397894271954,21.210793566807,19.0879540015931,18.5423463593319,17.6885533226302,19.2429895079116,18.4838035380443,17.168722667522,19.0877784529231,19.5579646061015,18.8721152631444
"5x10e6_4d_2",1,19.0863381746813,17.7036289634266,18.7601383929614,21.201856693336,18.2860358722333,16.2649529641848,17.3096147887992,17.2185582707722,17.9025082279314,26.1828517864804,21.9896538034893,21.990793004187,18.7921806904795,23.0417929110818,19.2265205965682,26.3248829326256,23.7645867680769,20.7190979699643,20.9019007819559,17.4008698599082,21.5900277107676,21.3629716440191,21.5112526896762,23.9700587318902,18.2863458828284,19.8583381288558,14.2118892766092,21.1632930746919,14.5846225107777,18.4615386278154,24.0945790028575,24.074410293732,25.4463538388415,17.0541863915594,21.6197077600236,17.9765551867194,26.7029861807881,21.8618945316471,23.2062131286351,19.6347279342487,18.5593988300457,24.5909767700685,25.1295885335884,17.6556169272218,23.3147204622991,22.3359291263688,18.9648329146174,21.996724852577,23.5793762260454,23.5683864413377,23.8870002133511,23.6715844073705,21.4298677066576,19.5282136531189,23.7850359855594,17.664745913153,19.9293211422013,19.501451188738,17.9117096988897,20.9473914387721,19.224050046754,19.8763649266122,20.323696561183,15.9924041571758,22.8551950567312,21.4183893475701,18.9904214488572,18.971463364538,16.6942449223843,17.3621747503933,18.0950803521027,22.9574527099832,23.6940448159951,25.5182758078599,20.1084900441341,18.5049077157257,17.2994853495475,17.2741159717592,23.5752905346372,19.8138712330914,20.4244497126685,20.9968775698113,18.9189901034798,23.8366082188874,20.923584773185,21.9033976694593,19.3080582722641,19.0068177471435,18.9352955419087,23.7904354605824,19.2062853112173,19.9937487521019,22.3562496795827,16.4741730732828,22.0187273960224,24.2936818551839,21.4724862547333,21.469324940434,12.8181017408305,20.2994309453787,17.3183710072082,23.9639349072528,14.7582423495606,16.828479854233,19.1461338999492,16.5577135117178,21.4149045572247,24.3220589544961,16.0772106480026,18.976850688899,20.8529920124462,21.9776407072327,22.6790926209804,22.2241895848708,18.9198088234848,22.5517638725922,20.2487605678743,19.653677115141,22.1449993238467,19.1856896670232,20.2295996345909,18.6364961534608,18.5992778060341,16.0166395883383,19.0948456345394,18.6949414953945,17.9230943115517,17.5841091434721,16.8199933340185,18.4386385576207,18.6483573292852,19.5928091678367,19.2703549204572,19.116141205843,22.1422110658668,17.7644316876466,15.0743671036454,19.5656399435001,19.853043222772,17.8452077819361,16.4735978914904,17.2336882531764,18.2933815020066,17.7798207640592,20.2938264045132,20.4768608873093,21.0205082869514,12.9153726961266,18.1302440428406,18.4961378688792,18.1589082901181,19.076458337086,20.8370398844789,21.1864450572907,18.6097566558484,17.8489577461449,17.8375238422193,19.1668023103312,18.3247387272696,16.7608372055625,18.7912638600037,19.0477370679886,18.9282486119693
"5x10e6_4d_3",1,21.6165495778908,18.2775626067237,21.9369702226954,21.7925609518544,18.4235895403966,15.5849040624811,17.4420322998949,17.4820644375596,18.0683309710764,26.1444223241579,22.7908069633741,21.1357649482678,20.3608925031039,22.4918614709936,19.6167339760292,26.5183136678696,23.167524183586,20.5431766848555,19.1102982467532,17.1949563316292,21.3965293878669,21.4386586988997,22.0294900447743,23.8550003826702,17.8281531928234,19.4184536222396,15.3844721587451,21.3816820481573,15.6823577421591,19.4069196631,24.4081194723667,23.4990776019391,25.7060391468634,17.3405040654494,21.5492344054563,18.3793093701387,26.4075585554701,21.3528781086754,22.6922906861911,19.298088045775,18.3532020799586,24.6691990812259,25.0010468988174,17.94968435562,22.8345033158036,22.0004706200591,19.1625849296209,21.0593387492984,24.522885884003,23.2309195778032,23.3401437680655,23.3174732280309,22.0630227941889,19.4724324786793,24.1584289930742,15.9600091491625,20.0362909315982,17.1821207902417,18.0695482184935,20.3570556746257,19.1580766662492,19.8128164303054,19.8458384449713,19.8170636989005,23.0243906290213,21.5628915695834,19.2397773345083,19.1481520165896,16.3608804870189,18.6800259763809,18.08512473329,22.760615763631,23.595899079643,25.2063467651329,18.6136032346474,18.5698914709651,17.7778717082448,15.1079848072019,23.7745981828727,19.7975538834501,20.637684966873,19.2478178364536,18.6583859125247,23.7664263060933,21.9945449663924,22.0075017696888,19.0339286371379,22.9030787984684,18.5282431651443,23.1309890803139,19.1320732259385,19.866657362518,22.4790530255168,16.4103301971888,21.7741662108241,23.7405522648367,21.5718679525929,21.4342292107632,12.9625494427875,19.5418524068752,16.3933741380426,23.9504327831017,14.6993372269303,16.6155494028071,19.4922184710285,15.7097819800081,20.7586611272068,24.5641956503737,15.1053750027487,18.6410710172909,20.0656232145528,21.8747734090998,22.1540368273115,22.5792686174126,19.522696385278,17.7305048643943,20.0443268068064,16.6137625165107,21.5870833305677,19.0979312083798,20.0024191552687,18.2935069313958,18.5220493030155,16.1647844483517,19.1181962353557,18.7579685693469,16.6161427622542,18.4181228784867,16.4938987781932,18.7150660618176,18.354584719331,19.7653045296847,19.2541758228798,19.5370535003101,25.8632794588713,18.0618593781284,15.2397582964636,18.9919666570874,20.2192856318951,16.7958926172023,16.2051620663275,17.6093844403462,17.9499661493293,19.6700228554439,20.5091780574022,20.6654816562247,21.1142687777862,19.1322791261601,18.8244343789122,18.9081439112401,17.792697690049,18.3240312704392,20.3794432082234,20.8505779571944,17.3201248650338,18.2783191280603,16.4964025827032,16.6014426410295,18.1579287641228,17.7665047428538,19.1800910396537,19.3576232200927,18.9574417571848
"5x10e6_4d_4",1,20.3601394346661,17.1593869716732,21.0238135595929,21.4407795581938,17.8486571424746,15.6614977318287,16.0347772211798,17.498695657623,17.5699964393207,25.6542532225333,21.6904098906476,20.7763976072859,18.9505708784842,23.0375544441718,19.0414839739964,26.3712474983468,23.7511841894629,19.7679678087936,19.7907616097689,17.1905927768402,20.9570013771041,21.7593237204944,21.784865359236,23.0291417900565,18.279163429173,19.5321170571199,17.2869343762063,20.5627350960303,14.2533754179784,18.3174955035637,24.3200268066334,23.5432733064942,25.7023357156418,17.1147307596259,22.1164561982174,18.3045708798419,26.1245053080152,21.6248882496722,22.8125960413356,17.8195562170674,18.0150220667985,24.7578306966339,24.7768624095083,18.1520029078737,22.6033375264574,21.815093715591,18.7532377713694,21.5184320549418,24.4251707284351,23.2206385228965,23.185548274255,23.0896727355222,21.2198597726949,19.0291561609905,23.8932046533926,16.7780224777823,19.402082713864,17.5320515394456,18.7539395838042,20.3654193019928,19.3080924631824,19.2833005459194,19.3328852007263,14.7958184638011,22.8403567173377,21.6192073416313,18.7190075531341,18.2714985244598,16.3077191334397,18.4895002768322,17.7267960123215,22.480464947693,23.3280566988516,24.5898543079961,20.5468595299784,18.0544868587281,16.1949644298917,17.9884110754815,23.2524080811561,20.1631531362756,19.8070796219002,19.99455057973,18.5661123558599,23.2162421941464,19.6678358842875,21.4957655077429,18.7843257167436,16.8060738757282,18.0719679190752,23.2182787772728,18.6780510151916,20.0338507119205,22.6485912922646,16.7520599630551,21.2848108685235,22.9646694208778,21.5857228377013,20.0748469661206,12.1098179685404,19.7354545818901,17.0923976696827,23.3645190402796,13.854156481151,16.5581635235028,19.1642577002304,15.4101863207251,20.7166829217394,24.501352221305,16.018737633235,18.3875297874036,19.6562640361724,21.2136245280647,21.1645934718377,22.3710823713758,19.8674664465121,16.9692434278075,19.5563243428431,14.8308005775091,19.9810832794786,18.3091350598019,19.6371560151966,17.4503973569377,17.3558664648972,15.1460770517336,18.1702715549812,16.9325298860444,18.0033534468388,17.6139160557717,16.2588576250655,17.1206447892105,18.4269806848512,19.4356439198093,18.4862582340594,19.2619511332113,21.9500527130981,17.7468348259829,16.2956278885057,19.3462312522229,19.5119524328966,17.5073146550445,14.7648752185393,16.9636221688833,18.1222389917898,18.5911714397846,19.7890794503036,19.4921553886928,20.5577672323986,18.6272674162558,18.6120558621667,17.895015858615,14.8334583880718,17.9913495783934,20.1997350690479,20.6775795598523,17.2979225914983,17.6258976366228,16.9092822430413,16.1011139430312,17.9454030473074,16.2312076518016,18.5030652487461,19.1021847906702,18.5221744472678
"5x10e6_7d_1",1,21.5334635454508,17.5848527161136,19.6370220438132,21.6135259640901,18.6422510378516,17.3076321825358,16.6649055924834,17.1235592390759,18.5055575103181,25.8055074896843,22.4335588507193,22.4481371252863,20.0282315257409,23.4284608005877,19.1874098703574,26.6657873925888,23.9454538589564,19.9097186030176,23.0289848853156,17.9940946110002,23.2267486973593,21.7147834426712,21.7397674487868,23.3915800536856,18.6768707059513,20.6192425059537,17.3114963593675,21.0318766314585,20.8600485879451,18.5636969591612,24.2024510404134,24.3306603285347,25.8131123090055,17.2870579751084,23.4750972276046,20.013261842099,26.6592876368587,21.0290181087138,24.6023096419772,18.0600192804629,21.3068749452573,22.8613243225668,25.0568509859584,18.0655512864071,24.3779831312247,24.284254410824,18.2237946329923,23.1772430025846,22.7310080973289,24.7168972765355,24.7741752439801,24.5915530038859,22.0025351054221,20.0433391754144,24.2770001098983,17.9896883381649,19.9193409328058,20.6230744196323,18.015490750686,20.7709501005456,19.4863758780593,20.4466643062607,22.7033749661022,16.2987073897047,22.8140314136886,21.3287307835593,19.7902879907006,19.1730800268058,16.9225722837385,18.0280898574871,18.3523141347948,23.3287088378056,23.7710910623158,26.0421755314821,23.9298249258288,18.9903824508279,18.8740042710196,16.1478418816871,23.6722554740387,20.4236563361543,20.7561000256276,23.056183467936,18.3877988045186,23.725110101962,22.2420923601013,22.5097858977346,19.9058723996617,18.9221854103506,18.643217253622,23.9197154798904,19.1487515782497,20.4218320533455,21.6448357945217,16.630902066895,20.9528208831169,24.9685627032721,21.8851036412582,22.4343150075914,16.2465775438582,18.9829155205611,18.8392687685603,22.4504736599163,14.0316760250382,16.3614888225533,19.744800643957,16.5919092243781,21.4741672430801,24.5133935004342,15.0411596119929,24.2331072870957,20.5201709245038,21.6534358036786,20.504947923621,21.6925411962159,19.0307679098127,22.2357034100214,22.3455143190043,18.8074912946471,20.5730251852183,19.3043591300818,20.8246217649006,17.5686115120594,17.2675539194926,15.4696945616719,19.4499036468803,19.1808800441153,18.529546208669,17.9536588662194,15.8243303309431,18.7688478113546,18.6691786419574,19.4753686238435,18.9896521025288,19.1941719652578,25.9822681682301,19.3407703793311,16.4977818011196,20.1322700592824,19.7271194011926,17.8153102962962,16.3579803785151,17.3199773700102,18.0210386378983,19.6595976868201,20.3297425227553,20.9041265961544,20.3297425227553,16.4321301686013,19.6689088281791,18.0505481413599,18.6312339007563,18.4957306271806,20.7653182960601,21.4259407989656,19.4815385843541,18.2802474312671,16.2704444918859,17.5783807178128,18.8823352764221,17.7815405384978,19.2707771717277,19.5367667584508,19.2006619603079
"5x10e6_7d_2",1,20.2953157443567,17.199154510829,18.8064942448055,20.9426028903658,17.6406085210282,16.8085874308266,16.6174617735807,16.7443041128163,18.495467034235,25.5834323186983,22.2140790060574,21.9298083650072,17.0150906023646,22.9507608873514,19.1400791029784,26.6270775643527,23.6797878142063,20.0628549549727,22.0030846325286,17.3457416644842,22.20063243527,21.1217663635576,21.7800788927772,23.437089232299,18.0720644835045,19.4319184868836,16.4224177611657,20.6663723769484,14.184860562354,18.3246364388003,23.2984852423763,23.683409213411,25.4732282239184,17.429408858651,22.878439328094,18.4086839002549,26.3715847408512,21.6295561969879,22.7798939050257,19.2543169733281,18.5096261965644,23.9298374972619,25.3098121448208,17.1012897126465,23.5427288280644,22.7682352550607,19.0293291572457,22.1363639221682,25.1777567692868,23.6880589652886,24.195880642207,23.9086512806521,22.0610763908407,19.7138645055849,23.9415466121801,17.7168562815345,19.5714888024703,19.2963182431785,17.6832625972748,20.4917344676479,18.9703013138258,20.0864306525988,21.0301380342147,15.0504134921552,22.6171661423784,21.0786086501236,19.3285299786813,18.7821781328581,16.5218578322701,17.6897500705731,18.0572878752716,22.8218822229738,23.306045540755,25.8465906045822,19.858738456891,18.472183542905,16.3721111992503,16.4895478980068,23.2988233058763,19.3502897522569,20.5269828955676,22.0404514244913,18.5186374534202,23.4980912988733,19.6798197942655,21.9282485284443,19.0014986592849,19.1648849079847,18.313140361465,23.7893893543594,18.8809494020712,20.1655871518112,22.2914939849364,18.2420936053122,20.9925047703378,23.7306047819884,21.4356559564038,20.6512300182872,20.0095375322885,18.9885717434899,18.3882323709895,23.2952068942449,15.6700435253291,16.4980431082517,17.4812082526396,16.648794422641,21.2187839804956,24.3392427088632,14.6391345763846,18.1322960820121,20.7596840358515,21.5629231243606,21.8174350240433,22.6340482808562,18.67740865936,18.1186665412056,20.3516050738814,18.8963845155889,21.464682181723,16.4868327037424,20.0712989690412,17.4238529684638,18.0723738637471,15.4639748059489,19.3860717654089,19.0602221268901,17.0542499072929,17.7197193219366,15.6644130625165,18.1102661728931,18.5912213453262,19.9139951145191,18.6145471775629,19.2158855423558,26.0768432466495,18.7824274673105,14.8712284695467,19.5815548297048,20.311991487002,17.5196889889554,16.2994143943086,17.395904486476,18.2649414445377,18.8625904944956,20.0400830676753,20.2775371400062,20.7772387826481,19.2157396381879,19.7221691793707,18.8399126954425,18.8793411853784,17.610123063692,19.705748954775,20.4728602994522,17.763330764047,17.8281398705641,16.6344174646312,17.5762398172386,17.8536964048569,16.7621425361542,19.2598531571681,18.4714068725217,18.8075788428837
"5x10e6_7d_3",1,20.5060212232424,16.7958976477061,19.6571963057717,21.5992818318803,18.0006149628504,17.2341910299283,18.6784592026729,13.7905167047203,17.9402003394683,25.7151489839063,21.9872105156606,22.3999763371614,19.1339281283661,23.3244040174391,19.4269904568388,26.5605609024401,23.8768510417829,20.1714565714456,22.4460591917201,17.4545577593206,23.0783694705236,21.7769453382698,21.7373518728926,23.4887631275703,18.3318791164848,20.4916886504081,16.965837851851,21.0339460300483,14.6297390281238,18.7045249247074,23.7113639097482,23.7067562289629,25.6432484977971,16.8824946430549,22.898406766071,19.8719428288722,26.5349432766743,22.061566016309,24.197542472555,20.2214952457911,21.076645966187,24.0366673307299,24.936621457439,18.2109685819598,24.3297519179779,23.8485989650875,18.437616448886,23.2017850874545,23.5588318234423,24.5179797387898,24.5078866795206,24.4600375271658,21.9610823192598,19.7294025583134,24.0426691282038,17.1895398591402,19.7893560024279,19.702399223524,18.3279956075396,20.3819924346421,19.3667737407579,19.9791071698881,22.2141322259451,16.4008431990731,22.9916224966646,21.7502706365574,19.4632177565114,18.6412236518937,16.615812984021,18.0644262082351,18.4737972780451,23.1848254780595,23.7513903316549,25.9328654394939,19.5071246338256,18.4247767913212,18.9113666248027,16.2782533721443,23.600696094424,20.2915438648858,20.1749905500694,22.4737399526346,18.933945028456,23.4620489168611,18.2822161832199,22.3405060541196,19.8469111913711,17.2857127863299,17.8851816282238,23.8184645782168,18.9832656220356,20.5724475674762,23.7372738831,17.862491168519,20.4365937096288,24.5333472593942,21.9319882569065,21.7167297176292,18.2380956244938,19.4291158188902,19.3222635468689,23.4172051950724,16.6616361660948,16.4061064350167,21.1557205630582,17.2065131629422,21.3722931122922,24.4476599767797,16.8937638262355,24.0196833890711,20.0477064491243,21.8537856422041,21.1633144373848,19.9957258387849,19.7758915947341,17.3562841348225,20.0625838378291,16.4553640883267,20.7459163358358,19.1601291457268,19.5564195999737,17.6857056974079,17.5148959858957,15.9734149531551,18.9910164395444,18.6292613330735,17.2690037461164,18.4826584320002,16.2211104773687,18.4839694285041,18.5818574760503,19.6164419514435,18.9940172007383,19.2290905745794,26.0249981406664,19.2950139315464,16.143129650406,19.8284527875322,19.5571388796554,17.4404665716534,16.5097490690151,17.2768964536746,17.8667556053178,17.7529440410764,20.3133985582026,20.1840239427612,21.0572522646022,19.5125941805382,19.5871821346023,19.2087101294244,18.7879391564113,18.9238924107372,20.7621343191158,20.962186754208,19.4868058190968,18.2683476039555,16.9970610678759,18.8753644859582,18.5968824761479,17.5409768024551,19.2189504997503,19.5601615499232,18.7980222560128
"5x10e6_7d_4",1,19.4985336482065,17.6134705257156,18.6125253255144,21.8003825786933,18.7934425322072,14.3280931292754,16.2472226987749,17.4850932974085,18.9792315268579,25.8767231930834,21.4858579125148,21.3743134798372,18.6214052693167,22.8177406739385,19.4814364290231,26.0548776241608,23.5023282283716,20.221178750415,21.1778333003611,17.0688255360032,21.9816507627979,21.7944693075328,21.3324219952592,23.3924431867636,17.7890155286252,19.4881381127126,16.4264274660301,21.0540381211867,14.9771203231676,18.9701357314937,23.8428758031736,23.5392432571996,25.5463380591134,16.9621804842721,23.4101797095965,19.2363894050068,26.5494751402952,22.4371399426251,23.5928668107994,19.5190182415428,18.7368475953246,24.3184466839324,24.96910359109,17.6517064516895,23.7808685531591,22.6869046475355,18.7727370206935,22.8427980729314,22.0287896829905,24.3475515482867,24.5022498144537,23.8699047790715,21.9057285461281,19.6622973069681,23.9757001057472,16.5695380417467,19.5743557633931,17.7763005693552,16.7486946918888,20.6146856869259,19.0984650008492,19.6630729852194,20.3616525817883,19.7956455307125,22.9004607933875,21.2439099989555,19.7498876459635,18.3130078196576,16.4064464997654,18.2333825136057,18.1656730239181,22.8740632406876,23.46294116089,25.4838736380255,20.0576473207609,18.3682597916922,17.0496837706931,16.6686651989191,23.5829767174418,20.5240296134412,19.6228851984559,21.2295374219778,18.5405251170467,23.4045857315656,18.740420512371,22.0166767421534,19.0517052729181,16.8783421787298,18.5233749517429,23.161129573992,18.8043133808272,20.5256892942919,22.3262380856707,18.2465598238551,21.59063714647,24.2540860207612,21.5358340870032,20.2606105053467,16.8975261612776,19.1443845764391,17.3827510240669,23.6720947067596,15.4973562490088,16.7548644285442,18.9645837667197,15.999678292997,21.1135601976302,24.3650228167338,16.5822681661671,18.4581199805343,21.4107375654927,21.6254632204994,22.1759445611086,22.0682006033245,19.0892905503856,22.2758139379425,19.9341642987108,19.0356742820583,21.5633200213234,17.4105094566597,20.1912628823523,18.1013563605284,18.4039528212178,15.8863077196709,21.6432740421696,18.8072118151308,17.4151209430282,18.0385074444287,16.5999572360993,18.155751391247,18.6042623381238,20.1702478340826,19.6467074392094,18.8214047909639,21.7088737728135,17.3225261134121,13.7903755054377,19.2034473564771,19.0473006681243,16.3334882252896,15.6193780224581,16.6218763108419,18.2622178004133,17.1620471856275,20.2693021743555,20.1874567939615,20.839286688421,18.9012444877199,19.3628770177671,18.7462799604562,18.4412196482782,16.6371778854156,20.3538575200201,20.8221120196237,17.2892486020666,17.8558543674351,16.0104382990545,18.4843775243255,18.1792248811204,16.4937861652606,19.0943018177344,16.8792142448888,18.5942854875829
