"","response","Cer(d18:0/16:0)_NEG","Cer(d18:0/18:0)_NEG","Cer(d18:0/20:0)_NEG","Cer(d18:1/16:0)_NEG","Cer(d18:1/18:0)_NEG","Cer(d18:1/20:0)_NEG","Cer(d18:1/22:0)_NEG","Cer(d18:1/23:0)_NEG","Cer(d18:1/24:0)_NEG","Cer(d18:1/24:1)_NEG","Cer(d18:1/25:0)_NEG","Cer(d18:2/16:0)_NEG","Cer(d18:2/20:0)_NEG","CL(68:2)_NEG","CL(68:5)_NEG","CL(68:6)_NEG","CL(70:4)_NEG","CL(70:5)_NEG","CL(70:6)_NEG","CL(70:8)_NEG","CL(72:7)_NEG","CL(72:9)_NEG","CL(74:10)_NEG","CL(74:6)_NEG","CL(74:7)_NEG","CL(74:8)_NEG","CL(74:9)_NEG","CL(78:12)_NEG","GM1(d34:1)_NEG","GM2(d34:1)_NEG","GM3(d34:1)_NEG","GM3(d36:0)_NEG","GM3(d36:1)_NEG","GM3(d38:1)_NEG","GM3(d38:2)_NEG","GM3(d40:1)_NEG","GM3(d42:1)_NEG","GM3(d42:2)_NEG","PE(14:0/20:4)_NEG","PE(16:0/0:0)_NEG","PE(16:0/16:0)_NEG","PE(16:0/16:1);PE(14:0/18:1)_NEG","PE(16:0/18:0)_NEG","PE(16:0/18:1)_NEG","PE(16:0/18:2)_NEG","PE(16:0/18:3)_NEG","PE(16:0/20:4)_NEG","PE(16:0/22:4)_NEG","PE(16:0/22:6)_NEG","PE(16:1/18:2)_NEG","PE(16:1/20:4)_NEG","PE(17:0/20:4)_NEG","PE(18:0/18:2)_NEG","PE(18:0/20:3)_NEG","PE(18:0/20:4)_NEG","PE(18:0/22:4)_NEG","PE(18:0/22:6)_NEG","PE(18:1/0:0)_NEG","PE(18:1/18:1)_NEG","PE(18:1/20:4)_NEG","PE(18:2/0:0)_A_NEG","PE(18:2/0:0)_B_NEG","PE(20:4/0:0)_NEG","PE(20:4/22:0)_NEG","PE(22:4/0:0)_NEG","PE(22:6/0:0)_NEG","PE(24:0/18:1)_NEG","PE(P-14:0/20:4)_NEG","PE(P-16:0/16:0)_NEG","PE(P-16:0/16:1)_NEG","PE(P-16:0/18:1)_NEG","PE(P-16:0/20:4)_NEG","PE(P-16:0/22:4)_NEG","PE(P-16:0/22:5)_NEG","PE(P-18:0/22:4)_NEG","PE(P-18:1/22:6)_NEG","PE(P-20:0/22:4)_NEG","PE(P-20:0/22:6)_NEG","PG(14:0/16:0)_NEG","PG(15:0/16:0)_NEG","PG(16:0/16:0)_NEG","PG(16:0/16:1)_NEG","PG(16:0/17:0)_NEG","PG(16:0/18:0)_NEG","PG(16:0/18:1)_NEG","PG(16:0/18:2)_A_NEG","PG(16:0/18:2)_B_NEG","PG(16:0/20:4)_NEG","PG(16:0/20:5)_NEG","PG(16:0/22:6)_NEG","PG(16:1/22:6)_NEG","PG(16:2/16:0)_NEG","PG(17:0/18:2)_NEG","PG(17:0/20:4)_NEG","PG(17:0/22:6)_NEG","PG(18:0/20:3)_NEG","PG(18:0/20:4)_NEG","PG(18:0/22:4)_NEG","PG(18:0/22:6)_B_NEG","PG(18:1/18:1)_A_NEG","PG(18:1/18:2)_A_NEG","PG(18:1/18:2)_B_NEG","PG(18:1/18:2)_C_NEG","PG(18:1/20:3)_NEG","PG(18:1/20:4)_A_NEG","PG(18:1/20:4)_B_NEG","PG(18:1/22:6)_A_NEG","PG(18:1/22:6)_B_NEG","PG(18:2/18:3)_A_NEG","PG(18:2/20:4)_NEG","PG(18:2/22:6)_NEG","PG(20:4/0:0)_NEG","PG(20:4/22:6)_NEG","PG(22:4/22:6)_NEG","PG(22:6/0:0)_NEG","PG(22:6/22:6)_NEG","PG(40:6)_NEG","PI(16:0/18:1)_NEG","PI(16:0/18:2)_NEG","PI(16:0/20:3)_NEG","PI(16:0/20:4)_NEG","PI(16:0/22:4)_NEG","PI(16:0/22:5);PI(18:0/20:5)_NEG","PI(16:0/22:6)_NEG","PI(17:0/18:2)_NEG","PI(17:0/20:4)_NEG","PI(18:0/18:1)_NEG","PI(18:0/18:2)_NEG","PI(18:0/20:2)_NEG","PI(18:0/20:3)_NEG","PI(18:0/20:4)_NEG","PI(18:0/22:4)_NEG","PI(18:0/22:5)_NEG","PI(18:0/22:6)_NEG","PI(18:1/18:2)_NEG","PI(18:1/20:4)_NEG","PI(18:1/22:6)_NEG","PI(18:2/0:0)_NEG","PI(18:2/18:2)_NEG","PI(20:0/20:4)_NEG","PI(20:4/0:0)_B_NEG","PI(20:4/20:4)_NEG","PI(20:4/22:6)_NEG","PI(22:6/0:0)_NEG","PS(16:0/16:0)_NEG","PS(16:0/16:1)_NEG","PS(16:0/18:2)_NEG","PS(16:0/20:4)_NEG","PS(16:0/22:6)_NEG","PS(16:1/18:0)_NEG","PS(18:0/18:1)_NEG","PS(18:0/18:2)_NEG","PS(18:0/20:2)_NEG","PS(18:0/20:3)_NEG","PS(18:0/20:4)_NEG","PS(18:0/22:4)_NEG","PS(18:0/22:6)_NEG","PS(18:1/18:2)_NEG","PS(18:1/20:4)_NEG","PS(18:1/22:6)_NEG","PS(18:2/20:4)_NEG","PS(20:4/20:4)_NEG","PS(20:4/22:6)_NEG"
"Mock_2d_1",0,18.454521705082,15.8957013736472,15.4446139309325,21.509400630917,18.8746457801861,19.1551148397279,20.4828100488803,18.9844345398534,22.1269602668208,21.5217516230373,17.2957921914319,17.5167696961142,17.2052273787152,17.4564155823485,17.0347741155428,17.2620419252819,18.239281233739,18.1329224891347,18.9571680370974,15.3596883091156,21.1339593331736,16.6420990810113,18.9091012858062,16.8046010643731,18.5205732436401,19.4635380928418,18.4309362632466,15.5682061813144,14.4079247210928,12.1581217973252,18.1306274322509,14.0428149341113,16.5448527976857,15.8579235873626,14.4960596612472,15.3411639802634,17.9011029532145,14.7858415544484,15.7283461299428,21.0641623557475,18.3791596670663,18.8803256380293,17.0255975114074,22.0221148017186,22.8387541178257,20.1058896509092,22.8352591835502,20.6481204446294,22.1260395744,17.4091453968584,17.765647178169,17.2211048762218,20.9857887903324,20.2876733529936,23.5088294004705,21.9376864021995,22.3711181740988,20.4458109122857,22.4309708352053,22.3194623719156,19.0492730858819,19.3283582776023,20.8986017564143,17.7241218192787,18.3720672966298,20.4085894119589,17.6472271808945,17.3520342631834,19.5443803452906,18.407662466914,22.9576297442238,23.7714055426743,23.4734050181023,20.8543517514624,22.8596051150204,21.5995399214221,19.2341560988984,19.8752790538865,21.1129141467985,16.0138772246087,23.4563674509671,21.9601971253879,18.5761157022498,18.5695191058527,23.3852092760889,20.4501516714541,23.7046730586127,22.9491520276773,18.7837451347186,22.1734563335897,15.8582513976778,17.96321633864,17.296590408159,16.3665884896926,14.7800163478058,15.8755557952571,19.7847532458792,14.5593842096107,16.8857049368138,18.0395506380921,19.9737488585828,18.4147809643484,20.3905612796035,15.5134130446858,17.9206623327758,16.8461240041934,18.4457859116452,16.2839809246513,15.8170999840835,17.5552939399506,14.9060309766508,17.7719946400994,16.5078542696982,13.0365232747852,18.3155161125017,17.3248156125352,15.7518860238158,19.706233989454,20.4308780886346,18.0996824934017,22.357992481416,18.302163361726,17.3554766535252,21.5256376536234,14.4244629797009,17.861410306606,17.1145220536199,19.0346441652965,16.0065656096533,22.8779998192691,23.288709100869,18.6274787793963,16.5334578283954,19.4167435469413,18.7788632936259,21.1225938992534,16.6821798974264,14.8939807194323,16.5742137721475,16.2917221155256,19.7020983704294,16.3395260106437,13.9923698841443,16.4638704407561,17.121218255062,16.9389787543335,18.160349249114,18.9753774478607,18.4201963004954,19.6974393396319,22.4284583207881,20.2872727414247,18.8768457106573,21.2201090443361,22.8127806360459,22.2816831686005,22.121601335576,16.7975286455519,16.8150948644848,18.0876098081145,17.8196142861476,19.3144448109781,18.8414396735728
"Mock_2d_2",0,19.5182143139485,16.672510804701,15.6354341685982,22.3841253928375,19.588648878639,18.8952329130466,19.9669810735553,17.9512903184635,21.2567713251602,22.1015581699981,15.8037392507672,19.6709565776427,17.3965789131262,18.0421010304207,16.5933696930377,15.2847783602483,19.322916725108,19.0600300879681,19.0484439683114,13.177860658618,21.7738117910117,15.8746141701725,18.7932161124605,18.5604346479937,19.9777180360068,19.9930209448822,19.0597832667309,16.2653444894728,16.2729566267691,15.5258496939086,21.0805150351079,15.589602461099,17.768979227299,16.4686960014803,15.6979684610966,16.080342130532,17.1297758841617,16.1444914574217,14.9436936397647,21.1862217156899,17.4835538018044,17.5549258104989,16.3318761411394,21.5129902019024,22.3091232574934,18.5214020325111,22.7832071872576,20.6331408023504,22.2538921969667,16.0189180272618,17.3159668471432,18.0171115190009,21.8314340530628,19.8503157186315,23.7596190161753,22.579651198696,22.7598283613771,21.7326785827995,22.7504234239485,22.8066246463383,18.9256545792872,20.9410945444188,22.5559401925088,17.210431605886,20.2887033284312,22.0484306639651,17.1183373887907,18.2773025844139,17.3708531324485,17.3001106503363,22.3975459061594,23.7254369915186,23.402835252178,20.8555627675045,22.8916111048644,22.5264951796407,19.4012590914517,20.2413156378495,18.7754258203707,15.2470750966845,22.4427691463032,19.8112427763073,18.1326655539671,18.7246603960377,22.8520951213164,17.6847739775047,22.4901656097148,22.1944786876379,17.126235294344,21.2838676352499,15.9816798069028,14.3217002342782,17.878264811853,17.5777093323816,15.9738482474924,16.8363955977066,20.7883733383846,16.8869048098626,18.2135492484712,19.6046348912439,20.8813769815177,19.0359191527564,21.0997333712601,15.9464648607696,19.7329476490687,18.4005713407355,20.3180738417133,17.1867769571576,15.03072740981,18.8972324474045,15.3367613727652,19.24043237194,19.7926788064572,15.6148730288723,19.9745318751544,20.1343341884377,17.6752104165759,19.2122976259456,20.2900731418778,18.2149823465287,22.5063027379094,18.9855245042008,17.5688940968715,21.330918792355,15.4346830701717,19.3665024491437,17.8314731954385,19.1916150071731,15.7901723757676,23.0423886383285,23.6368281506784,19.9912486590528,17.675776713212,20.7955681546369,19.9089150842583,22.0390662983174,18.3170316353726,14.6852326818605,17.2842169392069,17.0288886066359,20.2713114169533,17.4772460232424,15.43213227763,16.4304405557011,16.9142669600859,16.7021676113523,18.345758912852,19.8032104826402,19.9062978445714,20.662874999626,22.4122591978056,21.6830122588707,18.2472924499489,20.9978099453153,22.9251574355021,22.416606331625,22.7644119102839,18.2005648996478,18.5751036371548,19.3530669812634,18.5173337065227,20.3316819616879,19.7210199995268
"Mock_2d_3",0,17.8265850471572,15.3293895989811,14.5948406535803,21.3964892858711,18.5530732033486,18.3994068880316,20.0408426981747,19.2512627978793,21.8922338263645,21.4445676789284,17.418218849751,17.3697174103918,16.796410700047,17.6371017649681,16.9874632718132,17.0027745062514,18.3878474735435,18.1343475071715,18.7651111414936,14.9747641420262,20.914930332111,16.5489250080295,18.5304312233205,16.5948904151081,18.4296295759059,19.1064043127105,18.3067350912916,15.3367056745787,14.0977251428772,11.9087965548677,18.1271448387368,13.2145731833968,15.9112723815426,15.750661194793,14.013019155939,14.6449346818828,16.9644608257827,14.4616376880169,15.4552942306171,20.9091495495752,18.0018084674907,18.6386347700605,16.6638143207699,21.76576866427,22.8357520543708,20.0110364567197,22.6630279388969,20.5629521648763,21.6487726157742,17.4514585254956,17.7497312529946,17.1720746345906,20.8451469780473,20.00827541513,23.4554096285093,21.6887928400991,22.0974305153984,20.4682155883276,22.2946093914194,22.183000760501,19.3433447346322,19.6029235437953,21.0289846901095,17.3686728374531,18.7816485654283,20.4085287743665,17.3540271080569,17.143164733558,19.1275735780782,18.3535696704417,22.7461385772126,23.6539771034383,23.3672162302919,20.9545744894998,22.7208009807268,21.3198336151902,18.8627027117026,19.4152874973958,21.1496979752308,15.9302995217226,23.381749410479,21.8937360003075,18.7947182762157,18.354497717708,23.4141206694767,20.4659878121637,23.6479911603576,22.87036754186,18.5959820039204,22.0732426612287,15.6132955520032,17.9079446704748,17.4522765626079,16.213571199674,14.5778855128532,15.7730792273588,20.0898601883723,14.6522503417022,16.4889644444715,17.9110702719105,19.7697341507158,18.3645509526717,20.069911071342,15.5879498400278,17.5973800568546,16.7457039660143,18.1270053095859,15.9630285230847,15.8401215380165,17.4807425063531,14.7551914845049,17.8299536919445,16.5225963766367,12.3983025662063,18.4796569322629,17.2943292121301,15.8537964894146,19.7369333642574,20.4635143953197,17.743367765374,22.2697624767977,18.4751402974167,17.5037956582482,21.1933164494618,14.9809363871432,18.0580275721457,17.0065635552308,19.3627991803024,16.2396882567354,22.8764767591486,23.2941032621715,18.6039682254377,17.1468767386527,19.1777814462692,18.7646663166184,21.0023995690827,16.2123476523232,15.6478700967541,16.9679133825228,16.3341068508537,20.0136912053906,16.5087834698581,13.4645350316245,16.1205549358599,17.0341271025866,16.9421141748625,18.130698594449,18.974796869921,18.058612931016,19.6059005160794,22.3607870849206,20.6059489936006,18.7351810308104,20.852600370841,22.7811386582332,22.0502646744674,21.8924651815368,16.7212569281135,16.7354989031563,17.9132139344481,17.1907669232864,18.8855326336555,18.3422603994261
"Mock_2d_4",0,18.0787679575637,15.8429622830074,15.1111152884361,21.431625504863,18.5289979587464,17.9037304528472,19.7786449632503,17.7772110611722,21.2945544255989,21.3284015608176,16.0424689645564,17.9999540799014,16.245305637548,17.2364117724093,15.6627226959738,14.7186322677986,18.117003351287,17.9248673105338,18.0664707669274,13.2483664188123,20.2790234747192,15.0307444139073,17.7662221489781,17.1585543734409,18.6809940676315,18.8384071307932,18.0738686131202,15.1189725885094,13.7274923684236,11.8906186808506,19.0872786259541,14.200995260434,16.767371403607,16.6013276115832,14.5094087258518,15.6839902697939,17.6210779677715,17.6882683469778,15.559443261642,20.4189391485556,17.3344788462803,17.4380260519921,16.2649582390143,21.6084728843461,22.4725214114968,19.3082459720459,22.6299957675257,21.13864241226,22.2188401970813,16.5043682786611,17.0829208605388,17.6083217220085,20.926493811112,19.9895823789528,23.4777092363239,22.0538637528764,22.3696483281593,20.3617416878087,22.5565126032448,22.2996233551173,18.1784245978011,20.2071971235344,21.286960263277,16.9657213238794,19.3123930309046,21.1863846530038,16.7136431578284,17.5273895448715,17.2132310668458,16.9581931048457,22.2591960115554,23.4103443356585,23.1706955836341,19.9424172297911,22.370608926547,21.6925157911253,18.6220589711233,20.0139361597605,18.5996029138925,14.7921032611156,22.1897610793938,19.6238327184841,17.550258290307,18.6776404006109,22.928030533399,18.0438496759157,22.7672935015488,22.168501046963,17.5472764131396,21.0227323490224,14.8833855434795,14.5426283155878,17.8382764119863,16.5430658143236,15.2297545595383,15.9187195037871,20.8213578737018,15.8025400303562,17.1044327109275,17.5102875414181,19.4301736835105,17.9685869965309,20.6783782381826,14.7272611366142,17.5835631447092,16.8295007417009,17.9108960325116,16.2037279567053,15.5051389322078,17.9526322182142,14.7568165960794,18.3311486194759,17.0197927828874,13.0981003722655,17.2251606500073,17.1588327747446,16.2777170394458,18.318298689508,19.7368493636088,17.3820441314082,22.0233970133566,18.2851579298989,17.0477067225835,20.4281058256357,15.161902563123,18.0046554461753,16.8109708672891,19.346198539869,15.1792275646404,22.1847332676051,23.2000462311254,18.9377580503546,17.8083488358847,19.8561680845482,18.7505099091943,20.6534807986491,16.5644893403801,14.2857565125339,17.0253981270709,15.9572645888839,18.7962548276126,15.8376819200528,13.9015708928662,15.2768187373965,15.7371393205798,16.1035120913761,17.8918715702805,18.6573042734556,18.5136820619448,19.6975124102365,21.8274781001907,20.3277738270619,17.3176076192068,20.0104406883665,22.4879527350654,21.747848267198,21.9678005699994,17.0186311344741,17.2558670835117,18.0096583047902,17.5070231049721,19.0206208937712,18.4265990182522
"Mock_4d_1",0,18.1935491224038,15.5353618863996,14.5505018539602,21.6205684234713,18.9670357094057,18.5904896263727,20.163843123286,18.8997739027576,22.184274718311,21.5199399750352,16.8368438852643,17.5477030924642,16.9533535934232,17.0903725223422,17.0557522621451,17.2995719336365,17.9300232467846,17.9965347768963,18.8974197934832,15.3206213982631,20.7770698607009,16.5807081479363,18.4540288894886,16.26560145546,18.0947028784776,18.8937391474886,18.1502062352768,14.9249940379196,13.4222080090772,11.8763026007404,18.4453007124232,13.7594221369303,16.5666849231602,15.4896396258504,14.0834364759103,14.8792046190139,17.6755021533279,14.7724262369816,15.6378185122143,21.1317054852985,18.2767775695556,18.9923269191862,16.953730128805,22.0223703530777,22.6615849071297,20.1109179841102,22.8091372316205,20.4549902635148,22.0824805908817,17.1090954258792,17.7648602548604,16.7132225626217,21.1437858289516,20.0682701908488,23.4021932819138,21.7843962184198,22.1873931549344,20.4967058128285,22.2615156304763,22.301232703313,19.0563949436793,19.1917109312808,20.8791510417708,17.4682527592463,18.4393273160921,20.5836387737616,17.8098288584824,17.344039170539,19.5280039280524,18.4621373999442,22.9145219076621,23.7350229466632,23.422330575719,20.8398628973326,22.6717960854796,21.688856001177,18.8312557243558,19.4523924534996,21.1263114004855,16.0160254387246,23.4406110606766,22.0248033587538,18.6512983120438,18.450263579265,23.4663950307387,20.3946225718632,23.6340702001491,22.8310685763289,18.7616594712528,22.1245258667877,16.0759036122672,17.768153121422,17.0764727936296,15.7846827659139,14.4486983476566,15.7639728450173,19.9689028178444,14.8066552252631,16.8266876425765,18.3748056154555,20.1115376742045,18.4374170811644,20.1280547543219,15.7852635738248,18.1890315433552,17.0495903420961,18.5571529334819,16.0744449677603,15.4846028933158,17.5828020429805,14.7115885251911,17.9513965139506,16.8008663359202,12.6755583616047,18.6728992078595,17.2515300852856,15.9004730852532,19.7963514823891,20.268022927846,17.9509693720304,22.419407188582,18.371517307017,17.4296533258515,21.464264170826,14.2504626624372,17.7525346964983,17.2076417440533,18.7594718164259,15.8127213032461,22.9463764190269,23.246935538627,18.48916258434,16.4753894555799,19.2233271144525,18.9153502218662,21.2733925378314,16.7006874577217,15.0724604117063,16.4746468026143,15.9601955342447,19.8434763954553,16.3597132388046,13.5850494066698,16.7096101535707,17.0168863112501,16.8794853761149,17.9756366027543,18.8259407013928,18.2548880494906,19.4751896623577,22.3221689880721,20.2251190113006,18.6697728344936,20.9477767493278,22.7074519240229,22.0305986098916,21.9464201497287,16.6644469590207,17.0203933505535,18.0970875916197,17.5125190122006,19.3800962475058,18.8576910862778
"Mock_4d_2",0,16.1758292593611,14.1613667287842,13.6240398466091,20.7320658558682,17.6050473163413,17.6178645834921,19.3442808707328,17.7793507588272,21.2060667088048,20.5978328569373,15.9060836566914,16.3700849946922,15.5850737118822,16.1762363160455,15.962515324079,16.4427843299749,16.9268369843399,17.1958132792117,17.9820098412232,14.127968982284,19.8639562571332,16.1483099272738,17.9996955585882,15.3109244769681,17.2528084788357,18.1630863818076,17.6840634895254,14.2870196069135,13.5142252443728,13.3077965013042,17.2569531129696,12.928808941436,15.7431714298519,16.3593833546699,13.0577756163429,14.58948816963,17.129542284519,16.9433215409665,14.9991577271217,20.2988972761534,17.7682164362628,18.7292826926109,16.5082678588351,21.8583771887487,22.4372261852254,18.9339986349153,22.4776965153908,20.0895130356668,21.5375517389372,17.0319715467875,17.1589563202589,16.563698442352,20.447270299666,19.2615243821095,23.1664311315466,21.1757217674863,21.8256108999762,19.4904121866439,22.0204672806018,21.8685182380999,18.2244524812978,18.3753686721734,20.3900167217363,16.9975262316774,17.9378728775079,19.8259711646807,17.1979181133439,16.980590854915,18.9913140625559,17.7462738152894,22.2308919254245,23.5224636008191,23.1001733818439,20.2269702572604,22.1931255604445,20.90404048329,18.2805790747127,19.1688033915525,20.3875352673458,15.5028023104593,22.8808797505367,21.2779075551658,17.9274280497301,17.8222823741989,23.1428036933821,19.5138333545834,23.2826324579609,22.3203312124391,17.8707007198539,21.3142806375949,14.7418688362047,16.695239656828,16.0249773018824,14.7433412600975,13.8952203373087,15.2598002901029,19.7303095662987,13.6577637271108,16.2810049041275,17.0426017184763,18.5524458353088,17.2891108621088,19.2491471693983,14.4721764213816,16.5157005600471,15.8542905841619,17.2325176894049,15.1828410768088,14.2255356384839,16.1641842028192,13.9738556028752,17.1645663248697,15.6380102698874,11.1258252290254,17.4672658511593,16.5425007950346,14.4590151729053,18.4954677519242,19.3538551317579,17.3115423995958,21.6183540216506,17.5715700419678,16.5977660369483,20.4139217604591,13.2736035437686,16.859174179784,16.579972805809,18.5963965684561,14.6543557762775,22.2628471332366,22.8087418112501,18.0691084878763,16.7544001611625,18.4485877046048,17.7714148121434,20.1346451879576,15.4457403285543,14.3006856090432,15.02909307133,15.167350456658,19.041541350134,15.2360124395584,12.4976156642708,15.3766050078498,15.881339356697,15.3998918650134,17.2470404620398,17.9369742164447,16.9498496814764,18.1268325330097,21.791517053249,19.9489781405657,17.6634689605862,19.9071510684819,22.1538116124659,21.3475235112127,21.1695857353301,16.0388178730287,16.4240165745335,16.5804733116786,15.7524015754434,17.0676094755898,16.6056716666251
"Mock_4d_3",0,18.4983765402786,15.7027276535455,14.9504234745838,21.4795791044927,18.9084429240168,18.9122260300858,20.3955217148652,19.0952265367248,22.0275334854572,21.7575098529482,17.2352762678017,17.7900357205076,17.3858572673744,17.4840445056653,17.017538212519,17.2904589147315,18.2454601511208,18.3141157538616,18.8726364642467,15.3831894472777,21.0115418986994,16.5298064373739,18.5994285712466,16.5949869726272,18.3521079666642,19.0484610974766,18.3121536857011,15.1725193760508,14.0312344161847,12.0020015209061,18.9732656521183,14.0134722784268,16.8882486436134,15.8031857442386,14.9687258469155,15.0322500810672,17.6234365700876,14.5974557607378,15.4431216193422,21.2654645366299,18.5171887890354,18.7842580162888,16.9755451210577,21.8734934901263,22.6583517320433,19.7023093598837,22.8215035641747,20.6229906195295,21.9628131535043,17.1678721325204,17.810684689944,16.9679875895365,21.146424331151,20.0864043348307,23.4316048477066,21.961851053316,22.1370009654611,20.7265306327896,22.2768728216364,22.3500316452742,19.1140126638111,19.4986796585205,21.1221191151887,17.3829450787226,18.9533913401987,20.6663829809445,17.7089661905262,16.9305826914971,19.5497363807446,18.2842248480626,22.9353708266623,23.7288792928417,23.4376598876696,20.7338413132845,22.7674121211671,21.5534500088855,19.087481617587,19.8081621301702,21.2477054758076,16.1716337259978,23.5130321422603,22.1782010245686,18.7801145973491,18.5206457741841,23.6531117389343,20.4821365879459,23.642297653214,22.9486426894636,18.8133535713356,22.2246797453772,15.9253428204371,17.973301742732,17.1753893446236,16.2646931418123,14.7499025627399,15.8259659258171,20.1334475110182,14.7999631711705,17.2990172196838,18.7882349192115,20.3069074939313,18.7400693604643,20.4519529741118,16.1180928970119,18.4106234401466,17.347788683862,18.9355849367508,16.3193880842299,15.6671897389652,17.7413277991105,15.00656852008,17.8742679154547,17.3941245652076,12.9080003052549,18.8072803287967,17.8538435941311,15.9188988955178,20.0587937430336,20.2753484594645,17.843683982454,22.4099762544232,18.8419288066888,17.5690011048219,21.5978391069481,14.7312257931822,18.1267978807039,17.3923166365721,18.9300394944065,16.0984123730945,23.1339171715344,23.3019839741457,18.5858813979632,15.9634439076296,19.545083956471,18.8820856012913,21.3427633415541,16.5972854782539,15.4439828296514,16.5215835474187,16.2001113555917,20.132079200257,16.7440044647782,13.9183994179028,16.9204444516386,17.4958096570552,16.9777566352368,18.1889475106553,19.0140395459589,18.3624077950719,19.9648898958238,22.5609264717988,20.6761674671711,18.9915782417676,21.0927124675771,22.7798652047113,22.1607090026425,21.9203338630099,16.7160689926244,17.2144181423491,18.0331337686214,17.6792864726389,19.6815206753555,19.1072510837852
"Mock_7d_1",0,16.8512977360075,12.7332078712017,14.0858720363121,20.2530243928332,16.5862639368626,15.0342221660165,15.9121593171363,13.3518616448667,16.9610156242437,19.2633378373097,11.8903586385866,17.8472453950899,14.7184049422504,15.1520155449352,13.7967038807674,13.6934561166093,16.0437899481062,16.0083126924236,15.7735692541276,14.6143745976124,18.2776025476817,13.7640802946926,16.3148704406231,14.8705261449336,16.3801162018845,16.5689572823739,15.8394947443887,12.9183113317826,12.4838414802748,12.0418265636075,18.733909771264,11.6199414236386,15.0863452091565,14.266673608446,14.1702383580172,14.412841932778,14.4567370437559,17.1865262635323,14.2753693481294,21.3515011145586,15.6302161243792,16.3251414147974,15.0236454010673,20.7300382448589,20.9634742474496,16.7851547961881,21.5334206365467,19.4934361189336,20.7727992235931,15.8485770975575,15.9719186164847,16.2960517758764,20.2916548158184,18.8319790513286,22.810387668224,21.0579634721542,21.2304220167222,21.5180765705684,21.3937410640632,21.3932770615653,19.9028218537221,21.8388871009874,23.1514156359056,14.2279341992826,20.1921814242104,22.508027822268,14.1380767687358,16.7299953181067,16.2653211656838,15.4432438135089,21.2164729355142,22.6807388457807,22.2334826143607,18.7466613113662,20.7871376517488,20.5186521952901,16.3019616537573,17.6381603425513,18.3348942437502,14.4512347607271,21.5014108136813,19.8853241854207,17.0770425657207,16.8453070378323,22.8269530186201,17.868098908707,22.7373971372782,22.0681053274916,17.4958497825978,21.1914029576281,15.9884407812148,14.6396682696237,17.3440189818631,16.4556179485046,14.8612050654429,15.0595151142571,20.6257271227452,15.1486055170376,16.535566095356,18.6251837606835,20.2039072947485,18.6563005769101,20.816693656536,15.4814751307103,19.0949647313604,17.7691801550126,19.2266825069633,16.4554682019512,15.5966080141991,18.743410604268,15.4527280069392,21.0274730783064,18.8060911315439,14.6997428349079,20.1198026786042,19.1010244583178,17.2304492832314,18.0699202467621,19.0513933386214,17.0462132780165,21.7156597861106,17.4105146255791,16.1119852394987,19.9045385249335,14.3118735681451,17.8100565478392,16.3607297618691,18.3101879745177,13.4331519130854,21.0558978624527,22.7511854606262,17.8131270869531,16.4355046951007,18.6043672664036,18.4799318243299,20.7598056101434,16.8147969895754,16.9226232353597,16.4284456692615,14.5333811859979,22.2953858402989,16.8089121458739,14.9575720057038,18.9589588622647,14.3955049795758,15.8049411174688,17.6550306930749,18.6111108230156,18.6884252346942,17.9495134533928,21.313466133326,20.2589196486532,16.2066040829433,18.8033925087502,21.7166278515538,21.0382987872673,21.6083939209217,17.0856018007989,17.5087745253056,18.1056580651128,17.7108178871238,19.3388427247575,18.8521272285965
"Mock_7d_2",0,18.2260697809255,16.1161541939461,15.3491717379627,21.6297206909425,19.0796918042947,18.8459447074066,20.3024248705295,19.0003616341863,22.2307663285102,21.7012648929981,17.6257305780246,17.7114757284878,16.6929936368923,17.5479172082756,17.5190670213823,17.3529426955257,18.2144919593809,18.1430007347034,19.3668904580789,15.7023051319411,21.0586112796603,16.1968486747907,18.8266273274388,16.6216453453713,18.4274600427836,18.9897439925784,18.4136349011134,15.3443593062072,14.7078145031817,12.0724759496359,19.1326420228184,14.0190818191559,16.931027818028,17.0094276589199,14.8257295750711,14.9687042293162,17.0801927945694,17.4868546574138,14.7582127416205,21.1688798857064,18.462050630806,19.0559059693107,17.2726198191243,22.2614239503407,22.9616166096885,20.8056899558321,23.124534543596,20.7971809023164,21.4993651525448,17.8295479689606,18.3010774886636,16.8633044738124,20.4697150911462,20.2059687524779,23.3774213176156,21.8739287097652,22.1680458805151,20.6005794560274,22.3980482150355,22.44958872786,19.270415390154,19.2311756140324,21.0807393084771,17.5152097981105,18.8068497942995,20.49452028925,17.8999886607329,16.220545866262,19.7450505722766,18.9348839474073,22.9244977537625,23.7588430261961,23.3941027096907,21.1503113060518,22.7852264506358,21.6937306836847,19.126360087402,19.6887612585232,21.6438799644605,15.956786372842,23.4864350056561,22.2160899574821,16.26575838823,18.3857573624627,23.4440442708262,20.5569544463052,23.7261675293504,23.1784682141005,19.15444900276,22.4291601150232,16.0316174144016,18.4157622670663,16.7917460612857,15.9999559717696,14.6061256007219,16.1422912599649,19.8683950238645,14.343722622949,16.9348336580709,18.4150922317193,20.2112469682168,18.2120743416757,20.4413298946999,15.9578913097364,18.3384060190687,17.2073988209786,18.0365975566132,16.2599037075682,16.0668075807511,17.773023472495,15.1236547652056,18.0723596564393,17.1494663389839,13.7344908094043,18.995208871748,17.304521224261,16.0114729697084,20.0199089811138,20.4341546627953,18.2076974422923,22.7285234230238,19.0022781743113,17.9505924712713,21.4747067041642,14.767192151849,18.3697892843478,17.0781563468063,18.6195712942427,16.0078567489133,23.2807128677742,23.2028366101207,19.1106660195839,19.900814581877,19.5415228809713,19.1490603431879,21.6203286875108,16.7761381130446,15.4269146547229,16.8913603277122,16.1917515879263,20.1788474835375,16.6031986823346,14.0128955833664,16.6157822802113,18.1037624274652,17.6680063290976,18.8043642400473,19.5176212152941,18.4861613500383,20.004178453041,22.4465460909382,20.9375537808747,18.9381544750785,21.1588643553402,22.8110284096295,21.8590312962454,22.2451489308262,16.4995445952304,17.593163130364,18.3500946570923,18.1322527619352,19.8670485901526,19.3498312574967
"Mock_7d_3",0,18.2441091569533,16.0817928778052,15.7939090637747,21.4436945521656,18.9364516634489,18.7959530368595,20.0534917533654,18.7890352763848,21.8829726587237,21.4825734932333,16.9399851791577,17.4448321546753,17.02983533967,17.2477493646254,17.4999216562786,17.1604004940819,18.1646250920925,18.2522968530534,18.9782564980339,15.2150377620937,20.768757175177,16.0516630047983,18.6160439808949,16.2360336135448,17.9872872619063,18.7885562504025,18.3085522077719,15.2677168231858,14.2187398529327,12.0074456605665,18.8965969146031,14.6177936415206,16.9633446813792,16.8713394877367,14.8117600852977,15.8491195736644,17.1470283380009,17.8942789725827,14.539063059826,21.4751490817778,18.5177567198292,18.5242234141789,16.9694477414067,22.0748117674945,22.8056303306947,20.2624890317698,23.0336098544946,20.5852084149521,21.5344162868133,17.3446533674039,17.8861782689548,16.7508378108794,21.0979356690267,20.0493596776588,23.4454265111283,21.8855418497424,22.2651460105825,20.9910008601553,22.3460885441975,22.3523550547013,19.0047918968664,19.3468139820434,21.0832179787972,17.5293191404605,18.9188680584661,20.640580676253,17.4945124765644,16.0788576820984,19.7784341197798,18.7861926396934,22.9436546548218,23.7676086202828,23.5025433962492,21.0980084621426,22.7920842908234,21.6537490868005,19.1935154345273,19.701706541625,21.179816629179,15.8611949351644,23.4266957508328,22.158965408601,16.0776126018021,18.1482523539269,23.3939663342563,20.2866479994184,23.6441390391099,23.0812007563192,19.0602394239554,22.3505239277538,16.1707107099465,17.9303391399586,16.9749910343269,15.9801641631159,14.6244959593038,15.9250731123422,19.9869645936053,14.5611950501444,17.1841203223868,18.7496998525249,20.2798906583966,18.4530642361408,20.4055346704541,15.7748005291567,18.2413985663413,17.2564439629833,18.7620899115051,16.3665295291256,15.6039369944392,17.7392691815239,15.2933092815015,18.0720305171496,17.0825379261147,13.7576070023655,18.7193418156654,17.4954771453345,15.8166089986947,20.1319209992728,20.3639923434371,17.8636207616021,22.5910530614565,18.8180052669998,17.7563783689541,21.4713238192812,14.5458006550693,18.1551339915113,17.3202620660573,18.6869723570555,15.4773059405086,23.0171660734757,23.2253536731183,19.062895302515,19.6318268294086,19.469774576886,19.3432122876481,21.5647013283305,16.7878330300329,15.1830472684616,16.6136626865064,15.8882564486198,19.7125946931909,16.8484031679155,13.7100787972797,16.2212910664006,18.1031779754851,17.3778474321419,18.4748177134774,19.191067500276,18.6467221768938,20.2920734561268,22.3323794375475,20.8953392476252,18.9515925192611,21.0118440213369,22.7806535988746,21.7966517047001,22.1071359636112,16.6260857588955,17.4418528955951,18.2195941066645,17.6085624461992,19.516708510623,18.8841666055424
"5x10e4_2d_1",1,19.0860399849459,16.7128042582061,15.571487296654,21.5186802862383,18.6760691965915,18.6911309429054,20.156877591563,18.4588172283431,21.8742256950258,21.2374000655745,17.070727455294,17.349597908976,16.2677145375124,17.4677321548516,16.5162067878923,16.4651844914777,17.9614073001381,17.8060359494475,18.4426248934514,14.744156639416,20.408378465072,15.7377893965925,18.1391548937759,16.2157769266053,18.0962034595033,18.9063046349267,17.9041216335331,14.7000456388411,15.0208295847964,11.9046874445847,18.4583564203207,13.878713373028,16.4370609248966,16.5305007595777,14.4723482449525,14.8835330269582,17.5032493834053,15.5779592510716,15.4822141547571,20.6533471825976,18.5925542139951,18.582791249209,17.2006855213559,21.9404293860988,22.6385281645202,19.8814823818081,22.7549466120266,20.700084808134,22.0898312621705,16.9246485233382,17.5735311626997,16.8712403952237,20.8737450456324,20.0263120272087,23.3892546518007,21.7157151844709,22.1121149310875,20.2229684973243,22.4269330764456,22.1590940256079,19.5267213000364,19.8043941775763,21.5941337862332,17.2717090768042,19.1934754291522,20.9464148842654,17.6767111172568,18.3011234127229,19.5187820813316,18.066902485317,22.6994230218921,23.6857927067467,23.3477653041351,20.7833494870785,22.6202364965833,21.3164313903191,18.726543625064,19.504509640417,20.5028651808788,15.5767440485341,23.1831240714855,21.3801021942038,18.1653261247142,18.4341554265294,23.3521955436016,19.4706841920116,23.3975289332105,22.4413668782322,18.0137697384073,21.536500033279,14.6408411160972,16.3378709390202,16.6111847965187,15.0772026615087,13.8426843003121,15.348219992122,19.4513810481997,14.435456751215,16.3694984389547,17.9054806580988,19.3886984345635,17.6243141116938,19.472635811491,15.6108210850905,17.7472626467777,16.4256899781908,18.6337990029018,15.2414152969503,14.6826667500147,17.1709343775093,14.5203280514152,17.8000438726763,16.839198500935,12.2379813128555,18.2587250275117,17.1938787408316,15.4345343160881,20.2588309656136,20.7895910537746,18.4417793323518,22.237720692157,18.8461144371582,17.9084978066109,21.2018672601338,15.1844254654469,17.9047095837015,17.5096718469077,19.8185706707862,15.4982529617575,22.9762810082683,23.0835749268631,18.7745986736837,18.3841123465023,19.4232196742084,19.1063475986636,20.8854967927578,16.4390298608983,16.6197208348172,16.1890009180009,15.9286271637279,20.684262362965,16.8396338098045,14.6111965058275,17.3530778877348,17.2969062673962,16.7512219375334,17.897884314187,18.7717717421575,17.9700669983462,19.7017347746188,22.1310560803276,20.4461406781659,18.2390574241385,20.8035965832673,22.6090462547701,21.6836905011516,21.7916563501038,16.9067254828157,16.8709826664108,17.5194937260766,16.9233272133642,18.2995255409451,17.8544184332319
"5x10e4_2d_2",1,19.2375736620606,16.3571033369905,15.9791464798523,21.492308831871,19.0781293029019,18.8634393725126,20.3206633994437,19.150661796569,22.1496634027037,21.55582472375,17.2979303740761,17.4485004947618,16.9134906164026,17.7488340759677,16.5866137354006,16.6992781296159,18.4402668462511,18.071050506981,18.501459044895,14.9400948991598,20.6445025896416,16.129647613401,18.2202445780987,16.5415936569979,17.9906965041806,19.0378192204968,17.9981103074496,14.7672196372169,14.7548942285804,11.8730710973667,18.7694409862657,13.946225671815,16.5102148504899,15.5449435681728,14.7610466533207,14.7928050858966,17.3848727903662,14.4065208531641,15.3292962462743,21.1485893814165,18.3841439737778,18.7157437729626,17.2563816204288,21.8584824805337,22.6728706206365,20.1707877141691,22.7544595968336,20.6258469380883,22.1023746280504,17.1586566809938,17.5778421898923,16.9124860897474,21.093575853416,20.2798307374671,23.4350681816389,21.8737722635612,22.2084030153413,20.8436875282329,22.4623788278959,22.2318929390472,19.749335782201,20.1570912290178,21.6824448307675,17.4157497615582,19.556667889263,21.2744283477004,17.224161430908,17.119090726986,19.3420533663728,18.1361983982798,22.8004740728219,23.6379377696946,23.4199203275364,20.8191567129053,22.7106773925061,21.4117985284903,18.8457958186478,19.4173513890954,20.9615518771091,15.9519592906872,23.3280881390813,21.8501749124723,18.6218236179709,18.4590480776177,23.4695414632066,20.1174178338991,23.6270043433846,22.8569882307079,18.7217221171894,22.0879889717476,16.0015554322167,17.5410135220205,17.1060683093708,16.0696585605442,14.8843993510843,15.8370556057538,19.8776233001274,14.6288477674519,17.0361994418233,18.1038326866297,19.8254459224658,18.4925127473843,20.2463480294372,15.8464845395024,18.1351332515187,17.1147642922758,18.8851793990478,16.2344104933217,15.6254650546939,17.8822097979111,15.136758208611,18.5393431943151,17.486578503714,13.0708315994713,19.1811593862028,18.1197153065257,16.0298542073495,20.4711086979369,20.8182849242715,18.0538162019385,22.4395800730926,18.9107697986999,17.7269472627248,21.572498778393,14.9543709898021,18.0517595745187,17.6359035167417,19.5268116666496,16.0410712179981,23.2065775543264,23.2765191790409,18.5666672732816,16.741805280007,19.6416655873542,19.3007731524846,21.3130560092076,16.7377189566154,16.3003024218089,16.57620994857,16.3740735519049,20.619135008354,16.7100996130113,14.2700751362268,17.4540002643579,17.7211011709893,17.2825684090671,18.4196063714273,19.1974352392576,18.7631869329488,19.9934255382943,22.2638865288139,20.7737362478102,18.6823862109552,20.9426934680544,22.6902211834676,22.0304615474152,21.8626583544372,16.8359708720462,16.9973914180002,18.0607656815269,17.5608467279763,19.2335655554898,18.782619452238
"5x10e4_2d_3",1,19.5411772219432,16.8300742353845,15.7881623185229,22.0560300481872,19.3310637203244,18.9291553578912,20.4346759445773,19.1183285161908,21.8463392457152,21.8706846365179,17.2030015664483,18.1587092186494,17.0587346307302,17.9272970141954,16.9142836598923,16.6195736449256,18.7150327671682,18.515459591411,19.0488714714234,14.63036056598,21.1201609754056,16.3920548059389,18.7131441987923,17.1074144077433,19.0082759281269,19.4598536961233,18.569797212703,15.3660801757882,15.8021827426056,14.384719337358,19.8723417821443,15.5778466835578,17.4275322937926,16.9212055294257,15.5089102589693,16.0872169458051,18.2296658254778,15.8335518205525,14.9901858692423,21.1526828151108,18.5387549319194,18.1419190902415,17.488983071023,21.7390531220121,22.5222844717875,19.0597751816312,22.7954329013683,21.0586261417938,22.2231501744139,16.3723645333542,17.2265142096348,17.1839845311387,21.0775368164492,20.4461336089377,23.6145766321374,22.4129060063397,22.6644289463971,20.6030751595469,22.597840356947,22.2804144001869,19.5883242813291,19.9579432807157,21.8553592593198,17.6813705420296,19.9438834527723,21.3651439293079,18.2412215009603,17.593942259638,19.3618139601995,17.900541999094,22.7760808694025,23.720929537002,23.5131442182685,20.982742700212,22.9079100236793,21.7794987496904,19.218611567774,19.9122030007587,19.949479701596,15.529634412957,22.8523495781015,21.1061988534873,17.9095485109599,18.1104845842452,23.1681845577305,19.1653598638627,23.3489710956705,22.346968680495,17.7952414442954,21.9298217610694,16.2761663018588,16.6440188624323,17.1970918804582,15.9571933714942,14.6234002873245,15.3737939218149,20.0062735099036,14.6559383503841,17.3648576214702,19.0227924471341,20.6975166522479,18.7292382909593,20.6266921615641,16.3570383478241,18.9501685627217,17.5312265227879,19.4871832727997,16.3958674904858,15.2421599762191,18.3068432624526,14.9374914617022,18.3971433323539,17.6908506600533,13.1729857951925,18.7996829033421,18.1616452029734,17.189538803789,19.5991796197391,20.1441805503108,17.778225752499,22.4372134833352,19.0838480566614,17.3329165578362,21.4775390382409,14.6869534483645,18.2659891070556,17.3376887243438,19.3154009881616,15.6061087657865,22.9886247109772,23.4726130065823,19.3615477389995,18.0521192481459,19.8176942345911,19.2047006839279,21.1396913907087,16.9281357433348,16.0326484463622,16.6026032753317,16.1991338801672,20.8203893442577,17.2263045821882,14.9287614212443,17.2552888205528,17.9952350135554,17.0017524702969,18.1254319170059,19.0906030213592,18.5745570345258,20.2774407966192,22.4193692519982,21.0937078551187,18.655707040979,21.0884815899639,22.8342664737019,22.2425472901739,22.2647801769343,17.0318541291495,17.078532465184,17.8831652224383,16.7852856277401,18.4463782345877,17.8697416139026
"5x10e4_2d_4",1,15.9822740754938,11.7740302505531,13.2375218287042,19.2468203169729,15.6116076224581,14.1895939988924,15.1417231482557,13.0853904395662,16.7181247860988,18.3299523248671,11.6909054212266,16.1601719551831,13.967755372172,15.0791273106381,14.6482079079781,15.0701972841959,15.898140235159,15.9054710176212,16.3497517693821,12.7540812260685,18.1544262878192,14.649219990029,16.1761357042675,13.7701033966494,15.7818139263707,16.4806215986615,15.6663105922522,12.0299911590909,13.0123212154927,12.9339362562864,18.0406408952735,11.9600995320291,15.1037227351263,14.2689031702426,13.5252554245583,14.9614288507093,14.1073748157543,17.5010121458642,12.6972346373911,20.7265537069883,16.0957601440823,16.6839616873991,15.5992109538925,20.6195756597935,20.5127704771719,16.8210974043708,21.162051054723,18.8322016297005,20.6144821632387,14.992674060197,15.1750655279676,15.2840055024742,19.2514374794177,18.8836256858567,22.4418347900158,20.8477813961977,21.0301840149594,20.5913099257833,21.0053682414949,20.4328864338288,19.3956167623969,20.2286930597254,21.8706289548118,14.5151022148389,19.7563896698621,21.7073324835756,14.2704369207079,16.3527986022327,17.5893860996947,15.8163733561931,21.4302893214246,22.5168645345075,22.1511192274851,18.6713935628011,20.2375530941561,19.1590128518975,15.5624619629343,16.817531276794,18.8233210735452,14.9728238193189,22.1221712621748,20.3279488034491,17.3563380515527,16.1147484090198,22.20568274755,17.9616950267127,22.6549687642083,21.5499849662175,16.5593831592563,20.9605493436036,15.6504072335098,15.8900795257416,15.6080005058622,14.3237854121427,13.4389652878954,13.0122881342137,18.1168434883771,12.2689996572622,14.8614703208753,17.7410857067418,19.2225300500302,17.8595624632907,19.5144175373344,14.8499647270356,17.5750506486269,16.2597510205644,17.9039198982808,15.704596234093,14.7703004370664,17.3032236083997,14.0569566626173,19.4626409324613,17.0167248199003,12.5557637684291,19.6040205019004,17.4990926002834,15.2742742039372,18.0472790405774,19.0161813962596,16.3569409928723,21.2281606219492,17.1478078289656,15.7478544120327,19.8800794324489,13.5778569382804,16.602082857347,16.363703000107,18.0492212280493,11.8995821604722,21.1756346718786,22.1630300095672,17.1522370224785,16.4932070420232,17.8597256704238,17.8483485300041,19.7707072393754,15.3494306683979,17.248271292955,14.9492982832918,13.1894032199669,21.7658514024857,15.2592615375836,13.5487848754575,18.5814351849042,14.7286521233209,13.7443561261147,16.4593814613705,17.3383971775074,16.1911334832321,14.912135281441,21.0411073231592,18.9446267285991,16.1273958312498,18.2879072147561,21.183273272774,19.9646311824804,20.2715103318197,15.663510438576,16.5713981810082,16.5401247269016,15.6975855831854,17.542649095647,16.9557809644791
"5x10e4_4d_1",1,19.6201297536115,16.5819032423583,16.2750134890175,21.9495835370557,19.2841546554532,19.0831320968012,20.5535269987165,19.1100669891986,22.3734663127421,21.6937290887518,17.577151381638,17.9570071621542,16.8584820062636,18.0650423348104,17.1502906954264,17.0275660502742,18.6948436231135,18.5987583590687,19.1956599631036,15.2570882515324,21.0310852953558,16.4922018502761,18.6658332561103,16.6793695968399,18.5443370657737,19.315124679905,18.5046406846984,15.3989351828027,14.6589867697142,12.1445983454398,18.5361167577643,14.5745042568962,16.6446778402058,15.7318864087744,14.7172055337114,15.4364967885668,17.8801960466292,14.7332336321916,15.6150539368522,20.9803248302241,18.7742525987393,19.039532566135,17.5941975848073,22.085176453402,22.7697769199023,20.22546209017,22.8806729640513,20.9098196721268,22.120960966437,17.3826538396848,17.8172601601063,16.8880265549034,21.1082995158457,20.3190943416488,23.5272168739977,21.9609417645497,22.2052146985218,20.6947855049423,22.4946875194058,22.2408489670874,19.7617767292512,20.0087329358154,21.7793063686283,17.9255894804047,19.3610195681513,21.1284382267348,17.9776709645073,17.726863509921,19.6903058116714,18.4713535913348,22.9154760555503,23.7460719275532,23.4918595781501,20.8659113520429,22.8375757728039,21.4317683116811,19.1616748770645,19.563346301489,21.0363649729833,15.7674801159202,23.4836744640172,21.7336075802969,18.5007587443801,18.6104751926684,23.4608481850755,19.9419509857263,23.6458381591867,22.8059122984771,18.3492597633245,21.9989143811148,15.8232432188993,17.2545102341595,16.8954614764754,15.8497751236161,14.1944958210158,15.6964361271416,19.8873969008986,14.5538417119804,16.7757330403435,18.4672888651464,20.128176242867,18.5010687753148,20.4132929708258,15.9947937315802,18.7393824015085,17.2823399024287,18.9716186268783,15.8393054900952,15.5493314565592,17.9926795916485,15.2860208709572,18.477909174895,17.3340073902815,13.0634528508723,18.8602062754722,17.6369691669484,16.209671255841,20.773780306776,20.7595288085869,18.4706419951797,22.4662856121551,18.9620227778626,17.7906612052011,21.5706761413299,15.0758646145536,17.9999671509397,17.811647604258,19.5277061936547,15.9809369099539,22.8386318932785,23.2219972493643,18.2612824731599,15.8795473540866,19.4821804198628,19.33957412483,21.1532764755979,16.6739854261829,16.7296225067286,16.666232130945,16.0054540822328,20.9698015723406,16.7023316620759,14.3699336869353,17.6149261469756,17.7066584181791,17.2494883437031,18.3057226443463,19.1044299913804,18.5186427114703,19.9290415509686,22.2516294746737,20.3271234743046,18.4050782127202,20.7171233058145,22.7098071139304,22.0109364394479,21.9228657342908,16.8523856804642,16.6923641369738,17.626158077137,17.0124291506795,18.6706684579358,18.1876711810671
"5x10e4_4d_2",1,19.1883701626992,16.6765137826172,15.8881494977736,21.6773358681186,18.6911244451358,18.5297181642485,20.2773521096114,18.7683128674037,21.8434342227009,21.3831618870021,17.0827248588816,17.6107741224731,16.4398826130581,17.3703199759829,16.527973274744,16.3186427905139,18.1684207069005,18.1199457547834,18.6203509511842,14.8704403546886,20.6123273572856,16.1701781376954,18.2007411895122,16.6316372451772,18.4219057190822,19.1465703847937,18.0649578301262,15.0855674404977,14.5559130517469,12.407119528354,18.4367782490172,13.7563706313444,16.2550222286834,15.4062072116618,14.4542761970108,14.3989996161114,16.8060315229847,14.5039630295246,15.6298584025032,20.9735094214118,18.3128801862529,18.4051830224751,17.1244657587375,21.8409328039443,22.5518571439367,20.0799461449059,22.67000925009,20.6173839478388,22.0300447233938,16.7762112209197,17.5592065721314,16.9699782357718,20.860701589736,20.1932334180994,23.3903924230423,21.7222232270777,22.1007507121994,20.6263576299367,22.4346978302195,22.1310640897611,19.8963612317401,20.1730616102908,21.7584127343087,17.2556651355933,19.4765978929611,21.2257799390691,17.585913366014,17.1914300679723,19.2067598169519,18.0131965706009,22.7448556971707,23.6522854684115,23.3703145210188,20.8588526482124,22.563591971282,21.4752650055902,18.774845259241,19.1612626139163,20.8543815255863,15.759532770525,23.2559922424613,21.5606103852332,18.2931753883775,18.4767198798537,23.3890721153562,19.9396996349736,23.4741370437575,22.7443306656322,18.3990341793522,21.9877690910858,15.7690052657181,17.36308215283,16.9789308855033,15.8225154976287,14.669563519768,15.6872784938004,19.9052471567975,14.5970105739958,17.0681735717237,18.0349299060941,19.8827349259812,18.0825949342431,20.06954564557,15.7863451157344,18.189305935625,17.0785989150596,18.8551444086947,15.9953926308505,14.9857465842283,17.6994017338073,15.2215098312859,18.4832089794304,17.2873427824948,13.1628997459378,19.1535718227137,17.7485832085901,15.9274174696628,20.1353156847467,20.6452641642445,18.2247943941729,22.4192572368057,18.856029653741,17.7469642648962,21.5317382775991,15.1169240564228,18.0613126803518,17.3602438977325,19.4233457458373,15.8136670085633,23.1597943634687,23.1666202224228,18.6882325912675,17.219095976587,19.4248188001242,19.1468568555893,21.1438550997792,16.6998537998107,16.5814921919195,16.9388544157792,15.7546588872592,21.0536960749928,17.0909692888152,14.6551282229193,17.9004729931202,17.3132320875732,16.9429969380749,18.4359333214827,19.0328461588222,18.6575227884096,19.9554813248917,22.1818460644473,20.7403648478754,18.4711704834749,20.8015151673605,22.5033783583442,21.8063328849043,21.8829973717276,16.7803877780358,16.7714256936182,17.7475215291282,17.0853119816579,18.9796595538089,18.3914229668093
"5x10e4_4d_3",1,19.1271139734054,16.9593056335501,15.9842190388602,22.0599152619501,19.2543618774718,18.8194928655205,20.2217844574278,19.0274032188384,21.8585285788424,21.6710232248131,17.0604013951829,18.349921806532,16.9268130110086,17.7758034566342,16.8671700337405,16.1375485825008,18.5762545894149,18.0971420983154,18.8014723420317,14.7926892308861,21.0664160744734,15.4581810443293,18.3849420693806,17.0372414516301,18.9216685384571,19.3162508675207,18.4089982604743,15.6165919172315,15.7821189890764,13.4625910114533,19.7204133643098,14.7633477363397,17.3998306000369,17.052997649376,15.3878867738728,15.67184779632,17.6378270230377,18.1964813129954,14.0514082752975,21.1187385000581,18.2379008127741,17.7528325409943,17.0941679131627,21.8377903688768,22.5349279799084,19.356450223895,22.8760543957055,20.9359005135928,21.6443784822048,16.5080503160553,16.9264786093552,16.8405679972143,20.8221175019745,20.3539657479739,23.5281528914727,22.1895226671167,22.49991812939,20.5606942231287,22.4723142785678,22.2091299648151,19.0832231737634,19.3817532384095,21.23856188874,17.452816218146,19.2628993071362,20.9503262858484,17.7686564329902,15.525117276232,19.2413166562985,18.1127953423843,22.8213362670483,23.7239609567296,23.4932144952311,20.8075185419868,22.7847015342864,21.4476173872265,19.0176394721007,19.7957971149676,20.5551958593114,15.6394939550617,23.1806541778735,21.8197771062773,16.6579859873608,18.3087725739436,23.1854737515069,19.6851417655806,23.6004915523304,22.9118634582942,18.5520936346095,22.3581976423979,16.8722538449347,17.2378574983717,17.1821735166999,16.3291697587768,15.2086846122135,15.4713430471361,19.7264459202924,14.0773425269944,17.3705348319428,19.1757039529034,20.5901045505429,18.7227355221701,21.2531821224063,15.6907188624829,18.7454681464448,17.4177754002296,18.982666724411,17.4213803154562,15.082349832039,18.058352984356,15.6807210354249,18.1848341894143,17.3605236211405,13.1989060019147,19.0281121185367,17.8442640326269,16.477064773806,20.0045032095707,20.4325077483611,17.3933908502549,22.5880151711887,18.8292274126043,17.5633115016744,21.6893978778664,15.1201926227894,18.3180563214257,17.3218581994449,18.7394751137139,15.1067996515166,22.9005387745893,23.1651176912989,19.0461238320411,19.5244109116884,19.6063224080111,19.5040353085072,21.4563984106597,17.0139225333498,15.0956270424118,16.6885698337723,15.7928975051163,20.0953788321326,16.4279756950728,14.49872822456,16.6787044690901,18.1556684399445,17.2269824537834,18.5753679735045,19.4377645155309,18.9801000830707,20.2421601216268,22.0638923835384,21.2127765907013,18.4777916109136,20.8103231370971,22.6618879994174,21.6772871498596,22.1576826160801,16.8912298692736,17.3782245953472,18.1575251935538,17.813304930108,19.2951436566433,18.7242350890691
"5x10e4_4d_4",1,19.2727876633626,16.7639425632204,15.8513226162866,22.149691618909,19.6285001633135,18.8467790038828,20.391789912888,19.2360178426051,22.0029746388601,21.6540814806222,17.2095222314165,18.439499545689,16.8681369746387,18.00093545426,17.0019671716539,16.1979998260424,18.9548726317233,18.1424388233025,19.0742125258928,14.2802574958783,21.3637400232532,15.5060164764468,18.6549183016847,17.4945281018933,19.2179877146615,19.6440149003934,18.6978993364067,15.7792498518163,16.1592046116626,13.6115093568756,20.7156032336055,15.2298789247054,17.8194744468923,17.633623866842,15.5813844973395,16.9179258007329,17.8191169424973,18.8408074990565,14.0420621104285,21.1700712939332,18.5266867992683,17.4971296773515,17.5331679917762,21.7123714525032,22.5146179908124,19.4137438679069,22.9146713513294,20.7500206779099,21.6655957214519,16.6371231077975,17.0859729047287,17.2812258385481,20.6603374057235,20.2791457905272,23.5597657877893,22.3122870756867,22.5050463494823,21.2570594690869,22.5955532070455,22.3445756251316,19.2980101113738,20.7814978934036,22.2942554421673,17.3411813579276,20.6069975850884,21.6562211327797,18.0088365246138,16.6069302848586,19.3703850348183,17.9223839624595,22.8528753069322,23.7910335828649,23.5071368588491,20.6508031659669,22.8394635080875,21.759660156277,18.91689757833,19.752112321488,20.3487983805295,15.8425125360428,23.0137450375939,21.4831253140582,16.4179415971372,18.4677846341213,23.0998031849594,19.5386270685206,23.4385629418661,22.4710769356667,18.0274315680158,21.9911152474772,16.7905080909318,17.4023791105475,17.2574458255344,15.7925900468402,14.4862298608916,15.1048696915524,19.3693944658031,14.4674457236799,16.6728054612263,19.2598791465914,20.9751074854334,19.1533007551024,21.254130445181,16.2783338901126,18.9362445126048,18.1244720694116,19.5222388478053,17.1217320624337,16.1737817313177,18.6978002024281,15.8060879839588,18.237087247411,18.3655016007295,13.5351337931846,18.6494708712797,18.6316598900372,16.9932300378572,20.2406157934312,21.0446794364192,18.322813190015,22.7695395550838,19.2398725010425,17.8601463033408,21.8941399866982,15.5535596917855,18.8110388983608,17.8478345266855,19.3752110225303,15.5330606697201,23.3310049305447,23.4928127001969,19.925379586675,19.8538419764188,20.2571177529432,20.2776239712431,21.8137269873822,17.6072584002782,16.2646059582765,17.6995883380676,15.9233983086515,20.9867412256577,17.4306735658414,15.8252531660187,17.5822408894958,18.1345190728076,16.825074945303,18.5209261513643,19.2355211158155,18.8379053522926,20.2669526351046,22.3353396471409,21.5047792319874,18.4717404481167,20.8684342124078,22.7404966136891,21.846785219599,22.4370839176671,17.0428817140474,17.7242715250708,18.3966529885934,17.9968778046183,19.7688208672585,19.2038415948056
"5x10e4_7d_1",1,19.7777337940762,17.0947890407303,16.2970897868108,22.1818158926531,19.4365570244507,18.8075840830232,20.2582061490743,19.2686140987567,21.9933337090861,21.9728883986074,17.5325920672891,18.5571258155254,17.004890284206,18.1646916818226,17.1075773939641,16.8264516040136,18.7530027685591,18.7468054169529,19.1741479065889,14.5240881569052,21.2803632807114,16.4469672865185,18.7019126192035,17.2102859304203,19.1823658602453,19.5086150853962,18.6165492924674,15.4955319186781,15.6106217368343,13.5217223939015,19.6023739022083,15.4190390973047,16.8868576562746,16.2772923669697,15.1856980151494,15.851751805048,18.2510836153535,15.6345529535982,15.3736244186288,21.3673598240721,18.846381046678,18.8358909992509,17.7679805314542,21.8185983647095,22.5688745030068,19.7499472533397,22.8116015511279,21.1216165112482,22.1479278207417,17.0595033969202,17.2139004276417,17.2322338253685,20.98815019028,20.3620532362784,23.615267044525,22.355867370001,22.5209096107431,20.8244155508235,22.5906660803588,22.0680999137485,18.9519438214851,20.3440157299694,21.7877768462697,17.3289746670306,19.9278918687228,21.4327327800405,17.7866402492018,17.4089641941897,19.4903628501444,17.7937661152448,22.6735756427886,23.715489284047,23.4656071312831,20.9127013390943,22.8342587569142,21.527741982288,18.8939962675052,19.5200416812881,20.6692046084051,15.856250547652,23.263925201543,21.4639521130454,18.6669571936686,18.7013490874097,23.2204128702782,19.611992741007,23.4868622662341,22.7347710094592,17.8351300108284,21.9291530095851,16.306132771666,17.0843266799567,17.2815838474785,16.29830090533,14.7369523514413,15.7943312793941,20.2983561481575,15.4821029743658,17.4070765980559,18.9956815080504,20.7931555725544,19.2639214775476,20.3566467395605,16.2513447231203,18.9932866259931,17.8977995816983,19.1393290117082,16.6049640944487,16.2922400355614,18.8233602422716,15.7415643992292,18.773320840413,17.6343236187622,13.8493691148304,18.5187523118116,17.805105208226,17.3288445912085,19.4257323581761,20.0884139761421,17.8239606639002,22.4774471377499,19.1606711542698,17.4869351616076,21.4814120603029,14.8692136171719,18.1651021994602,17.2064051064252,19.2052266328246,16.3837872042663,22.8472096418548,23.4556185755513,19.3201431871405,16.9838609004663,19.5765237894143,18.9710493432854,21.2376638072898,16.3994718218219,16.9584626220558,16.8395740335006,16.2770921188382,21.2695850067225,17.2307299810388,15.4782481056472,18.0130963621188,17.9434129425453,17.0178623540596,18.1534945125569,19.0590182816643,18.3890513651474,19.8912949608861,22.2765015727283,20.7253681303009,18.5970476402388,20.8771832013202,22.7381329871151,22.1453085528597,22.0247624477998,16.7743828139,16.8244082667689,17.6729599403439,16.7464884886726,18.1939889477119,17.568170802547
"5x10e4_7d_3",1,19.5475813146265,16.4099792315469,15.2295143049538,22.1008268916429,18.8722399398424,18.3262615965695,19.806622286523,18.4639780477059,21.713740370246,22.0018512368895,16.8096613793934,18.6973758108012,16.6086788457396,17.5720305515465,17.0227221913477,16.5351161091138,18.6299517587968,18.5452773658308,19.0869010567808,14.271449064404,20.958021897651,16.1758508785725,18.4649460246475,17.2909490335787,19.0846713526149,19.4311830965264,18.505452142534,15.4451500174059,15.8217042172793,14.8616184526675,19.7782139193827,15.7681490821034,17.2895116672222,16.5428137906422,15.5271920516065,16.0238233746797,18.454858269412,16.1870847112797,14.9172089816179,21.943827396607,18.688514130161,18.4451589862842,17.4383191450118,21.867412513177,22.4166962638882,18.9993281653513,22.7641599906492,20.9350473081818,22.286351744455,16.3840090259035,17.0318934937205,17.3954626175068,21.1832291956236,20.2410634768545,23.5997489777406,22.2477253200919,22.5646808634907,21.673918915718,22.517240100623,22.1537418904773,19.1968920377186,21.214669075208,22.6821905085561,16.8326528637885,20.3624780275115,22.157270752567,17.6895655197405,17.4364955177405,19.1191490008486,17.8855946316514,22.6321345732423,23.6670483966177,23.4269514979332,20.6418415135279,22.6667929704965,21.6426167219934,18.9276827617766,19.7403204771467,20.1796212121531,16.0980828583755,23.2824398785365,21.4040900032785,19.1047553408151,18.8596689954747,23.3418673368937,19.3141846421427,23.3681206192666,22.6083634624458,17.6974072043627,21.8839441670883,16.5718977362296,16.3655313693066,17.3572095423224,16.3550337942415,15.1656553544137,15.5808169278803,20.513547017455,15.798691304178,17.5927070373896,20.1606846936392,21.3635094484828,19.4168095087208,20.9918696996976,16.5174180547756,19.7727790918251,18.4965773370558,20.1691740444322,17.0082003446298,15.9602392900413,19.1686767083135,15.9055620946105,19.8944880739195,18.7987981762445,14.2326907034159,19.8479577895262,18.7854148509212,17.5223761943776,19.9436986469288,20.4605381370701,18.0205864763482,22.5949150105613,19.2392662267593,17.3683051595942,21.7961179549563,15.2511954625402,18.7457570944636,18.0455387152586,19.5175660728372,16.2099227182429,22.9608041068475,23.533608487162,19.6089041739754,16.0587138252651,20.0976110280797,19.718759136461,21.6756582820233,17.3297302440546,16.7967094249824,16.82143028283,15.9665905561406,21.6014534377685,18.0700154383018,16.4881234257312,18.3065348559165,18.1636228062878,17.5007561919086,18.3846380599256,19.3403747050848,18.9134476109085,20.1268300128701,22.3598676324439,20.5017980757546,18.3397667014259,20.6640441169929,22.7501393969203,22.2100056867575,22.2393776826397,17.3514257624501,17.3907530724845,18.1108171717269,16.7953263743003,18.4632863803224,17.9068698658174
"5x10e4_7d_4",1,19.4293491437611,15.9002124174385,14.8789021105764,21.9863994248468,18.5335597742977,17.9338840391194,19.6164983654402,18.2046177082377,21.3394889045398,21.7017927192576,16.4973182923658,18.3046063073051,15.6358882431917,17.6947135711665,16.2908017061159,16.4208818268977,18.4646149214854,18.1415951558677,18.6221235580094,13.9285819867878,20.797814575338,15.6617270031572,18.150137888674,17.1138712230116,18.9023547797754,19.1489255546172,18.069574817484,14.8801311064017,16.2099137966132,14.6902321619657,19.8864243663589,15.474924012049,17.380959187408,17.5968903864062,15.6465069637989,18.6239112878253,17.5640591056141,19.6212037603819,14.3058289436234,21.4730198465331,18.6555997243996,17.5161811740713,17.8726251928475,21.7327093209852,22.3302649315394,18.9295761848753,22.8499018467306,20.8558831325423,21.6726730836269,16.1622657717563,16.7911720319468,17.3486531973911,20.5076165836996,20.1589923652108,23.4998764141558,22.1657562397664,22.4601025076572,21.1857908558401,22.5046186225722,21.9127862057521,18.7615581307551,20.586516043166,22.1407801657975,16.6896161710549,20.2612605185607,21.7348253687882,17.4676171165986,16.5361717887271,19.0069613738049,17.0457596613827,22.2798783344371,23.6225440842536,23.2673599285706,20.1041344900429,22.3822629224267,21.3303307276407,18.3378188217129,19.1074750707799,18.4082681851044,15.3597555914821,22.5865406672719,20.305866229996,15.8421356571224,17.9504833687762,22.7893402092371,18.2270651816938,22.8529698606491,21.8725765369639,16.044903681704,21.1182654557838,15.1266414624388,15.0673255392382,16.5486609549474,15.7063443508269,13.8963771237591,15.047444969622,19.6128275617643,14.7643322282428,17.1475095914301,19.7104696203397,21.0749626411159,19.353087313014,19.9270188068276,16.0110458436504,19.1524157583861,18.225656690844,19.4824678799058,15.9088561871771,15.2804415876465,18.8756772747019,15.2329921841746,19.0423164912096,18.2478297515719,14.2251404929036,18.403023859591,18.0525081853487,17.2667771061872,19.3836577596033,19.9949256816155,17.458582712723,22.3093452019606,19.2866750696609,17.3375044450224,21.0217573942123,15.0041727940163,18.1610646672941,18.0490560018831,19.3723196262342,14.9998335971891,22.4539113721735,23.3623976278069,19.932223494364,19.7463742872295,19.9680747163597,19.7025797110844,21.5221035240964,16.6953945138357,16.8479650511945,16.8077818672303,15.3325634165933,21.2554520657395,17.6883280090109,15.8056353487467,17.7155222758834,18.6030183196609,16.6470922156206,18.372093873707,19.0160528218021,18.1654267263896,20.4881349515282,22.1116556271817,21.4109697548342,17.9155793586247,20.549728861424,22.6443594470525,21.5172505549849,22.1523762991164,17.0939142951045,17.6159579121955,17.6057604984277,16.3652932034895,17.6842307890882,17.0766357251081
"5x10e5_2d_1",1,19.2368616377399,15.9825595856407,15.2698907152982,21.624921816948,19.1184606489088,18.708362358733,20.1431471353335,18.7322240572963,21.7578184704667,21.5767863667232,17.197966092003,17.8788473998047,16.2831446054372,17.4124231884956,16.8489830428237,16.6911428731603,18.2562225123226,17.7843738513428,18.8380766076709,14.4650878137519,20.9032989832894,15.7027482586132,18.5005782370434,16.5468841004249,18.6062138396866,19.1137772923019,18.3106532725783,15.3904693096771,14.8987698308379,12.8755539204942,19.3049951745896,15.0162315644017,17.0866578188182,16.9638145565368,15.0696374203869,16.1457529157114,17.6266079511176,18.3676135114831,14.1845727162657,21.0275417532783,18.3600153095093,18.060961226926,17.1878383334013,21.812283770899,22.578270638263,19.7355613950055,22.9207805272484,20.7995814323716,21.6200089029792,16.5294741640052,17.3348646543874,16.895561692708,20.7957078534918,19.9998049584904,23.4433017446007,22.0167822788943,22.3166472421752,20.6250935521395,22.3006152353441,22.2887597846973,18.3778680794158,19.6270552349798,21.3613304693088,17.326457192672,19.2976807818375,20.9633722890123,17.8780166634666,16.1196352108051,19.3550729229863,18.2896720706521,22.8398323416188,23.7403744218907,23.4564910350845,20.675706947652,22.6662137070912,21.6430395776982,19.0890868998148,19.6643889054826,20.7558101551472,15.7290293358688,23.2313430754909,21.9729861820955,17.1238323421748,18.1484753408721,23.2980950197562,19.7993237213341,23.5939324604491,22.8841154486666,18.5586438701852,22.402928128151,16.6250337816909,17.6982639000089,17.0695218814962,16.1958757422201,14.9163254193427,15.108186074881,19.7297189595219,14.0448941790794,17.1491189699595,18.5822122861842,20.1419515108521,18.6621038649232,20.972558987716,15.7160949567778,18.1593207332978,17.5571958302429,18.7150977233129,17.1114770225632,15.2645310821676,18.0114620499621,15.4527486151684,17.8149294620534,17.3529635676598,13.0444107963676,18.1722184198194,17.6841136921353,15.9847266622509,19.6680380435738,20.1890641292252,17.4081562118593,22.4576357529496,18.6470267600545,17.3664053305455,21.5936395935046,14.5774056615165,18.0465548539806,16.9878211242135,18.5859637801384,15.2720164721081,22.776386845441,23.1200995775013,18.9838702050163,19.106033634101,19.2927438704292,18.9479804680527,21.3145380232697,16.9210065324522,14.9457320853878,16.3574718668665,15.3794045453821,19.8927381829489,16.1848305581673,13.9446546073978,16.630064667385,17.7235440882978,16.8898506648836,18.4058694874418,18.9092030316382,18.5360501010716,19.9494317887184,22.1393838193725,20.8444772531023,18.4503832820611,20.7809223735363,22.6023956517435,21.6344409496894,22.0248052183151,16.6997906948631,17.2429735933079,18.1717022833066,17.7252630638019,19.3383737811144,18.8247972809317
"5x10e5_2d_2",1,18.9545002105556,16.4413231818339,15.6493139659574,21.8621729836141,19.2387716375847,18.8213686769072,20.3559852227563,19.007730167397,21.917344761188,21.7615922160413,17.5382010121928,17.9001293882131,16.625445099455,17.8927728255151,17.1812722374022,17.0307122574752,18.6300688901725,18.5719071077461,19.2815061685027,15.1857312812303,21.3740876182421,16.6065694524064,18.7432758166898,17.1501888777162,18.9268638520907,19.4251806808225,18.7402989604552,15.983861248301,14.9737553387732,12.7741847213123,19.3180309373246,14.7020921332977,16.9556985010748,16.0339389727424,15.0844436345922,15.4931512028306,18.0535378235421,15.1524050812785,15.4300589298837,20.9875437659847,18.3296085845575,18.6062055922271,17.1619895693721,21.7665412423284,22.6121687223903,19.6825548838352,22.8078275512325,20.7297150185664,22.0945464848689,17.0911386641429,17.5335562098772,17.0350284416473,21.058587004513,20.0627963468567,23.5250062460599,22.0321278084491,22.4589507375496,20.6837986391651,22.3816902742632,22.336795008526,18.9481535840696,19.9867542433868,21.6546065308546,17.520824747182,19.5869728378034,21.3151300711175,17.6132217990828,16.9150187161082,19.4099332796058,18.1142619790498,22.7741613908518,23.667534642811,23.4561467028904,20.8344171357123,22.8164802936358,21.7409917602581,19.1409278837676,19.819702567924,21.0008754699739,15.8899078370967,23.3718085431976,22.1937868702723,18.9709739775109,18.9186960320221,23.6316452375213,20.1185347900256,23.6874005672038,22.9834736214369,19.2007898225682,22.466199465634,17.1927264019463,18.1472449917937,17.4312276113155,16.4340090367668,15.360296684941,15.5992425144171,20.6478276178147,14.5534980547719,17.5039194906046,18.6218007064253,20.3230437620025,18.9475582880983,21.3913331497824,15.6508689981,18.5293635878073,17.6618658240919,18.978050898585,17.5054498406558,15.9600390632662,18.1720064002804,15.8146444600705,18.2294598827594,17.644117689772,13.3354955808107,18.5201329469512,18.00667774244,16.2125257737075,19.9151316281363,20.3025396404926,17.7281197070412,22.4786705154985,18.5346389134212,17.3469585390592,21.756993172636,14.6541167813535,18.1099940052029,17.5459528576004,19.0675638525917,16.1418631318004,22.7591591830124,23.3500010154093,18.7389048392753,15.5808912063007,19.6004645563136,19.0246520500562,21.3078909072245,16.9980380643566,15.5708191424489,16.8332910340354,16.1654879120875,20.2999928930931,16.4772064888381,14.3283263622478,16.8413034698578,17.1095064475211,16.7148584187981,17.6827135726506,18.7802308656871,18.2525375303319,19.8311065685689,22.2881570950081,20.1917920928522,18.4632473347534,20.6541566712332,22.6721171161379,22.111157803268,22.0573910717519,16.5664393149855,16.6534161790106,17.9300261352641,17.0340928379065,18.7356852344908,18.1983039964893
"5x10e5_2d_3",1,19.1640191991627,15.1088981640604,12.8704412953988,21.6760749014193,18.7241636718364,17.2608681493216,18.0114103506663,15.4280351373068,19.2157430133173,21.7315487847885,12.8715972468147,18.6370637230798,16.705526400962,17.3174919716017,16.799147704326,16.5150253131542,18.5145875333096,18.6854408050905,18.8706621571689,14.4506829360432,20.9557853978619,16.405429756395,18.4245815108355,16.8163460101863,18.8322540813222,19.1946591790575,18.3991302999364,15.4551330344139,15.9653265015405,13.6248697347689,19.966696247379,14.791561566117,17.5673656720996,15.8568379133911,15.566420965273,14.0986761234273,15.5691111188058,15.9144394241854,14.5807312614859,21.3168906754784,16.8538035314296,17.7887470038287,14.619677406966,21.5814464485657,22.3428310110517,18.8016632700454,22.6582480992666,20.9280515036892,22.1870924156216,16.2725437916443,17.1477909082357,16.9556592184624,21.0007195679158,20.2291647056093,23.5448038735611,22.1703751435711,22.5588690940489,21.0069991985175,22.5722288262268,22.2971930849541,19.048017835658,20.3426960757416,22.0850117272806,16.9750242820328,19.8707120062985,21.6676902286399,17.019442944282,17.2010480740365,17.8366176883949,17.9001014649914,22.7859918732781,23.6772232651461,23.3806111407236,20.7713664490404,22.7411940514427,21.6425181222906,18.881559116591,19.610182735682,19.9620054738987,15.638388073968,22.9815448977876,21.1630418371681,18.1422016550085,18.2166982040507,23.4513396665757,18.8780832896985,23.4137394784085,22.408282181149,18.2131540696979,22.1380727053005,16.4789053672993,16.4291486192335,17.2000456322661,15.8594812319535,14.7694200004277,14.9853260189316,20.4054281982079,14.4957204987394,17.1239967984141,19.342764968914,20.4511816759643,19.0003403135251,21.2146631469965,15.6638316897366,18.924440486189,17.8541949753327,18.9577661113085,16.8176522771574,15.0520941999818,18.2533396904516,15.3931407390174,18.1614144007358,18.0296041905689,13.7692228397174,17.9753690505685,18.3565386122434,16.3910635339985,19.7816260556675,20.3210321310869,17.99313059287,22.4232512252121,18.6639643383236,17.5294914407705,21.652319500015,14.9730275365585,18.4739245704248,17.9835451189004,19.2845908676596,15.8436878157281,23.1602746097933,23.4749245070182,19.1307320536071,16.1599667779792,20.1666962195528,19.1672864399926,21.2788384931082,17.0400207640888,15.8054406158442,16.4579513083332,15.9680392860058,20.5815119599553,17.0181030346998,14.8042698933754,16.9529958826006,16.8974317037716,17.1738396669834,18.2401223948481,19.1333277199814,18.8512814349024,20.5230386749897,22.4935033079282,20.7653019844775,18.3408683921498,20.8713940139204,22.8281037416557,22.1896140556063,22.3940710382343,17.3659475310966,17.4926332738169,18.0943636551925,17.2602630256298,18.6709630588641,18.1399712704751
"5x10e5_2d_4",1,18.9187026732967,16.2914679337811,15.6365133305127,21.7593849523848,19.1209954429286,18.2657676863543,20.1766144987741,18.5001201210859,21.4898997638411,21.5641772904748,16.1253636479273,18.2805225805834,16.470237587654,17.280711310466,15.8669534459147,15.2121401131727,17.8376063763478,17.9021072438029,17.9840268950584,13.2364561521242,20.0959299234329,15.113867885477,17.4041297733953,16.5425327943068,18.1872028400007,18.6538412378442,17.5745421368785,14.2961552884322,14.9719781509963,13.949181600654,19.9851546133991,15.6552499894499,17.6274287933751,18.1246047449437,15.6536478559752,16.2172785303038,18.3749591981733,17.9600498488161,14.1285559073052,21.014490134696,18.0361501309978,17.1304594881142,16.9828935956079,21.5342387545785,22.0041794819522,17.9126457025913,22.3386826645525,20.4689383225745,21.9511857162719,15.3764708102096,15.927709613781,17.1308033677206,20.7556942446365,20.1040490441581,23.3962180184435,21.7770717675513,22.378242326208,21.2894437014425,22.3072169327975,21.6931797953602,19.0155549128658,20.8406586553548,22.2016601518432,16.8297433456421,20.2435486776287,21.7839307320034,16.8619128726858,16.9719286121413,18.8918306960787,17.5758475799037,22.7111477907771,23.5002332046294,23.3047352452022,20.2276150621284,22.4098541870626,21.2750096514001,18.426833417237,19.4056282816328,18.6083427051901,15.154322443535,22.8060851314539,20.0763460564237,18.2591018845305,17.9538286866971,23.1169194571869,17.8027232255824,22.861756821471,21.5522624155039,16.6432015716229,20.8935190133846,15.2507577062148,15.3521006908025,16.8063997582576,15.5499629993779,14.0165816724545,15.0350222309168,19.6857512229562,14.2012437517788,16.2638080343096,19.099566286138,19.9638216987283,18.5750706205664,20.1829439490687,15.1082996753907,17.7746014885956,16.73045697291,18.2747037462463,15.4561110992425,13.8648463124866,17.2977142218678,14.3751469765855,18.3519730877821,16.9064641073256,13.3365305313058,17.974155215286,17.3177776236757,15.4118841072599,19.6312617771185,20.050736469847,17.6537611115885,22.0197641135645,18.4389715042827,17.1059781838961,20.940070338381,15.0921217462451,18.3079881558882,18.0625812883625,19.8080737287156,15.659954095576,22.855531306882,23.436479759401,19.410987734537,18.4380357000033,19.9983517229601,19.0495846922551,20.733702422539,16.4667391659267,16.2654234727551,15.822880036104,15.8829651048531,20.6877646968338,16.2502942247994,14.3206432941131,17.0946133287021,17.3698682084747,15.6699210446864,17.8294030886315,18.4647263361507,17.6783576044986,20.2845761834762,22.4762035587906,20.6804878711502,18.2535483117695,20.6474834593633,22.7188240295446,21.8621124308745,22.0865109169112,17.0950336490646,17.2183052925624,17.4099835030615,16.5746225130588,17.8817970431508,17.2432450361
"5x10e5_4d_1",1,19.151624974437,16.2625228674162,15.5155616139991,21.4678459404238,19.1361002761096,18.8058811135438,20.2957616490145,18.6040096394147,21.822261754043,21.4448984871403,16.9363354649245,17.8146229482018,16.654415873938,17.689574477155,16.2885369033403,16.0755028156368,18.0633131136359,18.0623072316999,18.3798658932049,14.056844071784,20.414072138722,15.8935915002744,18.056376254539,16.4238891513373,18.3696931853998,18.7782281592226,18.0745834676655,15.0125433860777,15.2625450895488,12.541521817532,18.7002876245432,15.0162313943432,17.0986608651301,16.6818236826072,15.2053292637528,15.6402452672566,17.9736027838648,15.5314931909939,14.5071032176791,20.3394961083635,18.077833415991,17.4627357776178,17.0819597591744,21.5589547843048,22.236070703779,18.8501453376166,22.4279547299158,20.6814059320066,22.0267674097034,16.0183440148141,16.7130541852858,16.8596914572175,20.8970528345567,20.328714092836,23.3980587867058,21.8944457009644,22.3486752121463,20.4193733672013,22.3862140517622,22.0258424798551,19.0075106760928,20.1649060062386,21.7007036476785,17.323459990678,19.7285406529227,21.5043577305305,17.3123784884923,17.0346280466206,18.9614697429165,17.5431258921593,22.7151756668262,23.5884406094805,23.3694293462359,20.5165558360976,22.6339589345402,21.4844101498337,18.8768511425971,19.6073794205754,19.0150161543566,15.1833973177322,22.7277710231056,20.2020569960732,17.7993656222747,17.8298165929821,22.9592430970323,18.0422291416053,22.9776260748564,21.5412265055744,16.3823841801173,20.8924804680168,14.1299732982443,15.0576741607281,16.6662686528301,14.8687077489366,14.1150779507554,14.9579985254961,18.9123202454487,14.3858118569085,15.8704042309539,17.8069508536616,19.1563256897954,17.8277512763959,19.0432863343487,15.3827075281123,17.5566159732072,16.7660350684122,18.2691436621272,15.1319164475988,14.0673756014388,17.3095773812341,14.3514990926393,17.8106427242591,17.0177412342179,12.9540478872725,17.6375982081081,17.5747003443451,15.3313607771546,20.057801887888,20.4783042777336,17.8193024308901,22.0632008531898,18.4531543111493,17.3238394129111,21.0418842009579,15.1456894881011,18.0600083113221,17.8755422969096,19.9249107922352,15.1068676867845,22.9770734858717,23.2995033222303,18.820009758092,17.0280129407752,19.853846163435,19.360720386387,20.8781060280031,16.5224270823335,16.6630846352742,16.2996895855198,15.6657283163643,20.8760638599497,16.4732193210069,14.5380521351697,17.4465121426203,17.6483796367676,16.5941657997989,18.0947255871595,18.8242104177826,18.5635535699516,20.1234372233615,22.2385441046002,20.5904616430137,18.0856421569,20.6722642223254,22.5784985776187,21.8990919956136,22.0714297916159,17.142434927949,17.2155820253951,17.9255663012339,17.0459017755087,18.5341965948848,18.1409213327103
"5x10e5_4d_2",1,19.1389384272969,15.8206595814687,14.7745021590952,21.9451859886683,18.5263518959996,17.8313386571956,19.8217795279728,17.6118060467526,21.3895905110399,21.8956308415476,15.8047130131101,18.8885470621338,15.7876966511151,17.7123852026929,16.3098775074318,15.8995270298484,18.9209625695833,18.7789555077345,18.9687151260328,13.4582992157913,21.4615990973632,15.957421981017,18.4169119238666,17.9484461047108,19.5094418300377,19.460494142596,18.6963606670318,15.838829986077,15.750457364403,15.5101369632879,20.2391616106612,15.4917079203808,17.1017538735872,17.0185885200872,15.3515833368771,15.9096430844336,17.7716302097737,16.6732050017673,14.4233921702537,21.5935455671898,18.4288714152364,17.3521758729371,17.5667507599472,21.724009061197,22.096854266825,18.1163736299539,22.707694250313,20.9751382808487,22.3629028274381,15.8235100066765,16.8196801569471,17.6872310714249,21.5379430436839,20.0457624938056,23.6358265939587,22.3684393195836,22.6887187930172,21.6678395189594,22.6732690646597,22.3487528688759,18.5862414845511,20.9931574635642,22.3747950046467,16.3567063740171,20.0706660460057,22.066111532628,17.0307093953497,17.1582071824363,18.4045257251856,16.8714590666023,22.3611534700593,23.5919578198266,23.3377084574401,20.2297498663032,22.5403845524444,22.1313674732028,18.8301642977854,20.0889006279231,18.0913172213639,15.391213559894,22.6087884692773,20.1947790934272,18.0916594211783,18.2939646732424,23.0400677682637,18.0197736135216,22.5927171870269,22.0966049808658,17.1729404872861,21.4778990489627,15.7589557367819,14.7229743573139,17.0697565550567,16.765836635377,14.9258440645997,16.217824610944,20.9561001332265,16.1192853334892,17.7511811691647,20.0730092080746,21.1581762039458,19.5262392889522,20.7236041839334,16.2863864352346,19.8057172094061,18.4433778862969,20.3612186757888,16.5717800664529,14.8276622260542,19.0911787042122,15.1251859439766,19.2796773115449,19.1197903328706,15.1069697336708,19.291287632903,19.1774975536262,17.3610766118836,19.0490613213302,19.6775374990464,17.6723190460331,22.2335409808375,18.8401827326133,17.0537563882545,20.9704186586834,14.8301932210372,18.5626457208502,18.0360268465597,19.5910966745343,15.4074913213295,22.7968219877405,23.4909933244074,19.7798442697937,17.6267809336572,19.9757001817403,19.7135641875799,21.6339481843206,17.4908031462833,15.7570814019302,16.7885800461786,15.8732915569386,20.6256729517981,16.8197861675401,14.9160702434515,16.9278240682345,18.0142829086016,16.6621479905519,18.4068599815995,19.2722854960837,18.8182813155065,20.86924478084,22.2887610517702,20.8164739459724,17.9001296646779,20.3349516481105,22.7179105553822,22.0711783650362,22.2532070862567,18.0637683208654,17.9998336831903,18.4884674433867,17.0941753244557,18.5098694581645,17.8643995586002
"5x10e5_4d_3",1,19.2015445470667,16.8145223270658,15.9966112326002,21.9545115700684,19.7243052535778,19.0187878291441,20.3570849415938,18.5666839942246,22.068333178441,21.788263998298,16.6146976017064,18.1746333037927,17.0699213936855,18.1835171117132,16.7827510137317,16.3693039325004,18.7303847227469,18.346012638235,18.5881405621163,14.7113551501924,20.8348251559107,16.1483738604816,18.3369487425663,16.872343942927,18.5666601900459,19.111195858553,18.2397146204069,15.3628153631199,15.3544853422898,13.4288496965443,19.3285726263875,15.4254986766018,17.5820519133393,17.0026105690657,15.2876647585561,15.6694039185083,18.088431607803,15.6324717620246,14.6846852792627,20.3946156381109,18.0837565322935,17.6485986298993,17.1122177212915,21.7167908941463,22.2652855353641,19.1170479130878,22.5970488909237,21.0908759543505,22.3129909433676,16.1668302773107,16.9949931621885,17.0953007545714,21.0309435657902,20.3778367113254,23.5463721561286,22.1468160012475,22.497704340135,20.9416122847431,22.4984404560499,22.1953004097168,19.2632054324424,20.6175540044561,22.3066803074298,17.401152303184,20.5585729915354,21.8026385327259,17.5046959597528,17.6355216294737,19.1171852372406,17.9048868681095,22.8877246824636,23.7215548332777,23.4883832242667,20.6634488726495,22.8661383807623,21.6657053326737,19.2464457467872,19.9265167944164,19.2614708671943,15.2684212094646,22.6888752050106,20.1229475552771,17.3000482108599,17.7263700386175,22.8547095710143,18.0195617156865,22.7164376816836,21.336879843419,16.3658179438717,20.5565204381054,13.8197099732138,14.263989653788,15.8185468769909,14.4842334866667,13.2749448367647,14.9414539642307,19.0272859350717,14.1750944703254,15.901412812168,18.378771505319,19.8449686130019,18.0409528669683,18.8554324533318,15.7571040944057,18.3927516054418,17.4254931702234,18.9589638167271,15.1140229932138,14.3732240093943,18.0810484200571,14.0031728560579,18.1715199655916,18.0717903224053,14.0689296199041,17.9019368886171,18.3401725638107,16.1935620559331,20.31362666316,20.583187465486,18.2586264132782,22.2614638369373,18.7848018610725,17.7746050072278,21.1036170969683,15.370295495007,18.258267693872,18.2968634288405,20.0635374437529,15.0621612884606,23.0743098848802,23.4423211560823,19.1785609133536,17.7232570111737,20.236637890332,19.7066882404839,21.303848738501,16.9652085534985,16.4681570328641,16.7246511334673,15.8298370086849,21.0646306154988,17.0862953149216,14.700078456429,17.345368291522,17.9696368308825,17.3755175550516,18.589942653213,19.3643887765302,19.2216977390305,20.4407894723612,22.3891716596762,20.6237100569385,18.5031404191096,21.2389825217656,22.849192512119,22.1129907998757,22.3251007793405,17.7648486152524,17.8582276801836,18.2392340267907,17.3435662206371,18.8746895828286,18.1124431657971
"5x10e5_4d_4",1,18.7757993382296,16.3640178670148,15.5523820397607,21.5250692319318,18.6285904928269,18.4407119268113,20.039394676343,18.5248422547613,21.7605155030021,21.4472943916521,16.6638614336066,17.7092513915888,16.4203656885821,17.203830097008,16.3713472702172,16.4774820952126,17.8712251640822,17.7163930922745,18.3698071191824,14.3274615024429,20.1845536486614,16.1811260145334,18.1963265668548,15.9981373438628,17.6868593285375,18.5327060817392,17.729037221516,14.3287242263957,14.6773821113017,11.5527701638957,17.9875203468075,14.0048364633916,16.2595776301208,15.3962607503679,13.8822211812887,15.4570311213347,17.5800984374858,14.9234931573679,14.9108176407849,20.3030683290156,18.4403067722376,18.3052727335928,17.1812353797151,21.8918063193027,22.4130891686898,19.3083923622215,22.605337311647,20.4312920214011,21.8595689085219,16.7848753297959,17.0943594667523,16.6618006005709,20.9088620495138,19.6831944613786,23.282986866992,21.3515908849207,21.9859056756901,20.2597103683372,22.255981008845,22.0263314476389,19.3129337660689,19.5406457499832,21.2053951943056,17.0606908198646,19.1426155054793,21.090834613973,16.9083404831389,17.2168268074354,19.3360433959139,17.9616293262522,22.5157175213754,23.5543759580407,23.2276196154328,20.2972424918847,22.3489920253424,21.1799402126086,18.3891037654164,19.2419451931494,20.0735597569647,15.3612525494707,23.1089424984923,21.0283141636982,18.166627730382,18.3154120449195,23.0350641947922,19.1325000434106,23.2832993589249,22.141558205892,17.4996892280378,21.213507273282,15.200914016472,16.3083302801564,16.22255894007,14.9908581661307,13.7818599399589,15.1442588280315,19.306649855602,14.6338087566903,16.4679765029741,17.7352958117773,19.0696007111607,17.9461114183197,19.6524348294474,15.3631392487796,17.5863642806782,16.8772003359488,18.1702826810137,15.5096409224035,14.4392174741094,17.4941012742754,14.9813321007008,18.2025513286257,16.7106343061498,12.7885782540417,18.6275402297707,17.2432361728754,15.3113849639539,19.7455195397272,20.3557659041015,17.8329731427521,22.0856765154217,18.2168744573323,17.0968762984155,21.1619901842386,14.6181111161394,17.2328689651859,17.6557441577751,19.4989846602218,15.3631865818819,22.8481997935979,23.084153907149,18.5231364531019,16.4653658693187,19.2973767078373,18.8710052348007,20.7719245412505,16.4420015300136,16.8948538358567,16.1045131752084,15.6550208632736,20.9835211998271,16.0061837792323,14.05764937407,17.9669421849424,17.1786742718856,16.5710947993433,17.8459311205092,18.5391474491127,17.7357668243392,19.4241018161636,22.0783451512674,20.2685751232068,17.6512269146017,20.1689857469248,22.2691410932862,21.6227095127622,21.5249518632563,16.8397206828469,16.7414751129603,17.5038516934029,16.9575426927794,18.4498467447097,17.9249306303261
"5x10e5_7d_1",1,18.4966846041441,14.4308814056711,11.9301274991788,21.773169497362,18.6803427816758,17.0537043599309,17.0857870405879,14.3395317191904,17.6286663563489,21.3647730803525,12.1027289504394,18.6302665694739,17.0264378331832,15.3545688743024,15.2177913372956,14.9083442400438,16.6471239539116,17.1150860493877,17.3925773716091,12.9903092380269,19.4322812795776,14.9895223538478,17.351089123663,15.2098317150305,17.3862012874834,17.9073539112591,17.3656609822738,14.3465259066328,14.789027711957,14.1790139902222,20.4985956682779,15.1372812112285,17.8770932177719,16.4006211094612,16.2817058049365,14.0772416230706,14.819734917068,16.4970708214951,14.141064357362,21.835958732437,16.2884300263443,16.6915028648021,13.9576113248242,21.182802289487,21.9846449678061,17.687062196659,22.4051906848475,20.5639387006477,22.1392410964909,15.4648024770184,16.3098890228197,17.4414934003386,21.1356444760824,20.013293875238,23.4766598146485,21.8496431403467,22.4725225270335,21.5520224334113,22.5438323567092,22.2306455575717,19.3783133797846,21.6131238682657,22.7353575892915,16.1001140155271,20.1437599877462,22.6668145285619,15.2320991204686,17.6036024635164,16.9307134289569,17.3929224127729,22.5195547935618,23.494833860404,23.3132171383581,20.3002127547085,22.3388115844438,21.7748854648749,18.2176690315579,19.3766740227032,18.5781341338389,15.6555203508479,22.5633375725174,19.7474099705663,18.0975171578745,17.8901069940288,22.9278434142987,17.1810615443495,22.5811285036773,21.4805897986253,16.6733038990115,20.7128513720377,15.5374256647883,14.2083824738837,17.0557148669672,15.971365503235,14.5386355930998,15.6768259118504,20.112153279373,15.0664003068945,16.5628316674871,18.9595194048224,20.1290987183927,18.6364555802148,20.5124908010275,15.2575381904098,18.3737993636389,17.3600145055008,19.4551045566367,16.012059272838,14.3556542161657,18.1767204026064,14.7857129680506,19.1963075038638,18.3620591240038,14.0981006936193,18.5273726008903,19.2722164290712,15.972457494025,19.8136562453792,20.5581678538046,18.3542417132592,22.3512646655827,18.3880580266898,17.58315164861,21.2274411445191,15.7518835727441,19.219834099053,18.237275617592,20.2026522072619,15.6932489338164,23.2108776083694,23.5737246092066,19.1024079495949,17.5305223103743,20.4684455602501,20.3632274956851,21.6988182544595,17.8717929324716,15.9732701196947,17.4783190919853,15.9243071852958,20.7170661829137,17.208579689571,15.2331156852844,17.2546708285764,16.6022428316611,16.6919101434768,18.5381828919443,19.5847153978189,19.2930350258503,20.6097137344343,22.3745179022721,21.094187891344,18.1202525926773,20.992577083492,22.9259912538831,22.0444669964689,22.3970903090729,18.2185756517975,18.3619071059408,18.8084594139887,17.5272137712222,19.2102947010941,18.6493769055717
"5x10e5_7d_2",1,19.5610980692872,16.7651642684018,15.9535863642748,21.9847718529352,19.3891564264259,18.8866515388717,20.4157166278838,18.5409057181373,22.0300509555893,21.5845675745058,16.7039199385115,18.1890434614208,16.801982413687,18.0875803511982,16.5574133334253,16.030102664929,18.4916388129648,18.0793983537568,18.3879490738731,13.930602451749,20.5573357326134,15.9496056211639,18.0912289141803,16.7164116190273,18.6588436410025,19.002112291673,18.0250335880246,14.6869271680772,15.905585230188,13.8334574332446,19.621315231422,14.917458310815,17.4738507670034,16.7260220752269,15.1786691056047,15.7163821017155,18.0037567091457,15.4274516026067,14.5580336392539,20.9359938248025,18.3045865339519,17.3420621855556,17.0311733222688,21.7639081282977,22.297175029308,18.6541258522997,22.5210657802109,20.7163668194657,22.0340537012713,16.2758683125842,16.8740115715178,16.7039142371545,21.0878939879091,20.1808051520498,23.4285410002551,21.9270890872902,22.3745391278881,21.230451775306,22.4362983990245,21.9757770499777,19.4405996557703,20.897500393749,22.4039381909228,16.9383489670319,20.7870862248854,22.0427504885421,17.0483380290529,16.9016933313572,19.100569629546,17.806940335167,22.7987817653223,23.6073778401519,23.3730124751753,20.5999821725787,22.6625407143941,21.6161281369789,18.7202791249785,19.5491459948294,19.4314903353886,15.4832012282837,22.7880944948258,20.523836982442,18.0028531208271,17.8937456269576,23.0433669443915,18.5302286679648,22.9004053659062,21.7975299318681,17.273189185985,21.2297589594323,14.7930785541825,15.5792246566427,16.4691428347581,14.7989415167244,12.9309075734267,14.9438948067861,19.1882913743626,14.4766101291939,16.0808041932538,18.2647788886237,19.9720994044142,18.424665694062,19.5053589741108,15.7971715000122,18.1754406673077,17.3635891179035,18.7806789268921,15.5974956571319,14.7143227734802,18.0666244859645,14.6609103308778,18.6096292033378,17.9590514902027,13.9878471400736,18.3281081409289,18.339597501765,15.5502849504351,20.211173430654,20.6755349955947,18.1433629712921,22.359359223654,18.6648354777998,17.7993213495463,21.3138659024965,15.142010271352,18.1412388687832,18.1263385014961,19.8475289996567,15.5340088208352,23.4092907052137,23.2510081786336,19.1402752835632,17.7218869834121,19.9441437680131,19.6766775486018,21.3895979941122,17.0470488385958,16.875552701897,16.8251070771351,15.6562083645649,21.2092192271127,17.3272090168905,15.3200860170818,17.8071847966166,18.0071799219166,17.205902400807,18.6993806572348,19.2957448363988,18.8980476732394,20.5075546458527,22.3054820506978,20.9522022420843,18.1805250406902,20.8414951496247,22.6280978390607,21.8702432623808,22.0241440777737,17.5376075445586,17.7960784357606,18.1399754846467,17.2467282779715,18.6895996429267,17.9864739891158
"5x10e5_7d_3",1,17.9863038484775,15.3200321511706,14.6254835604229,21.13998781493,18.2420099077312,17.5681482988795,19.2225913669768,17.1154558384951,20.9460926727415,20.8255635436566,15.1403261542398,17.5075989220064,15.3419643574487,16.9319937410309,14.7654281536483,14.4765224957016,17.8437108151584,17.4543762378073,17.167062359291,12.3933689836199,19.5649826904431,14.6044573097191,17.1822914419465,16.4491793824566,17.930498865319,18.2485890785629,17.1528857822903,14.4421286294142,14.5495278225558,13.6444443881039,19.5292897067452,15.602393272904,17.1377368071713,17.6158702672134,14.8414183655949,18.3164163361059,18.1878339547705,18.9633489151719,14.0299249589498,20.5921714001676,17.3872478464643,16.3548640896022,16.7140692918415,21.2377835546193,21.6223027770612,17.3725331218717,22.1535605356891,20.3391460696774,21.8399805019656,15.4459543419311,16.0706811119931,17.1619326930894,20.6815172439111,19.9531405054536,23.2864892335001,21.7068319690251,22.1906534561414,21.0167892486167,22.2882311774524,21.6795327168477,18.6851062531952,20.8011799314491,22.2015079045509,16.1415747321585,20.1360523863113,21.7911319794864,16.0491545747,16.5764159539714,17.61355017297,16.6644919895957,22.2096734866286,23.3568605525832,22.9549334061343,19.6389884451806,22.0015221031499,20.9842358176244,18.0286333643685,19.1449906670492,17.031286251418,13.9039202659334,21.4886283899796,17.7799370221919,16.9558498577093,17.3552953046992,21.9005433810223,16.0327723560648,21.3746497613558,20.0860795186856,14.5340064452954,18.6520420807472,12.9081891908645,12.3398152152584,15.654958933985,14.5734147818449,12.731895935667,15.0744317377104,19.2478804437397,14.3072801747114,15.1955791690204,17.3842955115197,18.5776189868949,17.5300200097859,18.6511500379453,13.9069662659904,16.9464512066466,16.3899324609287,17.9118793632783,14.5816156227781,12.9803053035438,16.971706499338,13.1594847353346,17.9858540076247,17.1522004988238,13.7831366317204,17.0103705114854,17.4933735692753,14.7021976323379,18.9280565654377,19.8135482177026,17.411615719372,21.6506637146058,17.857849950257,17.053146511663,19.8656727729808,14.8959696968978,17.9086383478421,17.732032722482,19.8571316964951,14.1889499245892,22.3572291444746,23.2524305515676,19.1403807680003,18.1872431707378,19.9353649811282,19.3151213622257,20.8988126304171,16.7593700173385,15.503511810395,16.2669832218352,15.170227353476,20.0831934647979,15.9050612836832,13.3768970730864,15.8249248578419,16.4202163505024,15.5928487837236,17.9559496007652,18.6831923192135,18.3002362195349,19.4246918321466,21.8955263774499,20.5195832268526,17.0079749386539,19.9489413472148,22.2214164582888,21.3375635149605,21.5514672485378,17.3892996914141,17.6999076909448,17.5082632640516,17.0511679420024,18.3104134998596,17.6556948140606
"5x10e5_7d_4",1,19.8014456989045,17.1002024223145,16.157775273023,21.9570330309215,19.524739810504,19.0234687591584,20.3920719744682,18.8427879627644,22.1527366537001,21.8899692761377,17.0640679288001,18.1932400367166,16.7539982179693,18.1784499774807,16.5415881037457,16.5705445909417,18.6567312232742,18.6309770578998,18.6952706720455,14.4187267505518,20.9751224457883,16.2548063252206,18.4862806894223,16.8241234799716,18.7675027464496,19.150959693044,18.2852520657847,15.0443010581082,15.4761231953474,13.4121692470051,19.2545285434025,14.5745879841852,17.4853331918628,16.2533860052581,14.8095114460594,15.5632737912287,17.8275079495582,15.2335994912262,14.6899153507536,20.9296574463318,18.5416615939911,17.7681242400455,17.2185896931294,21.7038950213036,22.3800436511983,19.1500569844287,22.5711494382182,20.5905483325541,22.3569109122207,16.4623644731753,17.0900649175897,16.7057970990282,21.1151729083304,20.1244690718449,23.4449127640149,21.9517010933188,22.5237802827277,21.1487448344141,22.4405516274537,22.1911697876356,19.1320431043377,20.7446528923863,22.3454174295419,17.4634542767016,20.3923974825761,21.9384075697572,17.43618781774,17.016363863881,19.218419709926,17.7887462074159,22.7341824334253,23.6471348260376,23.4423077395405,20.9389947220005,22.7263279381587,21.7278672882298,18.8827214946376,19.6780487087661,19.9277418897712,15.7327512356377,23.147647772654,21.2233528949116,18.5319764238207,18.5645129478203,23.397511698935,18.9920627905799,23.3569812784768,22.478528944211,18.0686521749229,21.9053713955803,16.0221727238865,16.0286832699748,17.1107634978056,15.7107887805368,14.7531297117737,15.3375607928967,19.7594738482707,14.6083415770698,16.9021645765453,18.3789413306682,19.8883797435357,18.3780091612125,20.4864312001241,15.9830673581232,18.4142336004186,17.3635813650323,19.2777939296816,16.368804432697,14.5635398383188,18.0504860605375,15.3691884942995,18.9178321328052,18.2416772875275,13.9249767369813,19.1018428209889,18.8315340814677,15.9637130630561,20.485995830108,20.8202263010047,18.2114186898269,22.3685857222574,18.6147591496457,17.9617012963583,21.7648102544885,15.5554543892448,18.3818308508084,18.3900618688046,20.0391538396238,15.9885323156393,23.2156319380155,23.4274939308756,18.915559300354,15.9900549569324,20.3217076650831,19.7920927331308,21.2325686296953,17.2625200000193,17.0174379653283,17.198055897767,16.1066646894367,21.0651130255882,17.006274708558,15.134638294992,18.0052661169185,18.3683158182422,17.4007379680189,18.508611579696,19.3385201383585,19.0135680311164,20.5170987790554,22.3581551097845,20.781051287523,18.3476498865207,20.8502850019286,22.722365416324,22.0519488788737,22.2041115427338,17.3971368024984,17.5489635656111,18.2153071047632,17.5180640805445,19.0960937294975,18.5756335308189
"5x10e6_2d_1",1,19.6884869178447,16.8477519633587,15.6450541224348,22.1605286754748,19.1396540797115,18.5904763771765,19.9822326370089,18.3778881969881,21.5350159348492,21.9995853762453,16.8110629143275,18.7254200365691,16.4423854524942,18.3632254901336,16.7003369482322,16.0469997307442,19.0394765081614,18.5436175157568,18.9827682856636,14.0020269388262,21.2699044086136,16.1967967575986,18.4197510157145,17.8124328288255,19.26274794029,19.5203080265421,18.6834606006401,15.5981657743622,15.6507523384381,14.3713666812171,20.4155258043647,15.6477690014105,17.3281040309828,16.4856431159933,15.4909355638184,15.8196730438252,17.8862646171725,16.0128790494056,14.700121859189,21.4206846188442,18.626951111305,17.7566726727444,17.6503126713069,21.6263093877082,22.3359313969071,18.7397503308538,22.6940880105111,20.9895219207571,22.312541493622,16.1526130385475,16.7358886841278,17.4379044307393,21.3885537960867,20.2110263442823,23.5497099454597,22.346506564298,22.6382382459894,21.3134766513447,22.5645000393664,22.2274924112639,18.6474644651349,20.5167829185709,21.9688474618433,17.0173293846653,20.0827000116994,21.7550796003645,17.5573969721556,17.0268109649018,18.6727435354832,17.4877042655758,22.5512170404666,23.5975785153483,23.3003209970067,20.5762188307086,22.5835195328312,21.9371904239878,18.6610133375317,19.6796234504095,19.5309671850104,15.798440751574,22.9299624971105,21.0846979498116,18.2946657572543,18.558155939702,23.3185890085938,18.8463065310735,23.0806765349635,22.398651850789,17.0690637319763,21.7810256657845,16.2899909953647,15.9197632472863,17.339127171969,16.746905339474,15.2755235170168,16.1563060908552,20.3452779977392,15.8920296804384,17.8434628811387,19.9638097068804,21.1964708069931,19.6311737244851,20.6607215931635,16.2873539154704,19.4810282815013,18.2776262412707,19.9498839588046,16.9602132135142,15.3931175589743,18.9330229742584,15.6583050927664,18.7707512901397,18.5743973098712,14.5872793095544,18.7119469165186,18.9088584771552,17.1718575558557,19.425702397832,19.8639857392082,17.8789615886513,22.3881801124103,18.9903611796223,17.3288537653614,21.3481250126837,14.8841253260917,18.7301372618436,17.5710882008645,19.2146714464858,15.7496805209512,23.038669868898,23.4174999938803,19.3367198376466,17.3130011879711,20.0199035530839,19.5687318887554,21.4751226048086,17.553680263044,16.0084735893229,17.1906695801708,16.1000857755568,20.7607169023287,17.1994358645204,14.6710890048196,17.1277651548751,18.4782113148316,17.1364198137433,18.4984588389188,19.1988459175627,18.8442760067592,20.640913029363,22.2045530853748,21.1058209302247,18.1945365495446,20.712492155801,22.6148950399938,22.0795783698716,22.2425712757947,17.480470480613,17.5847503731907,18.113034372631,16.7054953945134,18.2776012707707,17.669973795625
"5x10e6_2d_2",1,19.2732379987346,16.8389592125436,16.3571692630916,21.6618364738724,19.0184475950234,19.1109222840079,20.3609393549563,18.7515807312298,22.1706822906832,21.6895401400975,16.856443006558,17.8582327083249,17.1697582068479,18.1879471909489,16.4897078492491,16.1983186861936,18.6516737475007,18.3361948941168,18.5135412347147,14.4101032297632,20.8151585960579,15.9245422432988,18.3240349255033,16.8084338816089,18.5622659519838,19.200620871769,18.0652075485415,15.2806279212367,15.6231198186888,12.8037789547511,19.0672109641238,14.4342735458744,16.951201994152,16.3276626916492,15.0143225852523,15.1480729462302,17.7284939448882,14.971540484297,15.2500615605626,20.8757496325966,18.2014044031119,18.3289947935049,17.2176750953272,21.8457654840281,22.5818007492677,19.6782446513428,22.6945514148182,20.5195371574416,22.0064449073722,16.4833921650454,17.3245684315236,16.8285278840433,20.8664048061439,20.2426529692806,23.2602251161963,21.798002031413,22.289614665158,20.8122943484475,22.5353312703632,22.099994473234,19.4559025996802,20.3674202171862,21.7450348724136,16.9073581292058,19.8929917769296,21.4402558188791,17.2629550623224,16.6639674861371,18.9500685972078,18.015872866349,22.6887199667037,23.6047098761137,23.3035711840707,20.6686009947902,22.6179616327347,21.4672955826734,18.6890959240551,19.4975899618682,20.5917290301673,15.7646143861401,23.2968469090576,21.4186199608209,18.0896544603766,18.4592311042023,23.4563762250365,19.8669634415409,23.4811682524675,22.499504693973,18.0707744521035,21.6980452153072,15.0864754444182,16.7564597131551,16.7114061976347,15.5977734236639,13.9799646773694,15.2705151979608,19.4216326409313,14.6661297130119,16.7492438038483,18.2671351453776,19.719155241842,18.3902709180607,19.9739617263685,15.6581390098264,18.0064250461712,17.2811294581215,18.9409128748244,15.6126300652669,14.8367012765546,17.7019640018443,15.0112844218571,18.3301092523069,17.6952667420719,13.6997705769338,18.6511037128538,18.5254052694641,15.7911711374871,20.7236128283336,21.1375884494102,18.2702049156321,22.4145328569274,18.9324316739064,17.8653689239347,21.6947112335243,15.0734268794517,17.7965628921398,17.8908259945609,19.9397990663479,16.0118980930783,23.3504417799269,23.2635772529204,18.9544296553287,17.545046355907,19.732256358073,19.330390365589,21.1451522625718,17.0124845645023,17.1926212151522,16.71815196781,16.1964586499521,21.1271783804147,16.742261526725,14.6380187795797,18.0032828505624,17.450191450703,16.9724174379868,18.401795127256,19.0045040668038,18.5527761432393,20.0205963099814,22.280534615859,20.8133469162946,18.4664789251467,20.5694164245235,22.5575430483536,21.8197912340278,21.9470530255211,16.8056524690284,16.6595252813524,17.651012810597,17.0343985038487,18.7245395616544,18.1286023161208
"5x10e6_2d_3",1,18.4988493282389,15.9071463913908,15.7206651076664,21.1217952876191,18.2970598317653,17.8867640885763,19.6263006972508,18.1281543693893,21.4810711613739,21.0167125798189,16.7989714681431,16.7935137135161,15.6780053892891,17.2360248519329,16.1200511535997,15.8343111338002,17.7801804939055,17.8197052961931,18.0172478163507,13.8245864727464,20.0658746222952,15.4855778937351,17.787177615933,16.1915514558217,17.9716865048774,18.5499238811294,17.6482201985131,14.4157915321101,14.5986621672135,12.3809725264261,18.4305440495163,14.5388144792457,16.6868696916343,16.9943680263094,14.4484659622398,16.4819746691791,17.8354813528569,18.2026353199225,14.1887038334116,20.2056096715039,18.0742295151826,17.4287551525457,17.3113802517069,21.7087349164008,22.0950555474589,18.6250016652032,22.3695916223519,20.4824959457401,22.017446461123,15.8483659150185,16.6320854141,17.0777097316162,20.6164868112609,20.2374700902001,23.3099984837853,21.6591950107899,22.1763017632086,20.3599536675632,22.2678955230642,21.75301511642,18.2640055515657,20.1751125970854,21.8328122879818,17.1111808913222,19.7486883305041,21.2676522515188,17.1602152033681,17.3024431395065,18.9105756697932,17.2872158041256,22.6331972439811,23.5213276227711,23.2907025890042,20.4053058752697,22.4825046854279,21.120601286382,18.7573486009934,19.4448821885887,18.8332772309188,14.9748182214093,22.5602009204499,19.9586719167807,17.7644514965485,17.4836688062796,22.6849123101987,17.9361931921154,22.6740911682754,21.4003044885483,16.320133957429,20.6986183044736,14.0477451578307,15.0632788767717,16.0102504686633,14.6257126327734,13.3993338666236,14.3098325549172,18.9969732862664,13.3344935767981,15.6938431751645,17.1077974998989,18.39409668955,17.27434217711,18.773015219787,14.5766117817769,16.805134933529,16.1000665207147,17.5802746715463,14.8061324429619,13.4996024987508,16.7624939662619,13.8133192192504,18.0042194374362,16.5981707732193,12.6370364075006,17.1822547618615,16.9930559398263,14.5461774801414,19.4931892030412,19.9838790747183,17.8139428122234,21.7160949567778,18.1849526538349,17.260182179688,20.7116352586714,14.6191900971449,17.6753128380804,17.5179264429275,19.5480282536325,14.5802979070681,22.6423786390236,22.9848851710412,18.6936646519916,18.067004114945,19.3616536176681,18.717837360438,20.3222890757033,15.8999192596131,16.0590189420205,15.4787544396069,15.3477474650134,20.4020325494704,15.6276147014444,13.7629091578416,17.01916243528,17.1670332553475,15.8874668140487,17.7219236873061,18.2869244585722,17.5202088573554,18.7618553354624,21.962075659609,20.4124641509513,17.8503762915793,20.3331758280995,22.4128330190934,21.3466765786001,21.5326385539349,16.9374802367812,17.0267128794425,17.1641205059696,16.4492926253137,17.7857917772103,17.3479815183731
"5x10e6_2d_4",1,18.754747870973,15.4452797449058,14.4635859855928,21.7590759584767,18.2522011196154,17.8273862222873,19.43655143304,17.6175015435112,21.2074502090989,21.3226594548819,15.6361562815801,18.1392610847906,15.8148469492596,16.98315845109,15.7757766365692,15.9155741617358,18.2084269800056,17.7551592855869,18.262749660457,13.591824201944,20.6870813175648,15.4700095153741,18.1083859866517,17.5267959096027,19.1607540809129,19.5320680080549,18.1295804867784,15.3446541800188,15.5152007729765,14.8454554027539,19.6357081580584,15.5387552870798,17.1818748710991,17.2728199771872,15.5600877752531,19.0456576904531,17.823654994131,19.6322848145037,14.1941117741099,21.2217638106632,17.8219918168031,16.7442167039337,17.2900625925018,21.4486450434642,22.1276020722115,18.3657923186548,22.6846816413415,20.7235389847403,21.5281221220667,15.4970529083666,16.2595695849879,17.6405427259896,20.8758375444299,20.0712138882461,23.5477025041902,22.2018886421846,22.4908555273158,21.2108034575662,22.6088086562428,21.9927532270768,18.6300730018223,20.8848246808657,22.3055932380587,16.8893244999128,20.1068260035856,21.8229731735995,17.3047894068213,17.0560765336583,18.2677656785885,16.7671783079176,22.2377839921674,23.6005640307339,23.2384149443522,19.8796902765443,22.4710466616021,21.6691391750481,18.3504336862918,19.5227595460492,18.3181050190216,14.7354350657122,22.3085059640945,20.0309445757888,16.3242544505808,18.1982082099544,22.562827126809,17.8384436799228,22.738486082383,22.085494665271,16.5501613936217,21.1057461328292,15.2254206072672,14.7089045350799,17.1681710885633,16.5724020918207,14.760447686821,15.810457491967,20.3280196375023,15.6949731321518,17.7456318599893,19.2926454482935,20.7723502184344,19.2408250983572,20.2601142541069,15.7802280617375,19.0624691356489,18.2656005970752,19.7456717597856,16.074093758635,14.9667606615553,19.1123300501983,15.3915601072773,19.469058722382,18.7558327657781,14.5917559619065,18.877266531755,18.9283440616787,17.2998646482936,18.7974044611611,19.6115633868902,17.1143617566332,22.153262402577,18.6276923972396,17.0445452060231,20.5944625465499,14.7768732408639,18.2702807812619,17.4947149823593,19.1425545884074,14.2871901534201,22.2952047670024,23.2728111514567,19.7695717373031,19.5110634880521,19.8924140401355,19.3531441326785,21.4379354083154,16.9877950211623,15.3174048847684,16.8070447302867,15.6602204209484,20.3798731625486,16.8346946907183,14.1967703481365,16.8299515634786,17.6124719136132,16.2791802298396,18.2765536811108,18.9752685416837,18.3925674147545,20.1516067049762,21.969473915046,21.2404508607186,17.716982377642,20.0953070331295,22.5186401904445,21.5145850051876,21.9597458776002,17.16979520603,17.8394808082763,17.9842860658129,17.3689570574897,18.4070266624162,17.6240638385164
"5x10e6_4d_1",1,19.5824647568722,16.6673788236236,15.4693940245095,22.0657531947777,19.5678885533107,19.1055146838452,20.3819992606337,18.8712895662682,21.9781091329105,21.7215209361068,16.8108396974643,18.3159582814578,17.2381447783653,17.9967512903188,16.6519379937218,16.3133563815298,18.62811475318,18.1635159365876,18.580810488704,14.1188983115113,20.6595847285575,15.8819203313585,18.0959593712774,16.6934248496547,18.277368712234,19.0193777855294,18.1252228426046,15.1541818091515,15.0084987224996,13.5568869918545,19.4270649639926,14.8437856566001,17.1023260861539,16.449470470457,15.0258164644907,15.596507242955,17.6798359271558,15.5205080229794,14.8580402982711,20.9244703888448,18.3167574343174,17.6939328005662,17.3084901325851,21.6891817916012,22.2839775345739,19.3721195201222,22.5747785178346,20.9070843955732,22.2364644731688,16.387903072023,17.3163720012261,16.8923691972701,21.0116708757862,20.4064437791969,23.5568135716408,22.1652755145119,22.5564900339308,21.2580386131351,22.4740622606753,22.3182727579305,19.2817141519957,20.7169421996055,22.3733693962864,17.3092715018622,20.8253370269733,22.0298343288945,17.4427365008679,17.6990910614872,19.3266317802566,17.952885095953,22.7690825708136,23.6242434861663,23.5379885290846,20.9829270097549,22.8406264838914,21.7795801031297,18.9880862038642,19.6832502636577,19.0163956615618,15.382612153926,22.8490989516525,20.3181643368186,17.5284646034149,17.8125805004669,23.070873189542,18.2011203342752,22.8342129376369,21.5892563587269,16.4869556550982,20.7606710214873,14.5323055052725,14.7840948328559,16.0601256043731,14.8763970367415,13.2042244042161,15.0820016796006,19.0505147900726,14.2466168087049,15.7608368758626,18.6665069435622,19.9481417286919,18.568269164973,19.4406304488103,15.8743416575067,18.5258617583625,17.5541837646914,19.0842097158393,15.3095537903057,14.5075963816081,18.382054425095,14.7104096057124,17.7213279678084,18.1507293437519,14.5637417267043,17.85117523489,18.6243476938676,15.9837835051549,20.1483308765739,20.4730567699754,18.1322132180731,22.2426000580133,18.7860448352392,17.6575012000822,21.1283507467219,15.2210250519954,18.2206451993257,18.0920033147763,19.8984453798039,15.2571931586855,22.9776369043942,23.4337457524062,19.2821559113148,18.2604081923173,20.0864522815434,19.727231009346,21.3688013693814,17.0707487432371,16.983008366486,16.6408092392852,15.7812787605832,21.0510851106855,16.9900403237998,14.9930216361486,17.5302633223085,18.1116838007575,17.3005958261208,18.5822155026491,19.49820925017,19.0508412369728,20.4440581769018,22.3013298435543,20.7996225353968,18.3556069041081,20.9962049451998,22.8019436466809,22.1173157306449,22.2009333179381,17.5828989536518,17.9732627613262,18.4834473991254,17.6270223839367,19.6448141314836,19.0048895986032
"5x10e6_4d_2",1,20.1090552421506,17.2420965770956,16.345785302371,22.2487902824585,19.2957500203095,18.9872456201476,20.3969461176855,18.7997680662624,22.0904515131887,21.7807089595382,17.185748367601,18.8940934391646,17.1022658470741,18.2903950717362,17.0942437965585,16.4450080237916,19.1264480033024,18.8839653221162,19.1051944621882,14.2784151432578,21.5829119281647,16.0582155603354,18.5970837959633,17.7143756027542,19.6775012613248,19.695061200156,18.7150771891058,15.9299123970147,15.6982639000089,14.1822447580401,20.2728840332903,15.227608158704,17.3221083214477,16.0940278970155,15.6771249588996,15.9588413657413,18.0221029460175,15.5562216308268,15.3833290867063,21.5712003708991,18.8924007912522,18.5619149757743,17.7567175612658,21.972081344175,22.7039535127128,19.7233624321973,22.8859287791727,21.3136929457,22.6964337922888,16.6560353823155,17.3691956844917,17.2641746873449,21.3600875344386,20.5193777027318,23.6412064909729,22.536932756068,22.8106401749025,20.9300709059567,22.7824423851192,22.343065998905,18.7500336648753,20.2417876846326,21.5767571938266,17.4523910709083,19.4618322491183,21.4857381804445,17.9470654250791,17.3265006701105,19.2044198009064,17.9403430829857,22.6740794195367,23.7354127529296,23.430916999545,20.7109064642071,22.7519434185526,21.8656213336379,18.9000817433145,19.8459645134293,20.3088792040892,15.8512631316876,23.2288073900449,21.4159159341507,18.4450759904504,18.7547718232689,23.3562896871335,19.7688997971252,23.4808688261958,22.7647883914332,18.2277892525009,22.2628143085801,16.7900978833479,16.7922749756058,17.6683892374945,16.6771416305619,15.3489084398701,16.249142972944,20.4389751833565,15.9074239642543,18.2304470843385,19.5004281009438,21.0819006135558,19.4374213992102,20.9339376923299,16.6428370321732,19.3932723474559,18.2020520623577,19.9898499063722,17.1821970115732,16.1796242491392,19.0444608262384,16.5212378706516,18.0684642297479,18.7200659447904,14.4145311795089,18.553713655634,19.0906682715755,17.4219536019316,19.6953989744909,20.096725930143,18.1100977433575,22.509756281924,19.3829409901756,17.8796859769255,21.6048798500078,15.1521132097339,18.5906767011723,17.6389184239487,19.3472144870947,16.319128943249,22.9747661547257,23.4361219733631,19.5030906665274,16.0891657994065,20.1433209278586,19.6138992622721,21.5654561152955,17.4811630777264,15.4501803730477,17.3019675128927,16.3090884150798,20.2902270133411,17.5319179020188,15.4761569485388,16.7265967362648,18.3591381379478,17.320497040057,18.5357878328349,19.5301182686811,19.313871990198,20.6567035138993,22.2481023096411,21.1338735979881,18.7138069574963,20.7993322202082,22.6374109286918,22.1611923282876,22.3653921325181,17.3793853744435,17.4569981705873,18.2439874647385,17.625747965757,19.3224347355993,18.7213926411408
"5x10e6_4d_3",1,19.240670378658,16.444897350038,15.6811840332324,21.6954938132521,18.67068455613,18.2843505365566,19.8405031693091,17.7711073765677,21.2788043291586,21.5170639272213,16.1508847212525,18.0729649000246,16.2128852150621,17.2051871000687,15.2254379655064,15.2459628948429,18.2032648000712,17.4576466482739,17.4890765677767,12.908480948073,20.217536361737,14.7255346606299,17.8023032619157,17.1911696369968,18.5713862599264,18.8670112498519,17.7087362843731,14.8682195101892,14.8825007922915,13.5889547659166,20.1119384521867,15.6713134335648,17.5673525570188,17.5945690415363,15.5830135386768,18.9091614550005,17.706052459836,19.6516349931568,13.8605921028872,20.7456171921775,17.3632058355809,16.4598544463734,16.3325672407046,21.464612179629,22.1630048179902,18.4866627055102,22.4061098742044,20.7716923648507,21.6504221349834,15.8337369098391,16.1963423274052,17.1171135639094,21.0345958087284,20.3465685129589,23.4623680930749,22.1449933112024,22.552246112999,20.9770659721381,22.6095636037938,22.004489836669,18.2760702929696,20.8238441750174,22.0358790590845,16.608422912281,20.177928160527,21.9533851231507,16.9722581669815,16.9702691740118,17.8698345040165,17.2142494458774,22.5932100997508,23.4778899108652,23.3130345516485,20.2983076184953,22.6025768851202,21.7542372357389,19.1036703971876,20.2021266643153,18.3970897866664,14.8454924437445,22.3544273647325,19.2581041917513,15.7497751306821,17.5172566833688,22.5362416418181,17.115551247437,22.4329526808279,21.1340734298693,15.6578357828604,19.9485648964337,14.0682869221962,13.8539397020146,16.521412097302,15.5088333891126,13.1386191346233,15.3134731914786,18.918553919615,14.2563207150547,15.640017939197,18.5421276145903,19.6486590775598,18.2531020331496,19.3943977966601,14.8896039445134,17.7841206997596,17.3761439410251,18.4189768391803,15.0550670816327,14.1465554693549,17.9113710483126,13.9198437906775,17.9424332489387,17.5925634522868,14.1373872275212,16.9527115693745,17.8602711714157,15.8752119229794,19.5990507565551,20.2580537137386,17.5433581538529,22.1839291210045,18.539008849237,17.4861991664671,20.4912067248327,15.4593225462441,18.5512719679069,18.4294179798318,19.8008124344508,14.676252385643,22.475902852915,23.4100857567556,20.0039819175456,19.9157152004818,20.166386077066,19.8872310295524,21.4231642658978,17.4155967214573,15.3018060989619,16.7866997671156,15.7793672920736,19.9027106418326,16.2278012952401,13.7206793008427,16.173195230423,17.134135176241,16.1772537597641,18.4433475312851,19.0475604596182,18.9372003039074,20.5671848359612,22.1212204687786,21.4998261840081,17.9114390778178,21.026015622115,22.7821481916965,21.6442680088029,22.3588226064601,17.6653614008918,17.957202052409,18.1484789096244,17.1774682032091,18.1939552701042,17.5588038306168
"5x10e6_4d_4",1,19.3019451922497,16.2983301353427,15.7274188270155,21.8936296400619,19.5332195700789,18.9627603870241,20.3195817203731,18.4628857699924,21.665501282158,21.6465767275582,16.7802139417658,18.4901517737129,16.8498178748266,17.7720699724215,16.3284458014964,15.7579512960502,18.6437367600788,17.9030588747749,18.4621310328899,14.120341830851,20.6197910105662,14.9948210891194,18.2146696680278,17.1054996575586,18.7522880453303,19.0706231398319,18.1175666951057,14.78274641528,14.535267306857,12.4145995649884,19.5857821664551,15.1851096836286,16.9719343990687,16.754694664876,15.1651199920528,15.9429486304923,17.3212751009876,17.7736949035844,13.4046768261489,21.5341267614704,17.9313056141905,17.412687808706,16.6672994457399,21.850980260298,22.4693720378357,19.024691780692,22.8969448713964,20.7086941923224,22.0244131359714,16.1483710673423,16.5386681517927,17.1897481117443,21.3099429913046,20.1349435904619,23.4926748323211,21.9629112693199,22.5468612622556,20.9537778991467,22.5438591358484,22.2738419732157,18.3382414211191,20.0841831096399,21.4058285969384,17.414069299106,19.171590818764,21.5601683775343,17.4780110476982,15.7390789849174,18.0610762994352,17.7769276427039,22.6371813842781,23.572741969675,23.3666064975302,20.208279911071,22.6294902530961,21.5764270262171,18.9986505951838,19.8882674127242,20.0077166533087,15.7805193429454,23.0578233674121,21.650028728306,17.300833885244,18.4690886654591,23.2698497772158,18.8035195290677,23.5330761207849,22.8959503807696,18.7994179967391,22.3866880923569,17.3268670903416,16.6545334395765,17.9681680795267,16.9309624199193,15.8100930375791,15.9363018527787,20.2731245741498,14.3096835356386,17.7265751178515,18.2503193832581,19.8204337542805,18.5748107328556,21.669803212878,15.3310300873949,18.106333699388,17.4770662565113,18.9719006416647,17.8129774154885,14.381421886821,18.0024048916749,16.0762330111433,18.8608913725119,17.6153915486124,12.2707431616104,19.070593006489,18.3034121792896,15.2708278368679,20.2733717628202,20.492484753496,17.6031477347119,22.5118606077145,18.5060141754689,17.5851332120655,21.8149987730637,15.5642511510966,18.5875108660564,18.1678921873219,19.2963964620843,14.8699367985695,22.887106241564,23.0769923487176,19.0074858678824,19.1198895705864,20.3207946280407,20.1373213982622,21.5952801353996,18.0570181622692,14.7647158158605,17.1747248784843,15.5946412486378,19.2539709443736,16.7650294740311,14.9329827990959,16.2544894737918,17.7989884699919,17.5300734872752,18.7718851595122,19.7091047478445,19.5571258155254,20.5829976947967,22.094616388948,21.2785339659706,18.1679119356708,20.8890969121774,22.583112960793,21.6877170768919,22.1604231151552,17.2982091556058,17.6572619623445,18.5311220315765,17.7342029042723,19.1987476195613,18.6842051013566
"5x10e6_7d_1",1,18.4102244995469,16.2041764839509,15.1988644975298,21.8052210547074,18.6589153160593,18.0752996005419,19.7729117550024,17.7979515838885,21.0071872804389,21.3956623882173,15.860748564245,18.8773957312268,16.1332708000735,17.5186223030393,15.9196455149395,15.0326365087732,18.8231041198038,18.5231791765858,18.3197680275582,12.5463894672404,20.8952183029878,15.2674919527205,17.8868458443849,18.1407321191008,19.2392934723252,19.2245851054248,18.4403409936324,15.428646930391,15.1378287219233,14.4687785194897,20.0308257277601,15.3099005381157,17.38307432359,17.360730699414,14.8654803143637,16.8218561968369,18.0152522050373,18.0116483568082,14.9825312112462,20.276482262332,16.9966092501472,17.0678275598459,16.0400764663773,21.3085576236011,21.7816540677609,17.4669877883021,22.4398722166769,20.2492943269896,21.840532846445,15.872374475381,17.1681133840036,17.5916489166828,21.1273660734406,19.703065856428,23.5857272768116,22.1059109057139,22.4489503502684,20.6699400698374,22.4672785399976,22.5018881952408,17.2028458744723,19.502751939324,21.2977792807936,16.6815264658994,19.0750258270034,21.2347176075061,16.3248638078985,18.0183835799358,16.98425911631,16.7464999698256,22.3399451210176,23.5176711900792,23.213014158775,19.9116793499115,22.5088314552269,22.2928522533722,18.7840417992597,19.9076363947518,17.6270210476072,14.524863173056,21.7270072167708,18.4628747893826,16.7083367813301,17.6835747523759,22.3579426962951,16.4375162659552,21.612152520398,20.679146525342,15.4848350609333,19.5895621172444,14.3278750884979,12.7363804593362,16.1386274146311,15.4047521758315,13.8086097512613,15.3874061585533,19.8258483374287,15.4444611420317,16.6117267028192,18.8418607775006,19.6721328743779,18.080504625635,19.6255064135559,15.0315846043889,18.7356480527762,17.6493300849007,19.4980000493622,15.4049700182083,13.8897742770437,18.2204398837733,14.0128942197479,18.2120651363962,18.9162652748052,15.2985301142802,17.9433966659756,19.1177466080118,16.6433877705841,18.7091934301686,19.7823680924424,17.7082435199626,22.1030172136767,18.2193274836944,17.1528967652181,20.6982491665988,14.8058834745718,18.628298347638,17.6535893662457,19.0969645822165,15.0052482957818,22.3644028040172,23.5005521011129,19.4910778807599,18.5755061248047,20.451812277221,19.5014066829734,21.5551437732064,18.0659687667735,13.1528085900587,16.759493455426,15.9041895462529,18.2020215626508,16.2026308365249,14.3974479825532,14.5421414334353,15.5113470607263,15.7230625037518,17.7801604648754,18.6004786215282,18.9784800487264,19.847459609151,22.0886504489233,20.2952873179416,17.1503089815599,20.4367425453374,22.6664650098478,21.9176585261144,22.3786827490713,17.5417118062343,18.1071974366918,18.4588965595767,17.3583558205146,18.5560278115698,18.0168475549747
"5x10e6_7d_2",1,18.5115635038014,16.1008605696935,15.0826506408648,21.6821136564885,18.9351001086174,18.9102780218323,20.3922958019406,19.3360090613761,22.1406034147081,21.7518301587741,17.4790897170725,17.6142369196155,17.2843889470354,17.7053895035221,17.2398596848086,17.7080103401644,18.4825693082369,18.2631734757677,19.1376935051654,15.624714146184,21.2481133151552,17.0504848980587,18.9701178302397,16.7849465988683,18.365717575839,19.2930301129144,18.3658747981965,15.3903552903162,14.2622751032981,12.1138829837864,18.6240125065074,14.3589237235116,16.6440748800963,15.7495355770384,14.678050106147,15.2990906067867,17.7092397153375,15.2226597558813,15.9935703107619,21.3879376392645,18.6486979119255,19.4272728127129,16.9274262411771,22.1041405702688,22.8340059128247,20.4126557674351,22.9077843533196,20.5968060103284,22.2252374504056,17.5826931829467,18.2622675033788,17.0591052809899,21.181065943583,20.298695670272,23.4969579772585,21.9741708858768,22.2515565223756,20.8506528916152,22.4137243732676,22.4683600398382,19.4209840818289,19.7084190905309,21.1259060851022,17.6951894150095,18.9550425274833,20.8480872519453,17.8511165069303,17.3375318025986,19.4711136607284,18.6852282966185,22.9291071265297,23.7016165518789,23.4231264279815,21.0027087619525,22.8437146483611,21.5033136903194,19.3045677350902,19.9099772004994,21.4675601537222,16.1254561966846,23.530707919655,22.2237361591708,18.6246176616793,18.4041119679557,23.5505197027169,20.6327829176794,23.6791674699685,23.0189146324145,19.2966493569975,22.3619176781377,16.0893344166508,18.0975767918802,16.9234969656948,15.7893908592683,14.787603698855,16.0643156629935,20.1443718019053,14.8765004595552,17.1429345380519,18.7826723382014,20.2702257362962,18.6318510251349,20.2801287592928,15.9852498315563,18.3788726887168,17.2948304955155,19.0184421614924,16.326784132833,15.7524877380192,17.7056440928445,15.009798211983,17.8761047147864,17.1844365135633,13.2259400872019,18.934813595825,17.6897160822234,16.0315139341348,19.5026778966313,20.4375165199408,18.2685362893773,22.5685431060979,18.7934502092734,17.7669130244459,21.663596431028,14.832890496923,18.0543535854123,17.5766843166615,18.9187108611274,16.1705631070306,22.9526843789869,23.3808761129253,18.461381396767,15.7536090155744,19.6291426925458,18.8626510717707,21.5217258678872,16.6485901823839,15.4017089479061,16.3922135087568,16.5961164887859,20.065714907663,16.4680019923791,13.6900846380781,17.0581412269845,17.3172018457615,17.4307954154134,18.3329893329719,19.3131365760323,19.001033073783,19.9339825218381,22.4522673864671,20.640498927497,18.9739942973602,21.1998870755188,22.8551633282424,22.2717076522064,22.149209852256,16.9422341156119,17.5059292789291,18.4509822761729,18.4258655077334,20.2532708647684,19.6187651199844
"5x10e6_7d_3",1,18.0650591036338,15.3230286391492,14.7932137306106,21.5534278603649,18.8444482316828,18.7603454489179,20.2822397779687,19.1175101011212,21.8441988916064,21.5394276855493,17.2181379371303,17.7962596803121,16.4407667919862,17.3664628287469,17.0008199522089,17.0442481873046,18.1132336137554,17.941326793771,18.778221540723,15.0599593126668,20.6313493802693,15.9021043909103,18.5976823939611,16.3932583359842,18.0938694964307,18.6372025047743,18.3042095351638,15.2064405814027,14.5350375369969,12.3499609392296,18.9174821669381,13.7530493020953,16.7735804211757,16.0895561918766,14.4713807577976,14.759903011343,16.8119133119063,17.4086443463808,14.7368554522723,21.3798017892244,18.2758244185914,18.6866838924489,16.9772083769431,22.0366498701878,22.7838609110686,20.4354068980581,23.0361721030364,20.6400380249634,21.3722205067554,17.5855866627068,17.8916543954356,16.920639346869,21.0023485742207,19.9919687992765,23.4952424137375,21.8491451598249,22.1184150217122,20.8450564100393,22.2591240157115,22.3735535319861,19.6370712430675,19.7071957574159,21.2623320297222,17.1077575992121,18.944814006593,20.5712744515888,17.3734668437733,15.9286319524006,19.4150770117518,18.819474836707,22.7149655030458,23.7258523775438,23.4404971342876,21.0012599105459,22.7384490758675,21.4669367731904,18.7263242997898,19.4333881791089,21.6281512513935,15.9360155785715,23.4577185303055,22.21891763021,16.2098721616114,18.2181944143668,23.4674872678099,20.6416583117498,23.6798600824602,23.2082925643521,19.4738288481461,22.4293887344813,15.9849364393457,18.155785309679,17.3126083799474,16.3357064188576,14.9685124687879,16.127506984622,20.0217199544641,14.8384607038066,17.0636343738544,18.794148800607,20.2417088511986,18.2311003013183,20.4984448387419,15.6260532200759,18.2330978338819,17.1999872422899,18.4175656635616,16.4829055463092,16.018713812981,17.6935764986925,15.2230591177105,18.5215591071378,17.2734834605593,14.4172067615963,19.1136933693377,18.0990071084471,15.9101535642699,20.2594648505033,20.601541282879,17.9941680775628,22.6676412918302,18.8200146289602,17.9868636744525,21.5072347526113,15.1840700644626,18.3346956970449,17.0481460878817,18.7854913815099,15.6827886785564,23.1777849432592,23.2048366283859,19.0834809504667,19.5714088288814,19.5075542829277,19.1940486333264,21.6917953717365,16.3456685081739,15.6374672035154,16.8989878740712,15.861386640987,20.3350308651038,16.8755371412574,14.3107689150405,16.6887813171718,17.9783624728875,17.5763535556648,18.6186335140562,19.4964966376939,18.7738712370082,20.0790709793708,22.2165672210412,20.9946308701295,18.517540242857,20.8419811936939,22.6078048302082,21.7066006686418,22.0494972830724,16.6245646761141,17.4404802790078,18.4216251937885,18.3256515943976,20.0710832502,19.5605268923062
"5x10e6_7d_4",1,17.4418309916136,15.1214228513684,14.9623026141743,21.2328073517448,18.5371011864757,18.2986168098211,19.8148829269822,18.9386284079507,21.8024568058954,21.0203272172542,17.2597731417899,17.4088960592072,16.3668527154869,16.8598912281334,16.7196761465723,17.0172736468159,17.7297558795298,17.5625184436191,18.4694218489723,14.8709877443293,20.2988677780232,15.9094919287057,18.131166009845,15.8055185515198,17.7774394414932,18.4678800121715,17.9665663543095,14.8070009874884,13.5074277375442,11.7261872825321,18.1850499296041,14.0745032765343,16.3965616674981,16.0181281705172,14.2963450655052,16.7179398323202,16.9580015355676,18.1664383340032,15.3366230085138,20.9208317630426,18.2967787279521,18.5253235378085,17.0373403322028,22.0319643135989,22.7538248441267,19.9981471595053,22.8821939356777,20.5159319867859,21.141964135989,17.338473213164,17.6635863336951,17.0808251704145,20.7452181294528,20.1206751593921,23.2989853475506,21.7252909435791,21.9260425765043,20.2583728028642,22.2992148671024,22.195406302542,19.3305304230032,19.2804594291385,20.9152033108314,17.2231973212577,18.4331700005853,20.3445065474723,17.5703304485024,16.6106280443198,19.529078648225,18.4244811764646,22.8096625568187,23.6582573622257,23.3949097046021,20.7206273280902,22.627358097493,21.0835819058676,18.5851792972263,19.1762807595589,21.1469997590144,15.9565857548593,23.2961706956201,21.7675126471946,16.2663120228383,18.0143401243681,23.1597317041624,20.3101506609608,23.5918570655597,22.8195501664156,18.4188236264455,21.9716359913216,15.3224688445735,17.5710642377142,16.8601154162468,16.1390185517927,14.1038954208507,15.3780029411989,19.6798502056735,13.9583003866934,16.6026864070055,18.0112344226824,19.6049037103421,17.8631740061683,19.9220344637948,15.3024205473027,17.4887282830609,16.4560884077268,17.9219391560371,15.8282339324408,15.003793760316,17.011858179118,14.2508010686611,17.8068235452332,16.0829005633431,12.7728869948194,18.193059668537,17.0403126335713,15.3075179672957,19.7427967668557,20.4323517601674,17.6798485953214,22.3529562961119,18.5832485358008,17.5253070475272,21.1431812414318,14.5602571398147,17.8781481350284,17.0406010998201,18.6915652684184,14.8481047356473,22.2373170528134,23.0131173246729,18.954743089398,19.233184016071,19.0279075147608,18.7922549151639,21.1380947414854,16.151690773544,15.1303977413414,16.2483239966402,15.300620401784,19.5590089509964,16.3644507636328,13.4321348269801,16.1989491532221,17.3147925976701,16.8710343851151,18.1239156774297,18.8521246562294,17.8736888249056,19.5355086682164,22.0590919095183,20.6941875061857,18.1192294402482,20.3885650944372,22.4219575813999,21.4202168646014,21.6145789909725,16.4581446145221,16.8957247603318,17.737168313072,17.3872385102422,18.878359025947,18.4915626074983
