"","response","CE(20:4)_NEG","CE(22:6)_NEG","Cer(d18:0/0:0)_NEG","Cholesterol_NEG","DG(14:0/16:0/0:0)_NEG","DG(14:0/18:2/0:0)_NEG","DG(16:0/0:0/16:0)_NEG","DG(16:0/16:1/0:0);DG(14:0/18:1/0:0)_NEG","DG(16:0/18:1/0:0)_NEG","DG(16:0/18:2/0:0)_NEG","DG(16:0/20:4/0:0)_NEG","DG(16:0/22:5/0:0)_NEG","DG(16:0/22:6/0:0)_NEG","DG(17:0/20:4/0:0)_NEG","DG(18:0/18:1/0:0)_NEG","DG(18:0/20:4/0:0)_NEG","DG(18:0/22:4/0:0)_NEG","DG(18:1/20:4/0:0)_NEG","DG(18:1/24:1)_NEG","DG(18:2/0:0/18:2)_NEG","DG(18:2/20:4/0:0)_NEG","HexCer(d18:1/16:0)_NEG","LacCer(d18:1/24:1)_NEG","PC(0:0/14:0)_A_NEG","PC(0:0/14:0)_B_NEG","PC(0:0/16:0)_A_NEG","PC(0:0/16:0)_B_NEG","PC(0:0/18:0)_A_NEG","PC(0:0/18:0)_B_NEG","PC(0:0/18:1)_A_NEG","PC(0:0/18:1)_B_NEG","PC(0:0/20:4)_NEG","PC(14:0/14:0)_NEG","PC(14:0/16:0)_NEG","PC(14:0/16:1)_NEG","PC(14:0/18:2);PC(16:1/16:1)_NEG","PC(14:0/20:4)_NEG","PC(15:0/0:0)_NEG","PC(15:0/16:0)_NEG","PC(15:0/16:1)_NEG","PC(16:0/16:0)_NEG","PC(16:0/16:1)_NEG","PC(16:0/18:0)_NEG","PC(16:0/18:1)_NEG","PC(16:0/18:2)_NEG","PC(16:0/20:3)_NEG","PC(16:0/20:4)_NEG","PC(16:0/22:4)_NEG","PC(16:0/22:5)_NEG","PC(16:0/22:6)_NEG","PC(16:1/0:0)_NEG","PC(16:1/20:4)_NEG","PC(16:1/22:6)_NEG","PC(16:3/16:0)_NEG","PC(17:0/0:0)_NEG","PC(17:0/22:6)_NEG","PC(18:0/18:1)_NEG","PC(18:0/18:2)_NEG","PC(18:0/20:3)_NEG","PC(18:0/20:4)_NEG","PC(18:0/22:4)_NEG","PC(18:0/22:6)_NEG","PC(18:0/5:0(CHO))_NEG","PC(18:0/9:0(CHO))_NEG","PC(18:1/18:2)_NEG","PC(18:1/20:4)_NEG","PC(18:2/0:0)_A_NEG","PC(18:2/0:0)_B_NEG","PC(18:2/22:6)_NEG","PC(19:0/0:0)_NEG","PC(20:0/0:0)_NEG","PC(20:1/0:0)_A_NEG","PC(20:1/0:0)_B_NEG","PC(20:1/22:6)_NEG","PC(20:2/0:0)_A_NEG","PC(20:2/0:0)_B_NEG","PC(20:3/0:0)_NEG","PC(20:4/22:6)_NEG","PC(21:0/0:0)_NEG","PC(22:0/0:0)_NEG","PC(22:1/0:0)_NEG","PC(22:2/0:0)_A_NEG","PC(22:2/0:0)_B_NEG","PC(22:4/0:0)_A_NEG","PC(22:4/0:0)_B_NEG","PC(22:6/0:0)_NEG","PC(22:6/22:6)_NEG","PC(24:0/0:0)_NEG","PC(O-16:0/18:2)_NEG","PC(O-18:0/0:0)_NEG","PC(O-18:1/0:0)_NEG","SM(d18:1/14:0)_NEG","SM(d18:1/16:0)_NEG","SM(d18:1/17:0)_NEG","SM(d18:1/18:0)_NEG","SM(d18:1/20:0)_NEG","SM(d18:1/22:0)_NEG","SM(d18:1/24:0)_NEG","SM(d18:1/24:1)_NEG","SM(d18:2/14:0)_NEG","SM(d18:2/16:0)_NEG","SM(d18:2/20:0)_NEG","SM(d18:2/24:0)_NEG","TG(14:0/14:0/16:0)_NEG","TG(14:0/16:0/16:0)_NEG","TG(14:0/16:0/16:1)_NEG","TG(14:0/16:0/22:6)_NEG","TG(16:0/16:0/16:1);TG(14:0/16:0/18:1)_NEG","TG(16:0/16:0/18:1)_NEG","TG(16:0/18:1/18:2)_NEG","TG(16:0/18:2/22:6)_NEG","TG(16:0/20:4/22:6)_NEG","TG(16:0/22:6/22:6)_NEG","TG(16:1/16:1/18:2)_NEG","TG(17:0/18:1/20:4)_NEG","TG(17:1/18:1/18:1)_NEG","TG(17:1/18:1/18:2)_NEG","TG(18:0/22:0/22:0)_NEG","TG(18:0/22:4/22:4)_NEG","TG(18:1/18:1/18:2)_NEG","TG(18:1/18:1/18:3);TG(18:1/18:2/18:2)_NEG","TG(18:1/18:1/20:1)_NEG","TG(18:1/18:1/24:0)_NEG","TG(18:1/18:2/18:3)_NEG","TG(18:1/18:2/20:1)_NEG","TG(18:1/18:2/22:6)_NEG","TG(18:1/20:4/22:6)_NEG","TG(18:1/22:6/22:6)_NEG","TG(18:2/20:5/22:6)_NEG","TG(20:4/20:5/22:6)_NEG","TG(20:4/22:6/22:6)_NEG","TG(42:0)_NEG","TG(46:2)_NEG","TG(48:2)_NEG","TG(50:5)_NEG","TG(51:1)_NEG","TG(51:2)_NEG","TG(52:4)_NEG","TG(52:6)_NEG","TG(53:2)_NEG","TG(56:2)_NEG","TG(56:5)_NEG","TG(56:6)_NEG"
"5x10e6_7d_4",1,24.2511425746412,23.3493926012479,19.7513275825315,18.7251617349994,19.8868016652002,16.9844572268709,22.2108206953675,18.2538417155988,22.2209644062388,23.0523690424637,21.8982371281143,17.6203497205378,20.7579570929067,17.862548448471,21.3070445671341,24.6845263791511,21.6358499479278,20.7187143052347,16.2520975817335,19.9602385828874,20.2086322262593,19.2885045172079,19.5094680470474,17.5424695035469,20.4699908905689,22.7848038575546,25.9162579843878,22.540324715115,25.8107044957545,20.8424419446854,23.3200073528883,23.1494861861164,21.0689937263742,27.2913234700237,21.8529902369728,23.4573310262387,21.4851869897136,18.0504450410766,22.0776953907129,20.2270224223892,27.8573977018506,26.8401589083379,25.1640517409126,27.3653846563372,27.4052305545011,24.4194332935163,27.1786455532072,24.6635713504256,22.7944257824328,26.176755550005,21.9166647333601,22.0321345362353,20.9483437916211,21.489252761441,20.3950144709293,19.8981612753252,25.0095180423249,26.882151573329,23.4038494096855,26.8460711933674,23.6086915904676,25.0387853937846,16.5938799311042,14.3475436509071,24.916108158153,24.2493271713253,22.6312776548904,24.4061519247917,23.4386531654468,19.6174238574542,18.8877925349128,16.8648777595037,18.4651579555821,18.6866382670229,17.4359139972557,19.727657095884,19.9825979685193,21.5622714262102,17.444443069156,18.3483722434101,16.1711977230006,14.3048541474769,16.8225540075111,19.0180087714836,20.2266153373707,22.8759095194265,19.3682356099826,19.1076580022826,21.1325846052047,18.4857489884093,20.1448796082364,20.1665693511394,26.1585765612371,19.6225715639017,23.253019053104,24.3931119276082,24.7577223524451,24.9499118252272,26.3943953105918,15.6219634263961,24.0665042711903,20.6920489646236,24.4735198435056,18.0797074272754,20.4420044417786,19.5706983740133,19.6503617611499,21.9721093988184,23.9536498568621,25.0844825632969,23.4533344442964,22.5170312378392,19.5096363319909,20.9931097698979,18.2349521747303,19.4078365737466,18.6092914803656,16.8338168054886,19.1345046589456,24.1630347713403,23.7922503469055,20.3257841539151,17.2320201951242,22.6045727967502,21.5229503458572,22.7180692710898,20.8153460600393,18.0942979274973,18.3504594508724,16.2429260710349,16.5709654868128,16.3846350300462,18.9904430704061,22.1017033874872,18.8647879495391,18.924713121105,19.4424203839891,24.6771063509458,19.4500952736772,18.8194271810826,19.6129274244164,22.7642591234396,23.1449688914852
"5x10e6_7d_1",1,24.5675531002712,24.0099597973013,20.2180258631875,20.0096118368847,18.5932313038759,16.3606286373819,22.1838750713643,18.8829386193649,22.7869054189962,22.8356230221419,22.0077578794353,18.1162209961489,20.3585866838199,18.7009124077736,21.847651906328,25.3645868854451,22.1020091619518,21.6575053433216,17.6385806397343,18.525353888993,19.6015183869914,21.3934097050513,20.7704622643636,17.8731037740806,20.5399442288179,23.6940638796502,26.4879955322514,23.6935924496282,26.1577757355219,22.0639015973166,24.52638783765,24.4931020821042,21.4830224482157,27.2708667516072,22.3623211034605,23.9462028218398,22.2819586003812,18.6140637747566,22.8862159538879,20.3102506702172,28.1457156056901,27.1336486560525,26.1220198726871,27.9304934511895,27.515343483816,25.1694100317058,27.5993380999953,25.5451750659993,23.7394926253504,26.7219862486095,22.3224321223785,23.0877999687862,22.827728118022,22.095461090724,21.9512474467138,21.0335670081582,26.2378481644581,27.2990629298035,24.1686118323962,27.6257408323537,25.363645391806,25.7989891619233,18.3249562121693,15.7958829038116,26.1655518552694,26.0531962395167,22.7998795015628,24.5103073436275,23.6777893099417,20.1125355926347,19.7660748124213,18.567293131442,20.1906614428327,20.2413642316142,18.5229988198312,20.8088455852275,20.611873344995,23.7145645773551,18.4918896631997,19.3221898975192,17.6426308228526,15.1552983157195,18.3211558925404,20.7839422186718,21.7895837907419,23.7387507698366,20.9963678876892,20.0792256408745,22.3934360227925,20.0644268499021,22.668231129641,21.3037062059227,26.4299098258867,20.7450774566125,23.6626995557095,25.0370840667072,25.556122677477,25.9899530414412,27.0340809122631,16.8203379204181,25.3451577777554,21.5745348612274,25.4387511233396,17.5147342771816,19.8724428657331,18.6872856497442,18.8835731115179,21.3483038876764,23.06112328199,24.3865970591756,22.8429319846315,22.3085863688159,20.7088785464147,19.6095362134107,18.0812669208483,19.1597127672763,18.1842553440429,17.1440790786341,20.0957434064578,24.1437451988963,23.2805466510343,20.374016356234,17.0407897004773,21.4031044979943,21.0879603316235,23.0726149657694,21.9567097265967,20.1165057831879,18.2074944461017,16.6833338023829,18.658359250851,16.2600463253275,17.5331952072855,20.7907230428511,17.5646481889118,18.4542464470293,18.7373520562094,23.204973604466,18.1011631557682,18.8224202882296,19.5642113715151,22.686256324547,23.5382303830925
"Mock_2d_1",0,20.7541314976934,18.7308180658312,18.6559423889636,19.6385625221919,21.1685591950744,19.4909258960363,23.8064157877332,21.8075924351153,24.7103224696996,24.8844425791079,23.047914194209,18.7640593320007,21.2500440622322,18.0129165488381,22.6315593175015,25.3946374858589,21.5693552294659,21.7439652376744,16.8709183445628,21.4810372765227,19.5871129734214,19.1577302557508,18.558799277244,18.7996588947892,20.2416595417502,23.7298933878751,26.0144949020784,22.2734806148644,25.9793373556064,22.1191748116171,23.0942765009102,22.3504295045625,22.8294419958001,27.4691548859082,23.4877830053568,24.277860886106,21.860065768121,17.6787448667306,23.0959397394478,20.8404299823066,28.396979162818,27.4714797435945,26.168069606591,27.5110631260088,27.595449857954,24.836935740534,27.4286579190793,24.3354705017075,23.3528407543768,26.0088787443172,21.2611241916761,22.1981755301511,20.7950523406316,22.8230536675512,20.3361263676736,19.4872626544627,25.4976487965501,26.9567678540645,23.7677283251342,26.9773244745083,23.4549774661362,24.3627618655106,20.0880172876956,17.3811135690907,24.8520021300286,24.5030134859559,22.630427226457,23.2199780753255,22.2259267054399,19.5932832868641,18.7471464573239,17.7169478497095,18.932320558434,18.8004205516919,18.0499869388745,19.1664482947882,19.4670386771894,21.7729162842582,17.6601107186992,18.4624726917656,16.5774434653959,14.8161129621119,17.4898096271738,19.4315331829326,18.9025583899847,21.2055956524107,19.6136855028667,19.7733800047893,21.1616536593828,18.2110609629293,19.5861329983067,19.9733954689925,26.1925259535409,19.4220804260358,22.3191636818694,24.9921305781148,25.0574333816327,25.6388055434514,26.6506880346667,15.1546705705662,23.7704575257537,21.1397015378841,24.7927816575275,21.2770719647582,20.010277278524,25.5494372225355,19.9417835701191,26.0289514830361,25.898122424603,26.5439873621066,21.824966410138,18.2275160609246,16.2361908754287,25.8324975748332,17.5129566969474,22.9563259024726,22.4023752068308,17.933738193128,14.7946345001584,26.5043103236121,26.3710600632633,22.0968164746272,17.0321886937716,25.7833082175783,22.2162538495867,20.5461218872579,16.9373866624417,17.0410250144943,14.3362488410744,16.824107764281,17.1261858435663,20.4217442150716,24.7817892184688,26.6023881753777,22.5753295380839,21.0928261641591,22.8623664515069,27.0463410245699,22.9468133987445,22.3719341381018,21.6426564904691,22.9581531819234,22.4371550531999
"Mock_7d_3",0,20.646272598785,18.958605813017,18.3416234676125,19.3417331256787,20.9762612519424,19.5209455683734,23.6809048148504,21.7359580776449,24.7164983880534,24.7245066713017,22.918366932222,18.7030001449853,21.2382717758025,17.8883734257404,22.693910793421,25.406543040361,21.6121485823863,21.7940035944736,16.9167705021067,21.3675844523395,19.0674973848506,19.0054078213919,18.562210742667,18.8703044156199,20.4120920864618,23.4077724042764,25.9659362597896,22.3461956987579,25.7763970870346,21.9801937174429,23.2538552736254,22.6982315711062,22.1553375407238,27.6145106955201,23.0306870032303,24.0671477633545,21.6228820698918,17.5736206089323,22.7441912409906,20.8783961672504,28.3119716570382,27.3751879504058,25.9604888936914,27.4426613376388,27.3425874402566,24.6919146149182,27.3062721438917,24.3836324493097,23.0052186505187,26.0866727187274,21.5878649394228,22.3559695006533,21.0404034439503,22.4720695482034,20.2745056977741,19.2143011835357,25.4133225442824,26.5960993090997,23.6676566659625,26.9227703907147,23.4329258002008,24.4837325160427,19.7104353566026,16.8571908446814,24.7117937211587,24.386665860795,22.526051790062,23.186629024476,22.442230402136,19.0743668923782,18.620389212574,17.6189706252309,18.9735963905687,18.8546677253569,17.8891827144628,19.1596291648815,19.4372926142892,21.7492662106836,17.1994349658512,18.1808417172877,16.7160079540847,14.3146073062493,17.148626617193,19.327328548675,19.1313907111257,21.9018901317579,19.5668857914342,19.3502218867,20.8640318509892,17.851059397417,19.4882462810819,20.0690306149954,26.1886335139356,19.3356660798956,22.5472819445394,25.0664725735496,25.1661235377695,25.661519453448,26.7127642784473,14.9662952660608,23.8638339756855,21.3104311132084,24.9572066585874,21.332565601801,20.2319485875045,25.5698681213723,19.7849400111186,25.9798441704298,25.6428849451832,26.589931341429,22.2021138073392,19.0037726618495,17.3678827472724,26.0893232623316,17.3018552086552,22.710437668905,22.400092978339,17.444509166755,16.0279535657915,26.4718394092385,26.5628109432503,22.2451080101573,17.1645867325578,26.10304011212,22.4196257867476,21.1810785344187,17.9002614402204,15.4033426151011,15.3230423872042,16.7178056810753,16.8784662816129,20.564507249508,24.9795562907532,26.6444064293143,22.9530824981513,20.9691484674211,22.6425247325373,26.9819749255959,23.4699952363783,22.202095269172,21.7557023933071,23.0214886874246,22.6384249761114
"Mock_7d_2",0,20.7656100525653,19.0535021938581,18.3351129407737,19.60073143172,21.1783252024227,19.0683753326633,24.1077636641876,21.7580088567852,24.6520073859065,24.9135100643262,23.1684855914128,19.2385865237845,21.2299460891698,18.1443120482312,22.5169379728839,25.3816098820824,21.7922281012664,21.7240996431776,17.3546151443823,21.1868738078264,19.3719540727954,19.0593099645929,18.9830877175088,18.9957748265728,19.9529913517979,23.7416969812006,25.964534064883,22.4166479485411,26.0479799067459,21.8244216694009,22.9213945102668,21.5708881484448,23.0328214462464,27.6903853192896,23.6133532250594,24.5438038074759,22.2348437378005,17.3056266343409,23.0744541143905,20.9399384739124,28.3609641291236,27.527709772558,26.3139799042786,27.640056234345,27.606846042227,25.1037673889308,27.4706783589937,24.5012241910757,23.3966836889509,26.0957820314522,20.7744344944973,22.5852915233383,21.0366733436111,23.3610605434548,20.4200177660307,19.2964456162275,25.8437903520284,26.9594715588944,24.1503951402227,27.0843545812302,23.5169124922341,24.3640637014162,20.3505866483148,17.5886151413048,24.883297064802,24.5423109102128,22.3117864186044,22.6482312818522,22.5620430052001,19.5995894076305,19.1873161257237,17.7523126510861,19.1156714124506,19.0137111371684,18.0514610503146,19.1391014829877,19.2052457275036,21.8086532489347,17.5787970672734,18.4658068860829,16.9146321215843,14.6428538845167,17.8378428101487,19.317584021224,18.8297580534645,20.6331436854734,19.7330777142683,19.9389855720107,21.147424657751,18.4922269152471,19.9966947517317,20.3111832937341,26.294891478952,19.3364974341931,22.283468084907,25.1050551923513,25.400519876504,25.9837719389821,26.8594813267419,15.2959441933877,24.0611367994942,21.4516386189762,25.1501571066401,21.2871260246609,20.3150599837831,25.4371937951844,20.1326550434347,25.9110268283604,25.6635780820587,26.5405108412696,22.1304631017111,18.8525930372247,16.8148097974089,25.5645549285702,17.3818011526795,22.6861950803788,22.0301338243853,17.5325411799339,15.0528814332842,26.4050171675945,26.2573252531389,22.2570019024731,17.7324717816167,25.5543395357952,22.6010445192279,21.0052620043681,17.4497865574971,17.1499784521871,14.0812041702881,16.9253893196149,17.1338832517543,20.2945315692969,24.5251876666083,26.3911693668237,22.2866111999928,20.9783140257119,22.5950797665115,26.946338399013,22.5880017848346,22.1665696575983,21.7811930996198,23.3325143851244,22.7940463445186
"Mock_7d_1",0,21.3542388879435,19.7271759475404,18.5016942248911,19.4971094497296,20.7245796327481,18.821985785196,23.7075450259436,21.3203714315192,24.2964034642013,24.451463556345,22.7881926937411,18.6287855941741,21.1844807051826,18.0660850834035,22.4252971038423,25.3182213071973,21.6277040846405,21.7334139462417,16.5833908701094,21.1328158305176,19.2875586623479,18.9321300291018,18.6881319368529,18.7483256428813,19.792151331315,23.6664551492884,25.9745169961979,22.4531634816506,26.1829892468982,22.0240710124536,23.0343491314282,22.1652727539043,22.1199857945801,27.5313678952047,23.1019516338653,24.0525571060588,21.3497469108834,17.2698173967947,23.0891834218816,20.7694368496583,28.281055151635,27.4276697525358,26.1748639816614,27.4802728692665,27.4691750123467,24.9207283811497,27.3360071538779,24.2406860988203,22.8958409486345,26.0807508546032,21.3389878107204,22.0871769575279,21.1406375809936,22.572099268261,20.3457005835359,19.1993674142822,25.4055320736636,26.7607810518553,23.8355046762401,26.9905425276967,23.4294997104188,24.5648781743121,20.3596830818681,17.1266800566381,24.8387812346931,24.4513488486191,22.4038161315621,22.7260389191285,21.9668835860933,19.3724406596869,18.8465991190158,17.9015023964259,18.9357653005149,18.8577491676107,17.9567801704071,19.0365737466018,19.446723391662,21.5607142782036,17.3149323801498,18.1915853401844,16.5290607705909,14.4904421794728,16.741268128606,19.3763972810364,19.0620650830376,21.2112688059227,19.3843436049537,19.6191853945254,20.9613729422093,18.2760496985147,19.50544354076,20.0452857353871,26.1191040288359,19.3324077120224,22.2242051584627,24.9864206053104,25.0339167986803,25.611809197911,26.6642486992673,15.2317545408135,23.5152616614526,21.3030907716833,24.866172441424,20.6370434852712,19.7068045731937,24.9079902233287,19.6807358416398,25.4662231190928,25.3477342206744,26.4695359981826,22.4699302962058,19.559315351423,18.0718276304793,25.4357085342055,17.8254053545175,22.4176179396417,21.918308692756,17.1934417395549,16.2664793157011,26.3243695573902,26.3148581353559,21.9205046947938,17.7367666997193,25.6116034578442,22.4939293354846,21.4980690962888,18.5026925840905,15.913488607682,16.6311740576073,16.8241986252748,16.9297954768088,19.5655625650926,24.2039131180082,26.1762623430636,22.1023017344883,20.6397782127526,22.2948979276245,26.7907819949272,22.5611687074315,21.8571339751219,21.4491665334286,23.4325146298048,22.9540353700317
"Mock_4d_2",0,21.0062801881083,19.2135139478637,18.49554338544,19.1536406252691,20.7155407090889,19.010634126669,23.6686423254964,21.32326907374,23.6635840536424,24.6127567090693,22.9345636490327,18.6433210456294,21.0940796191773,18.1684125961313,22.6625158327406,25.4041192461182,21.7329077062482,21.7389007172303,16.7775821106745,20.8401734142943,19.3866120563666,19.0430775283884,18.7280371644081,18.6586740248989,19.9317137332092,23.639739910224,25.9910959528235,22.5466966754792,26.0389877911749,22.0909696117613,23.0508616582048,22.3722587735274,21.9652098748518,27.5149396213153,23.0428339667081,23.9263801560046,21.3772670699349,17.5546360400179,23.2265875573471,20.8519436262903,28.2876351707567,27.5279435750029,26.1583485037272,27.5233149977446,27.4519816398922,24.8624242503279,27.2718899892926,24.2910075105379,22.9227838172132,26.0956584278299,21.4251455855721,22.1379284459319,21.2625627236426,22.5026598102158,20.5043344516245,19.4452306089876,25.4530485321117,26.8232185300318,23.8329945758272,27.0708401140715,23.4891600112694,24.5555882588804,20.8134027002467,17.2849692162295,24.8771639129156,24.6107317759727,22.3802578568244,23.0050844680967,22.0707431756516,19.7176478728468,18.7473383595607,17.8444724641294,18.8798430916318,18.8952779443858,18.0088695142042,19.162544994425,19.222347557736,21.641968484504,17.0990186698699,18.1636598096119,16.6595237570329,14.9732337654851,16.75605681594,19.3573358775479,19.0184117673005,21.3208181735668,19.427483189076,19.548131292314,21.0258027808964,18.6222260195072,19.4692525337825,20.0623327620135,26.2511886710333,19.5138604554904,22.3835700944523,25.0506250530346,25.1689805458325,25.6460329203605,26.6744263442773,14.873438010602,23.7253173664528,21.3401330288389,24.8378431950317,21.0567756201985,20.1786133389829,25.0890493886595,19.7667689929878,25.8205683394653,25.5404345726552,26.4432698701393,22.0629005711784,19.1170810560257,17.3197510790088,25.3880584209552,17.6257586657958,22.4560020262607,21.8358260571931,16.7275812778885,15.1426666052846,26.3166910162518,26.3024001861246,22.0976676044314,17.4665873333951,25.4568579648871,22.2883959479563,20.9873833803768,18.0687362995162,15.4639847806665,15.6913172353593,16.6708777433031,16.7659289441179,19.9697520465024,24.4006940657467,26.2641829932484,21.979811905648,20.6805179174424,22.3854955234862,26.7249180589911,22.4679523808784,22.0280382418724,21.5107214373173,23.1093513316984,22.6596544071448
"Mock_4d_3",0,21.2210430534081,19.9037236503651,18.6699349892819,19.726865172555,20.8737359415899,19.1511238738549,23.861346976539,21.749435325023,24.5938413020142,24.771334206071,22.9940335541343,19.0366666369577,21.3254126546089,18.4587476535131,22.5726270284528,25.5385168364394,21.8051278467574,21.8510234525408,17.1294878877867,21.1343595722713,19.5918963183418,19.1504704473575,18.9024070421638,18.7378099194527,20.0013104284233,23.8087041091108,26.0316540934298,22.5463882896203,26.0895728398072,22.143746444279,23.2508163897472,21.7687262870379,22.6822297369036,27.655123089934,23.49414633155,24.4900988773318,21.8824079678208,17.4998069671694,23.116249715385,20.7530486898217,28.3820135138545,27.5938313881871,26.2070085094221,27.6698078614711,27.6717006476629,25.2464260298727,27.4935156459307,24.4090236477526,23.1505003521869,26.2203183928751,21.2446710153226,22.4620393941331,21.4058962279061,22.7217749890549,20.3434896396649,19.5784301650407,25.8118041739051,26.7860548090256,24.2690727318939,27.1450867866827,23.5555448462249,24.5714891483493,20.2543698075155,17.4371011937618,25.1820484569035,24.7582927623577,22.4759134874977,22.9195395021505,22.2706453654821,19.6639748671898,19.2670941290269,18.0591118841401,19.336230041606,19.1947878086194,18.0132507620842,19.3566096682504,19.3661308818042,21.8812663449402,17.5364737100615,18.5135949651172,16.8248121363577,14.8658619029786,17.4456853996477,19.2271667115973,19.0391099859431,21.0661885776051,19.6979313546963,19.8760091351447,21.1654876053987,18.4126996948029,19.6835016149206,20.3685569491106,26.2790814449174,19.5574444193265,22.3295033387635,25.1512006916671,25.3586309474031,25.9621358665164,26.7649056990392,15.5958193993001,23.8380673719444,21.2741324169497,25.0232150946828,21.1509153920018,19.97547637478,25.4683382860177,20.1564097924609,25.8594386713523,25.6610250843914,26.54028367899,22.4513019315374,19.1801117543683,17.997719256039,25.8411366291811,17.6197059486134,22.7136149471735,22.0180600650246,17.3083526411186,16.4865573911228,26.4321158342139,26.4383327256182,22.1241995809213,17.073466106559,25.7726383629212,22.5712495655314,21.3635736121194,18.4491752254306,15.6681541797148,15.8179561970191,17.0616040242851,17.0827026759992,20.5200969690611,24.9162912466176,26.5276718357315,22.7172877569219,20.8187150829035,22.564093654749,26.8626139012252,23.2146364697432,22.0953055842339,21.5013134959205,23.3833296141195,22.8468409685951
"Mock_4d_1",0,21.0499764729115,19.8675035738538,18.5767027669247,19.4990034012402,20.8112861946678,19.1295976224426,23.8003441177059,21.3725394983557,24.4337519913245,24.9115654359394,23.0894600180315,18.7213235866069,21.1840932257115,18.5884391225525,22.7124866981307,25.4605532598607,21.9788910960557,21.8399488918584,16.7764855432637,21.3427447623993,18.9679839847816,19.0006827815117,18.7956678276848,18.6246510137002,19.8822073719337,23.5236226123151,25.7628711508858,22.3550450892458,26.0081343340832,21.8225438939041,22.8923130490727,22.2854716452649,22.4638797927793,27.3822985487032,23.2608019785215,24.1575284316044,21.5932152298097,17.444851359817,23.0850731775116,20.7424345480876,28.3365222230485,27.4770938098418,26.3442495766333,27.501278382158,27.6312880919319,25.0334130869005,27.4289559872632,24.4420972353845,23.0049850656633,26.1670282003922,21.3485663506327,21.9033568203869,21.0155887699945,22.9059577353493,20.3964968639011,19.6436541992099,25.5642402176367,27.0184486138082,24.1457594448659,27.1263392893086,23.6724611678734,24.5639581289888,20.0094252668436,16.9481764923054,24.9599955666239,24.4064860795607,22.616485689491,23.1170980236467,22.3263717426577,19.6264957742769,19.125573017218,17.7197949871915,18.8709508819964,18.9246138223618,18.1503148702654,19.1750844167301,19.4784948761605,21.7070240413409,17.6799425295198,18.5103464642668,16.5914866218877,14.5146182315806,17.1557460968472,19.2534310200938,18.9241425131429,21.3986586347102,19.5690615034217,19.9392670421896,21.1839377505916,18.1403506526681,19.0217800947629,19.9767755276066,26.2376105668564,19.3195285247052,22.3468509002263,25.2577089491473,25.4584017317079,25.8883858754871,26.6894922587988,15.2106506859815,23.4736108798057,21.2223440196928,25.0894275276031,21.2575553103523,20.7643955084953,25.1975693205066,20.0916587755947,25.9572614001208,25.7907697672916,26.4279872002125,22.4597757930386,19.5674442440249,18.1767161422575,25.6594663761195,17.8316230864199,22.5457741475688,22.121444827144,17.416724736975,16.1975628716937,26.4592037079889,26.4389845712952,22.2153349547119,17.7789299489796,25.951404696193,22.5501161729412,21.683301993977,18.4172839066525,16.140102060138,16.2275320719656,13.6589921068117,16.7602209591492,20.3124862373619,24.4761301191433,26.323825535044,22.4753381181673,21.0771173988553,22.3846467543267,26.9518133935137,22.8489251804015,22.0464197987487,21.8370904562622,23.3457823251161,23.0027805140667
"5x10e4_7d_4",1,23.5226178063943,22.2798305958071,20.1549724289775,19.5719679632733,20.0711762368898,17.3064351450212,23.3663100732619,20.2916445590112,23.668545488602,23.2914238092262,21.7470939948216,17.7205505135256,20.5412516785782,17.3281885565172,22.223549400529,24.6547285599083,21.5206874925807,20.8250072816729,16.5880331338791,20.2441422647534,19.0933438944273,21.1970770282338,20.0021799521124,19.466481538989,22.047755806376,24.452962722278,26.4928812625596,23.3433647971886,26.3678430314885,22.4761921845444,24.7142337769361,24.9353416886878,21.0578897866865,27.3009581351076,22.3722820254105,23.7487794231443,21.1241399326836,18.9691424936072,23.0688155000595,20.7503542115715,28.323647721647,27.1445798311974,25.8924347933865,27.4398600452086,27.1663201785229,24.4084968997383,27.2034456893191,24.4120044518951,22.6497633647835,26.1129165323291,23.8546875070917,22.493946798953,21.7698097020288,21.8967477646858,21.4253761226958,19.3619683968406,24.8610692948645,26.4726643171199,23.11544059788,26.8917875034868,23.5413240042013,24.4113236162784,16.3002792373919,14.1889281990379,25.0706501610443,24.9086273542368,23.3071668932747,24.8268960110038,22.5404988986986,19.3742387563636,18.6122516422384,18.7859000080906,20.1415761353233,19.2790722322054,18.5113430790278,20.9255080800335,21.2240228779501,22.2953950895631,17.9040200801325,18.2247676092622,17.5352820222747,15.52938563223,18.934676211425,20.7051048038448,21.7321713599255,24.1012170277141,19.8008880538918,19.3403438695034,21.6785545796617,19.73912524848,22.2630248607651,20.5761651909873,26.4805669958423,20.0495697366868,22.4735131548978,24.5575114971471,24.8544468743044,25.2335080677011,26.6184819563573,15.4937202459365,24.4963705816219,20.8628464614851,24.5210647015849,19.6984703639134,20.6788163119157,22.3081212370072,19.6658101656849,24.1854524272553,25.2827967381494,26.3196368433482,23.8155960392726,22.4087816732845,20.4999699373017,23.2872079116494,18.8049415112302,21.2959591825748,20.4678761573791,17.4679888125479,19.0354783966806,26.085618008204,25.9116841037502,21.7162994081581,17.6340841631554,24.320542763257,22.3176348047085,23.0158294899856,21.2529552634591,18.9118241521215,17.9449387259687,16.1377769815163,17.2451280353105,17.9218067131848,21.4124115585643,24.2271504026444,19.8358102548259,20.2072765247859,21.2201840471638,26.0998031849594,20.8510553929924,20.8301805490484,20.9440177283808,23.7580408904752,23.375143528897
"5x10e4_2d_3",1,22.2655376474653,21.2242980567136,19.314936527791,19.2981565647184,20.9375650052235,18.7981808586228,23.8373163865136,21.2866664692743,24.2293957763553,24.6200301644724,22.6763854037722,18.7297947689657,21.2274568625973,17.9992834283404,22.7457069404387,25.2726514248752,21.7418891982778,21.4406296884962,16.7491515126662,20.6670102697204,19.2885892828503,20.1256784786437,19.5008818653845,20.6904897596363,21.3605577790477,24.426751535457,26.1625623576163,22.5626053147482,26.0435460060727,23.1896707557854,23.7457772991712,24.0474021993669,22.3909271332811,27.5802629386159,23.0803313944753,24.1445647395802,21.856153358498,18.1913415056284,23.2501214292778,20.6813404062436,28.3890486071858,27.4355982891827,26.2591278958186,27.5434435903123,27.6067776055834,25.1069508898752,27.4998083050589,24.4111543271694,23.3164978203381,26.3008827488266,22.6865782144971,22.2370137019505,21.4779507892606,22.6866854951893,20.1487440587422,19.6323522737321,25.5214500792734,26.937266317997,23.9441187397424,27.0269232232073,23.3843599431802,24.5885880365021,20.6796307517972,17.3220914003696,25.152259462401,24.6720091783602,23.823869338967,24.2113617981666,22.5830454555301,20.7198238082217,18.9349760650084,19.3770050096723,19.3611885503047,18.9019786739767,19.3985025964508,20.1356120699796,20.8462588926369,22.1810389411794,17.7272678891915,18.3480544833654,16.632255854887,15.9400490938664,17.425441947091,20.7048207865762,20.3374905618749,23.0548854707967,20.0886203663027,19.4754775290058,22.4523380286762,20.4766575899632,20.8979366464734,20.30430605735,26.375708044396,19.6856252674378,22.4039696465072,25.1029344239648,25.3130249994712,25.8501824491934,26.7536725639132,15.2995421698223,23.7877204610735,21.355436191456,24.9572400529414,20.7149836290448,21.0441300966203,24.4659322791111,20.6828114988346,25.6682455234753,25.8463703335032,26.4783424241234,23.1463259696748,21.0883649622279,19.3649147807457,25.0097797634594,17.8259409924463,22.2833502331582,21.7381410293705,17.2107572414103,17.557105593614,26.32536530113,26.2887086784963,22.2374028374472,18.0971448316353,25.4007844743101,22.7063936786818,22.094227524659,19.7600558539839,17.4793784103475,16.799098581766,14.3228420650909,15.5352931774107,19.6055918715641,23.5867026032466,25.9709501123239,21.7918284158095,21.0270162306152,22.2363684132774,26.7873770216654,22.1519842784204,21.8723238381276,21.7443049993684,23.5870797725855,23.1910836196785
"5x10e4_2d_1",1,22.2982834229819,21.3894460932712,19.5380174305212,19.5743767511112,21.020135413541,18.6261742340299,23.9207500029316,21.1931839279311,24.4092201249974,24.5770703392398,22.7997059235136,18.9110756679654,21.2335893983535,17.1805298968217,22.5237160442831,25.2125808384518,21.7467262939034,21.6622183061911,16.9666779433725,20.5465890599528,19.390924116581,19.9732778284214,19.6684891146344,19.950760825327,21.2667971187059,24.3322771257594,26.0376501699696,22.4934328204842,25.3530610567259,23.2383095375225,23.6640905711108,23.7996657120732,22.9665036916824,27.5309121932222,23.4778608908477,24.5687342077991,22.0936783612806,17.8018849516486,23.001915989751,20.8444020643932,28.399219632865,27.485049497032,26.3119450573194,27.6734995165582,27.6865415619941,25.0524066903135,27.4613200649654,24.4508450076825,23.3652018783646,26.1312011855215,22.6253661676488,22.7063712283929,21.6838122361436,22.890987465273,20.2987243330202,19.1154313899303,25.5617651471142,26.9878162678676,23.9797512110219,26.9825351279903,23.3858343648833,24.4726433717344,19.585324306847,17.0875845593659,25.0308996301643,24.4877436360035,23.7505078646857,23.8971560800471,22.5294454483719,19.0898897603701,18.7075843080965,18.6707257191518,18.876369774602,19.1403767110492,19.1248460853157,19.5808375100547,20.4575284233457,22.1459489329297,17.6836464941544,18.311845304006,16.5409366889372,15.7675444705577,17.7346458512023,20.6547215683702,20.2631892392383,22.8625691628864,19.9495000062017,19.6177377148218,22.0481151487,18.7729894549313,20.487609085275,20.2253345485054,26.2950930564282,19.4535134246236,22.2330009642234,25.1322708073851,25.3381040150611,26.0054492848812,26.7115645802596,15.1339591764412,23.9532158315169,21.4124371442893,25.043255791479,20.8846150124944,21.4078757222034,24.1420534439872,20.7888444615279,25.5561445507285,25.9421928535389,26.4322745244758,23.4382725638299,21.6055679095793,19.6945760688586,24.5583939694905,18.5961511888528,22.0507758206739,21.3072108169489,17.5030813225584,17.7648914283043,26.2817011362213,26.1642587936271,22.0880506188994,18.1484793751132,25.0928337436127,23.0707844407752,22.3064731110699,20.2056670887089,17.7507485856632,17.367608179574,14.8383278737101,15.6826001028181,19.1651209123533,23.0895767189091,25.6780347348834,21.1633614528851,21.1423350474931,22.0213410976503,26.5744282629571,21.5601493646669,21.7042750675262,21.5365444970826,23.9656047291049,23.4662254844174
"5x10e4_2d_2",1,22.4421915420062,21.3928447398603,19.1950202444057,18.9599198864131,20.8127920911074,18.3872114217065,23.5671048569096,20.9781645712012,23.8132141026612,24.1469904396573,22.4522222591172,18.5225682421141,21.2003965212187,17.5501059540457,22.6227356489547,24.8941621031908,21.38109125146,21.0770505546282,16.427800549951,20.2739412597768,18.9852172530583,19.7512508527458,19.312711680684,19.3083804182286,20.6852780308985,23.845058037633,25.5614333948628,22.0406594549625,25.5173144811596,22.6779279914518,23.1883002797734,23.4426129982743,21.5610665957329,27.357575360512,22.1313241366169,23.3315726302998,21.0914768709061,17.3327618472739,22.6214752114143,20.1564397287403,28.266000692087,26.9909663345146,25.9071717025267,27.3555050166248,27.1538799398375,24.6390928080593,27.0136320898661,23.9638360711793,22.9834573557041,25.8118270994485,22.1363792886479,21.8681417799201,20.5790084600868,21.5537615755794,19.809271598826,18.8056228527807,25.2505138404505,26.5109881810909,23.5406379466678,26.8065397888852,22.8713612984575,24.0737828263759,18.5368300998839,16.0373552474976,24.6196722582166,24.2388944992212,23.1559578952224,23.6979984635739,22.1717824408391,19.3352132794352,18.1205544612735,18.0943293418428,18.5509382632043,18.4248025293729,18.5812105829284,19.2341916290904,20.3156261146927,21.4880791609104,16.5417799739418,17.4506945131927,16.0086173725372,15.1852494529978,16.3701153341793,20.2109689913911,19.656972185124,22.1713953532954,19.1771509372751,18.7630415155847,21.7991537333378,18.9001885504813,19.7093511092361,19.4508417362301,25.9912637125027,19.2197370730917,22.5178029662476,24.6307583722684,24.9482098289326,25.45421355815,26.4295819471487,14.5722715084015,23.149311894155,20.660198219976,24.5919839486063,20.608240719552,21.1146820151166,23.9713728712867,20.7576084264968,25.5244446299564,26.0095327355003,26.4522197450172,23.5883916544301,21.7210699758133,19.9092946059093,24.3302288176428,18.2480225171525,21.6491763445173,20.8792418320536,16.9120171077309,18.0508734459388,26.1438003060512,25.9523268576975,21.8927267896237,18.1792230079061,24.9249934944378,22.7017986404765,22.2360194489124,20.3904056751266,17.7046055207908,17.3300346899587,14.8084626546046,15.2783141787995,19.2253894207534,22.9438300787698,25.5344617648004,20.9113277052614,20.9227468033202,21.7485778857578,26.5101007352496,21.4063946002209,21.3381961193798,21.3427782589506,23.9935468164563,23.1896407471916
"5x10e4_4d_1",1,22.715595483645,21.6079168899287,19.8206390354804,19.8735009060094,20.5622356686539,18.2326807505497,23.5410769948813,20.8511051614807,24.0878430144463,24.2462784344106,22.9305334250331,18.8968999844199,21.3406156617756,18.3676365717632,22.6440463762915,25.4249816256465,22.5169415785999,21.6662772142066,17.1700486707768,20.7312354280385,19.652349153909,20.6255687283083,20.5561461882848,19.2869754870555,20.9647430094377,24.1688370494799,26.357382998694,23.186353517982,26.4385871796974,22.6587732696254,23.7774983368807,24.0379480474893,21.7383439268268,27.6359729097479,22.8042987495365,24.0110277524204,21.6856120083225,18.1695949098662,23.0749719477382,20.3712204275289,28.3379753040513,27.2179358133029,26.1582138095892,27.6001605326772,27.3483699469262,25.0387288044888,27.5006201751054,25.1338897422972,23.3201276205779,26.1963984635859,22.5292777900906,22.6709161773729,21.7617186086145,22.2207951453495,20.9721517427625,19.810687239222,25.3461785166811,26.8291739796196,23.9613906953801,27.1753866033013,23.995005501645,24.7984139535145,17.6815200319603,15.3451122865003,25.2609258489305,25.200070784143,23.3805317452596,24.0918025722081,22.7078413533728,20.298398383019,19.0252952136954,18.6570369728889,19.6980906934307,19.4026411559115,18.8979581510778,20.381864111987,20.6955611418023,22.5190174549788,17.9016577976474,18.4122780660838,17.2477690634627,15.4495527101249,18.0363879479452,21.0440847258776,20.7485635549578,23.026715243026,20.110923398794,19.5679949397988,22.0366208632157,20.1313349708854,21.6071222403083,20.7253381715246,26.1024659400633,20.0699803770884,22.8755420156927,25.2330349132428,25.419979974045,25.9165911188377,26.8700016346916,15.4250957590969,24.2285110518217,21.4574923527947,25.1869366590718,19.9893914679388,20.7401318605835,22.8673620785484,20.3306670479453,24.6495631863536,25.5310425274986,26.4664551514107,24.3357368086145,22.5358679062129,20.677821132614,24.1173843816102,19.0811661284642,21.7932377474173,20.8873838847784,17.0222670541355,19.4135033295263,26.323652393995,26.1344810010991,22.1428885880019,17.9787489445263,24.7963582162921,22.9261241277431,23.0484852110052,21.2981685936543,18.7616734696809,18.3649000904939,16.0374826077793,16.5700093490082,18.2447164480515,22.1290962022086,24.9072039827515,20.5350459641206,20.7963442533112,21.5608910306441,26.457502247237,21.3635053044831,21.4829846714776,21.467934475557,24.4464471464,23.89767515068
"5x10e4_2d_4",1,21.4950830575323,20.2679586555395,18.9328110962195,19.2742210176734,21.0163313853124,19.5082404108319,23.9898752794953,21.5880698594479,24.6377353908838,25.0889459045537,22.759227974273,18.6172988559557,21.3911902177288,18.5561881792717,23.0237783758211,25.434160772657,21.6915471652582,21.6341804598916,16.9896538341551,21.8417154970982,19.3275200256302,19.762420666863,19.4176339053575,19.3920006778641,20.8370672547743,24.1489212113928,26.0529396253934,22.6927762797834,26.1059081889518,22.8236791896802,23.5007609322093,23.4348274831155,22.3281684187923,27.6548832390219,22.988346553634,23.9782688941766,21.5767856748827,17.8905564345436,23.2588002055551,20.6243039587896,28.4190873326408,27.5102065185714,26.2484932435328,27.54867294772,27.5604878262188,24.9875823634286,27.2478969545184,24.3292668156496,23.3003318906205,26.2084061411896,22.3433553081764,22.0363612835392,21.358663674755,22.498059476192,20.3166121667199,19.6313097430007,25.5150782662405,26.9567728160569,23.8484345933292,26.958687667967,23.2074823815991,24.633307570458,19.9382065336395,16.7269081925429,25.1397450918727,24.6569264829134,23.4930719001318,23.736897969003,22.2571373242779,19.8296104846358,18.7120815134094,18.8374494060139,19.0415338305626,18.9992622638096,18.6894583463609,19.7263596435568,20.4075479831386,21.7684836003477,17.297888685103,18.1469896630415,16.4089305157032,15.1536135684759,17.1763067857752,20.1360218674733,19.8796078337938,22.6846111280553,19.7567325237959,19.4945206554686,21.988663279513,19.1409040190587,20.1031627647267,20.1157283960588,26.2813161274382,19.7362349988888,22.2590114880648,25.0863294958986,25.2552259957706,25.7391138115235,26.6846435496149,15.0605908883323,23.5402988163708,21.2422797871384,24.9177061403064,21.1514006156271,20.6899901892876,24.9032404082219,19.9534363685898,25.7591748315342,25.7733044389744,26.4990529299028,22.5911795585826,20.0423971554586,18.452035575277,25.8873519947878,17.8967501663355,23.1339381741407,22.5600804263406,17.0423984914744,15.981958033443,26.5482720764236,26.6416996499235,22.6468174140958,17.8550060697889,26.1809538347916,22.6411350334409,21.664614161859,18.4723523357405,16.7441753264229,15.9674431695209,16.4731904199382,13.5055954575035,19.9277496648318,24.4806697904034,26.3465875839544,22.9161526337444,21.2065654821539,22.6638194229255,26.997717275108,23.5354804284127,22.4060966358029,22.0342273724899,23.1810133035981,22.9011191614541
"5x10e4_4d_3",1,22.0324596191183,21.2378045567805,19.2793929416926,19.3275534663856,20.2451995721747,18.3627678840907,23.2638575952053,20.7021820933846,24.0170639308585,24.0322441947274,22.3831787660851,18.2780971947489,21.0982091464361,17.9870551805381,22.8517933541874,25.1622753003329,21.5890254252324,21.4337263988553,16.6003961565811,20.6178992126661,19.1176337489701,20.3862747134401,20.1223420698606,18.2251223954099,20.2325295463572,23.6346954108928,25.8854090020704,22.9326263982253,25.9449468555824,21.9200143169243,23.4521859299465,23.445300965042,20.8757079241496,27.4282919251792,22.51333761929,23.6078925151411,21.0001410188814,17.6113401623036,22.7233511820995,20.5586140945703,28.2489189513902,27.2286584212807,26.1291369323992,27.4857675337057,27.1645928701519,24.6688057973931,27.2681627459295,24.4478569701821,22.7613754158353,25.9426562456381,22.1818443966761,22.2579576424418,21.5642727851454,21.5327638583021,20.22410975118,19.3833983080412,25.3316641959011,26.5880160864905,23.5530814085608,26.9666717833181,23.5346476990467,24.7209187896353,20.2293755316358,16.523504168729,25.0541216935451,24.8790494920078,22.6048978301068,23.4571274634996,22.2912640220781,19.8957347434651,18.1736132472799,18.1322328332195,19.1169920916818,18.9395430771898,17.9827885622468,19.4109251279848,20.2641261398149,21.7787635554279,17.1697858798793,17.9414328296352,16.7781130331113,14.7689636847629,17.1199039729412,19.896508780556,20.226891932553,22.4272767775359,19.6053921385149,18.9149401832271,21.6771143104467,19.6682324283387,21.1061863907892,20.2816105884532,26.408479407265,19.7161262597124,22.9395467537128,24.8469252095604,25.0693607671421,25.5673610296068,26.6929377846675,15.1967850534648,23.8834920090465,21.1155810912015,24.8432834450214,20.7080073922779,20.9712204151234,23.934780398043,19.6967961798976,25.1882486578144,25.8314492269,26.4722860139593,23.5283637277321,21.7356399966117,19.6166845656646,24.6202306785116,18.5603116075247,22.1778474315225,21.3690334969979,16.8611773253522,18.5642048577949,26.4018885908829,26.2685768364399,22.1302926243441,18.2653596568878,24.9941049619064,22.6364522611619,22.5810227364122,20.510474564862,17.8362867550079,17.639388848327,15.4248740168177,15.775076727834,18.7573447347947,22.9810625533174,25.5052213306836,20.9689123072313,21.0292503191839,22.1355989194694,26.5457131195608,21.5052876095717,21.7093248130573,21.5625003933314,23.9668433749956,23.3001271327897
"5x10e4_7d_3",1,23.4392456330129,22.2131186110552,19.4544295816949,18.955186856622,19.7026175435289,17.435548949581,23.0447061142649,19.9489349327815,23.3867034832375,23.3678888777993,21.7407664901539,17.6209542889658,20.5453679917647,16.7605124574336,22.1393257325512,24.306592982659,21.3197061575,20.9658103487413,16.2582993280268,20.3889691493609,19.3961304597824,21.2754746394481,20.1998619204389,18.2104867506171,20.9979306832536,23.7658200474856,26.1558541611278,22.7004372839231,25.8571794519609,21.6290723030067,24.0619112069188,24.2678415297511,19.5219730983509,26.8813049053182,21.3912831907386,22.9114398093004,20.6288285262766,18.4548049413732,22.5677878443688,20.0160351334139,27.9757467054404,26.593985215762,25.5204782890527,27.1883574844067,26.8132984705862,24.3056917548678,26.9754646543498,24.4661339808776,22.2662265101054,25.7660475074945,22.8633265008809,22.4226380374037,21.0429645168755,20.8048943575374,20.5193817823044,18.9351396851897,24.8663735810684,26.3154500518788,23.0416502959721,26.6773153270665,23.5389758247575,24.2420360835914,16.9720473271882,14.1678116602479,24.9918625220641,24.9793115347693,22.5899965829231,24.2889996639938,22.5180548330532,18.6138144141433,17.8889343938631,17.6110506956388,19.6603672217213,18.9183577414625,17.9305761046864,20.335662945402,20.5180858179203,21.6273432898852,16.866024776509,17.4073134121253,16.9729967836704,14.7610155996554,18.7207043472837,20.2453510502964,20.9937963375294,23.174227928359,19.0476177019531,18.4020472569079,21.9512863159682,19.2806359913728,22.2011507034403,19.7522995825212,26.2614380112092,19.9412630252081,22.9005079111082,24.2148950701064,24.5130009281445,24.8367590535577,26.3790057373905,14.8855151322375,23.8691140960567,20.5307929181144,24.4251175343749,19.919677062696,20.9785183657306,22.4673025489647,19.9422518373547,24.5356905525298,25.4559157650057,26.4866382801307,24.1185463544289,22.3641635164877,20.3363977296596,23.9798398975677,18.932077840945,21.7763135456387,21.1411039712792,17.3657540134454,19.4539919780298,26.323819214387,25.9665071241159,21.9219737398656,18.0248025134979,24.9809096364054,22.4077144548476,23.0874578233949,21.0887136850752,18.9459631430671,18.0980518470212,16.2415415704194,16.7113092479664,18.2301620794486,21.7154046539183,24.6728326472983,20.6019092674156,20.6966182340191,21.6684775365987,26.532031850818,21.4514907226284,21.3723726377448,21.2915908852141,23.8236017430593,23.6806673884464
"5x10e4_4d_2",1,22.8304391903425,21.8404850169736,19.3717472701809,19.5086725051345,20.4089289612925,18.7706939331592,23.7096199338706,20.8924548978137,24.1377622875276,24.4075197173427,22.8003288106716,18.8472598299685,21.3182973101805,18.2118039492363,22.3799145310257,25.3953916190279,22.1048866434777,21.5476232026561,17.0856147667376,20.7542000192779,19.0040367992613,19.8954565764258,20.3706195681884,18.901247071229,20.2811028497624,23.8852371291183,26.0845965859169,23.0694817275165,26.3670058135907,22.5539608539267,23.5188461797451,23.3164323570981,21.7293461804491,27.5325783944611,23.1685950009033,24.3453169858529,21.5195138822318,17.826889418141,22.951943910389,21.3374841646933,28.3289969841246,27.5320311371792,26.346114792389,27.7123171852081,27.5259851444592,24.7066446132992,27.3885539274634,24.7470317955943,23.0825194101696,26.4432765739536,22.2526375721196,22.2133711050742,21.9455685013198,22.4262797291138,20.8324019595131,19.8571216325174,25.6035351179059,26.8047217756614,23.8945452476812,27.1888221314059,23.9030711984368,25.0332912489339,20.1604915917528,17.4783473620936,25.0175169742889,24.8019869512328,22.9958226909405,23.4418935373618,22.5274192560201,19.5172376973107,18.7127283901612,17.9289698299313,19.1380930223625,19.0455162188458,18.3927235722456,19.6417618203064,19.6888329562393,22.0376298959795,17.6366771650399,18.4378984636707,17.059634592654,14.6343374685185,17.4489439247487,20.1819458239778,19.668602293155,22.4033811054928,19.9546157539275,19.6028943284738,21.3524485437191,18.7876548083951,20.9642109387759,20.365853978563,26.3746134150852,19.8388351784351,22.5752778275541,25.1257130002158,25.3616016832112,25.904527683791,26.7510945197829,15.433277629258,24.4819140834933,21.2991934822312,25.0803022765858,20.2924176897321,21.28407457239,22.9956769368402,20.1572280329231,24.8437121567805,25.7502856093215,26.4901271624435,23.9130184901331,22.0466559289711,20.2671342879048,24.0809497261871,19.018595481089,22.2380275400385,21.4023944650643,17.7490618761106,18.8127033854358,26.4892403869279,26.3784974147709,22.5320386303689,18.6428993738468,25.0672080093443,23.109404739337,22.9648353548741,20.9151514187528,18.6339632567709,18.4685795486088,15.7130967797896,16.2775130192907,18.8345595846144,22.1647940153474,24.961908267672,20.4852038221443,21.2353218512482,22.0198801444709,26.4923198352423,21.0881172789968,21.86537496567,21.8767059716563,24.4149213203204,23.8263347341456
"5x10e5_2d_3",1,22.9388577352017,21.8909624250484,19.0307324605529,19.1937470227934,20.179186857304,18.1211197412369,22.9642647100052,20.3809585270573,23.5627729868537,23.540509895327,22.3376853220586,18.0996723818155,21.1807112312786,17.7123425871748,22.2506276110552,24.750405226629,21.5679920395078,21.1361024671081,16.3352263665723,19.974484699582,19.1391080423138,19.9076596804396,20.1078297388479,17.2145032242986,19.9767502725963,23.0407813410413,25.5075012949115,22.2521609761024,25.8347931433711,21.3639994259411,23.441491374046,23.2049349600262,20.4406142286901,27.1663255424703,21.8424022355289,23.1404707981721,20.5597621708553,17.2196633762585,22.3198778438217,20.020291775341,28.1043893575362,27.0093126639078,25.9021387172758,27.4357377788761,27.0879017551358,24.3108301990144,27.1310601635737,24.2228386718608,22.7590260621001,25.8656787190618,22.0152751783476,21.6657444697768,21.1041932111533,20.9922238672309,20.0477817618761,19.1136305828672,25.1174401878399,26.366796833299,23.165654434454,26.9073465756702,23.4735446158568,24.7766758915106,19.3587319437676,16.3755952385033,24.7468225323784,24.7171351276709,21.8655904691518,23.485749234044,22.0054426028292,18.5105739225238,17.9333110136211,16.9505757415711,18.4237281256486,18.4860120391298,17.0540151764312,19.2018053550669,19.7419839089919,20.9726120105095,16.4523971040244,17.7540765353205,16.1273607201188,13.9839751596622,16.74656772727,19.2601082225053,20.174277768247,22.4538382956827,18.8950541608294,18.6377939742346,21.2095475160858,17.9378201784558,20.2961344184335,19.7719340088227,26.1947110229592,19.6233708138853,23.1846889324045,24.712960179172,25.0228102221523,25.3326183189344,26.4431321188334,14.8586229524724,23.99095846013,21.1163249221676,24.6473268867546,18.8412136201992,20.4691781182535,21.1481198178679,19.6390295286116,23.5524285967164,25.2776459619851,26.1986346285239,23.9723419683375,22.7060172476136,20.3659073616363,22.213824652545,18.9813253060074,20.9579660340305,19.8802313654106,17.2173300115177,19.2980606093831,25.8741627373804,25.4196489304967,21.716812764312,18.0076872297926,23.4264326639914,22.3390973973794,23.0565851291271,21.4595031616461,19.0251351679665,18.2216736988241,16.2859263620362,16.9703661696472,17.1913485847911,20.2350658639987,23.373435778123,19.5014732588241,20.1334186617301,20.8321248324497,25.7252313342954,20.0764054301946,20.7360984034418,21.088923266416,23.9029661680337,23.6370696948379
"5x10e5_2d_1",1,22.6068052742543,21.7166665732217,19.6518329140286,19.4017938254914,19.9638130575538,17.8167236322278,22.9486437587543,20.4110590043919,23.6732501912075,23.7875991158449,22.4593096621485,18.074672636276,20.6645818295314,17.9450094788728,22.485371398554,23.6883782768947,21.7182772061558,21.2682945538384,17.0191059196061,20.4261034819563,19.3698454500211,19.9145898799917,20.161228932609,18.156581994732,20.4138421117162,23.5504352714525,25.9699586563481,22.6252019355171,25.9414361431304,21.7931467394705,23.6402116117204,23.7336087180271,21.1774268378769,27.3250438054043,22.6224830909694,23.737880561237,21.1804265487466,17.8154333329259,22.7534627315536,20.5173188068886,28.1377341496849,27.0686341358723,25.9882859569337,27.3371065446176,27.1290059312012,24.6713134335648,27.2473241807862,24.5136021932698,22.6436352645847,25.9912275493527,22.4928893285057,22.160094690074,21.2564638314068,21.5200445596626,20.5890573236926,19.5372993426085,25.3030266488494,26.8085377759327,23.6166434017806,27.0512653747589,23.8057741746,24.6333499247134,18.3155452721909,15.9575120508381,25.1448923633245,24.8734543448968,22.7288911225266,23.952512694511,22.6616133926883,19.3831144135227,18.5234967507263,17.6491777701453,19.2250891425128,19.1491262593651,18.0851295991654,19.9653876298909,20.399726704332,21.6228837451025,17.3908203644912,17.994947255032,16.7421122367171,15.1474296265865,17.8049154243046,20.0174189345664,20.6441206610905,22.7229120472447,19.3422224139354,18.8687554994803,21.3575094529659,18.4096610328742,20.5984139921373,20.1346928111839,26.2672478986043,19.7692604779011,23.1046288247533,24.8835501795573,25.1471687395813,25.6212252278917,26.6175241871445,14.856936100955,24.0663344425399,21.0276441690922,24.763805831474,19.9534809515293,21.0896271462843,22.2635361352913,19.977878364506,24.3288077570818,25.4960350286119,26.3368351797632,23.8502263331166,22.1291133436259,20.1543565955307,23.6326544701095,19.2084592795754,21.691692090659,20.7576264314639,17.6654653914367,19.1807811793162,26.179998812353,26.0463123783476,21.9900186768819,17.9634446132141,24.6057928200928,22.6850622893626,22.7790361902448,20.8387129607553,18.1559949413058,17.7073774592257,15.2569083518264,15.9442715841959,18.2832033995851,21.3797323951071,24.4269376818396,20.1779260321367,20.944232525487,21.5102004809193,26.3654009436815,21.0852202258814,21.4461986192847,21.4160568242329,24.1806952990388,23.6712815750175
"5x10e5_2d_4",1,23.0197138984662,22.3285845413281,19.3449552223323,19.1606653076847,19.5972680851199,17.7701955673183,22.4928386100646,19.8599689304099,23.3868392315863,23.363228832718,21.5010018162183,17.5587639005497,20.8826451014924,17.1303172937443,22.6838878201605,24.449055548335,21.2187626120113,20.5903831724954,16.6854717108619,20.2972499097764,19.1961393783906,20.3542466911828,20.1590330302293,18.6294279963256,21.2503997717142,24.2800415121279,26.491863491688,23.4406523710266,26.3832491813787,22.7823923904683,24.6187043027369,24.6737747812226,19.7131942388372,27.1946935915943,21.5304182444356,22.6930031049599,19.9738536764691,18.6366446429879,22.4272201179017,20.1592850045594,28.0376443056216,26.6807247906387,25.7864223946897,27.2534545369013,26.8724644719012,24.1658939108255,26.9534758005828,24.1086123496979,21.7978388124548,25.8565680055984,23.4728402959224,21.2002504276555,20.4870923527315,20.458489221216,21.0571563615993,19.145119602761,25.1534606494035,26.3935410271104,23.1172115588532,26.7714717374687,23.3916571203855,24.4784761137022,19.5427315045252,17.4472395218839,24.6635148903313,24.2528747286122,23.2217577640547,24.9942972358806,21.6087654625588,20.4468016241986,18.7718430571298,19.1409807590692,19.7085088674632,18.4050545742759,18.659919046239,20.6528541613328,21.3001876133996,20.6159442215249,17.745065451074,18.181072314863,17.1144720123697,15.4913681001786,17.7507627925675,20.4221766919509,21.4511537490727,23.703064166139,18.565331526518,18.9972705487668,21.3914183777537,19.9932662372412,21.5707057848317,20.2653211656838,26.4404601284524,20.0325711024831,23.4220720826873,24.831851806859,24.9901976438413,25.3117093790147,26.485247806693,15.3794192208941,24.2673076299496,21.0650336215212,24.6524912871743,19.2853399862593,20.7330921997223,21.7374493346506,19.4948852410034,23.9529656769805,25.4883316115757,26.3523942561653,24.1604715876896,22.754385888081,20.7232976387651,23.1198390820752,18.743349170638,21.7448735541211,20.61537729125,17.0781081235866,19.0724509253092,26.3068358937235,25.9853473888981,21.9469800533013,17.9953643351988,24.2631094169833,22.3715825777445,23.2956272827196,21.5656853909607,19.2809681020258,18.5687314249463,17.0724514159864,17.5568812633416,17.331197287268,20.9874543373771,23.8936261223567,19.6917525695479,20.6132460839974,21.1700130538724,26.0784998905976,20.1772262296089,21.3983041321085,21.4463446609739,23.912163521057,23.6188982817635
"5x10e4_4d_4",1,22.8112796280921,21.6316485676516,19.3010950767739,18.8346179296304,20.4589796399777,18.3628470595176,23.8155491348209,20.8865267007472,24.0403801983755,24.1736832353463,22.8112676709672,18.4001973689536,21.2154472378814,18.3494324232423,22.2301144265325,25.3786188570659,22.1133075469972,21.463935654269,17.1535259009801,20.3130832806125,19.3186554772387,19.5435999353721,20.1873661196603,18.4018970517758,20.5338687760798,23.4581741590411,25.6931878794123,22.6254219108978,25.9940269916949,21.7479968624471,23.3877922672596,23.3439593626477,22.237293855072,27.5376647697375,23.2957229797054,24.2856786346475,21.4025014216556,17.7439633892505,23.0004008358702,21.39997763161,28.3203503579629,27.6000255165647,26.2122437380255,27.5449008949668,27.4177151475129,24.5662512774436,27.3488449710911,24.1748111148927,22.856807050349,26.290773307299,22.3284892190479,22.2591962989568,21.7554080952549,22.722238030424,20.6233857739638,19.5276557301734,25.2349881237195,26.6295825215822,23.5575652506408,26.9230649285071,23.6930021475177,24.5673741446105,18.6032128341328,16.0521096270482,24.7836648150363,24.5367219829335,22.3662340230162,23.4241465499814,22.6448923364031,19.3746057212316,18.5211378066327,17.5981453243118,19.0421232460829,19.0905576351864,17.7603834209412,19.5165820443696,19.9844221096503,22.0232367569001,17.381316788907,18.2302413997353,16.8601338917352,14.6301476762321,17.7270109573219,19.5052998472053,20.0196543505946,22.2605671266271,20.0079939233681,19.6177847875383,21.1256797397202,18.3039259203541,20.4165833967123,20.3322172925397,26.2691894723559,19.7449697110255,22.3508807915964,24.9266711531068,25.3475578431402,25.7922878856436,26.7211473886889,15.0196387421989,24.2393693783808,21.2171085404901,24.9703681007158,20.1170404597864,21.3692369608283,22.6368539217398,19.724929192823,24.679769256417,25.7115154288919,26.5182150344548,23.5991392022172,21.7685714326074,19.9629367677515,23.7860752550722,18.7787249614105,21.7048750200467,20.8657977299102,17.6372887528059,18.9712632237741,26.3317191324725,26.1129912769568,22.0307122574752,18.3424028361093,24.6752130014352,22.8111866147289,22.6714760631867,20.7076924601332,18.2507065368517,17.1863849552823,15.0866660785695,15.6994650675844,18.3582149502633,21.6056891847799,24.6214226692782,20.1281878876047,20.839026417269,21.5190040129488,26.4112310205715,20.6881701500663,21.3649325423959,21.4565138456,24.1105776145212,23.5244831299937
"5x10e5_2d_2",1,22.1584583764739,21.2917943292561,19.1897797767298,18.5824010116186,20.4725365331431,18.1589199663184,23.5965568332956,20.9447042875114,23.9387582389269,24.1536219174834,22.4728562816655,18.3542766928996,21.2701755380198,17.6737235706612,22.5413881724295,24.8727207151662,21.5175635499293,21.2482572479667,16.9410461730928,20.4939593774041,19.1864318076797,19.036104508597,19.7804014957898,18.0265543416835,20.3617038102764,23.3962548699029,25.8473005527548,22.3824924985542,25.8720974049187,21.8268243604818,23.2428400328458,23.0517010029338,21.9244235410756,27.049473186454,23.277373536892,24.3166910162518,21.3917993507842,17.5114467202672,22.8444189223299,21.1644553817857,28.2921422813278,27.5416246130333,26.2123763016632,27.5103025138454,27.4097649923971,24.467979238444,27.2870676720602,24.4260608568614,22.9170226395549,26.3040110385125,22.4241468063316,22.026148885273,21.7846388389813,22.672062284756,20.1984874571662,19.4811333842099,25.2984083122275,26.6601239965977,23.4421957192039,26.9364917421303,23.5603461298907,24.8633593990522,19.8596170572788,17.0588218122737,24.8441964966599,24.5754296065461,22.339530224097,23.4504084548867,22.2857539731039,19.1837651490427,18.2197131478792,17.4667409081745,18.7948276239159,18.9536143368779,17.7207238623343,19.2135289284791,19.7057843403456,21.735383002016,17.3405159698069,18.0643023397269,16.4242306304239,14.4864100853771,17.1827415306875,19.4315750090695,19.8777011764266,22.2076290850627,20.049106535838,19.6019013352618,20.867166356639,17.9266691626544,19.7125755926123,19.8782111061307,26.1022314007252,19.3842702124123,22.2689916644998,24.6938857027396,24.8988345831569,25.4674830388214,26.5341013450689,14.835223035633,23.9251437593631,20.9417388928309,24.7012497670995,20.103014811721,20.8055836914933,22.9978989065592,19.6881584086838,24.8289495781968,25.5754845431427,26.3494860124627,23.3251331779729,21.6484332909651,19.6491368650277,24.162141433432,18.6776334117087,21.9521164626009,20.9602545821582,17.3165081781735,18.2586637897285,26.2675695327053,26.1116323875469,22.0502424177243,18.0912823511657,24.9030149133923,22.6770035188501,22.5493984425778,20.5472528750311,17.9604797022549,17.4782899571456,14.6444669428537,15.6054425547854,18.6319614546046,22.2084341246731,24.8677508038259,20.3748875813238,20.7529237805681,21.6616285050273,26.4739022811989,21.1665624557972,21.5293183063148,21.5025966880629,24.0113390264845,23.4175200813943
"5x10e4_7d_1",1,22.2230622119647,21.1648177949623,19.9196506971832,19.7504763788869,20.7715946482093,18.7166809104405,24.0802419242285,20.9908220793537,24.3245033334788,24.6537000027626,22.6140437735574,18.7890256217791,20.9337077616732,18.100700030594,22.650523373273,24.9875265919586,22.0719912509885,21.4029732631947,17.128530893121,20.9119215014978,19.4020253909288,20.563983024804,20.3712766704744,19.4019724166175,21.7321998312391,24.2355745794841,26.4930499047745,23.1259168025267,26.2089932340206,22.1114391338923,23.949931500556,24.0400415063335,22.6470512513271,27.6716680418939,23.5383711893027,24.6280776976467,22.2630175514356,18.5724788864698,23.3096317776694,20.8572146741642,28.4063451600354,27.5180617987015,26.394406301598,27.6480848871223,27.5598415079707,24.9934546494383,27.506826192753,24.9456973521122,23.34087015744,26.2686644941522,22.950998818816,22.9631583821972,22.0156180328022,23.2483862540075,20.9648155293007,19.8731941945778,25.5342192781407,26.8889994033857,24.116741978922,27.1442387532357,24.1989172393586,24.9672047946917,20.1560366170125,17.2366552600946,25.2693200449324,25.0675239723145,23.1264139719764,24.3686751018452,22.7580352973425,19.9539288359281,19.12153810189,18.6330045127676,19.932509530744,19.3897146987597,18.7291607922793,20.7211904751882,20.8020957494169,22.5100114896344,17.834142035466,18.5052363557807,17.4800645035972,15.6540637752862,19.084289044826,20.3858963587175,20.9925643775049,23.0478459830934,20.1438336183952,19.7016226853184,22.1607282341588,20.1981872230098,21.7582262651317,20.5637919907742,26.4964581149566,19.7916715507298,22.2020523613712,25.0235173209192,25.339775262809,25.868122370254,26.9081748947111,15.5054889720848,24.3831461945526,21.3563107795935,25.2591471524922,21.1266446130244,21.0867323168252,24.5470500783192,20.5059039664404,25.6547571811642,25.792893832285,26.3906062784442,23.2264601151451,21.058454061939,18.964974214365,25.0449395243735,18.6880843290313,22.2894453900721,21.619871479034,17.1370940218505,18.3091264501824,26.4268239498938,26.3584638117262,22.2053817697767,18.2117660813402,25.3438811764426,22.7688907133451,22.2045908445816,19.7458418087546,17.2838511072495,16.6761640229704,14.7293268854212,14.7556196821629,19.9138747784613,23.6953405600573,25.8574272233327,21.810019959082,21.2182154079592,22.1453373208686,26.7385802952439,22.1950049201223,21.8668683859913,21.5718542330843,24.0505229272358,23.2823174174559
"5x10e5_4d_2",1,21.3644646569284,20.095907716464,19.1140407913957,19.196074674885,20.9395299851048,19.0006783120716,23.7986167559774,21.1320427904562,24.3424039212872,24.5597167833965,22.4029927735834,18.4978107926958,21.2879012982392,17.5001302138484,22.9272986420391,25.0715058984447,21.4025627034284,21.2848396288992,16.4769877945933,21.2890500561003,19.2621676969502,19.9867844440661,19.7620865650334,19.1839332087101,20.9888827105266,24.0199256043284,25.907333463212,22.3591868092074,25.8963422904422,22.8223711736724,23.7934713445896,23.7543470441942,21.7241197370302,27.5072066799249,22.5304761126919,23.7094182149121,21.2395606555833,17.8147625740703,22.9293717469256,20.5265539218205,28.3004712657533,27.2858874282026,26.1874778823163,27.4824778507252,27.3576371041575,24.8577590374087,27.2335550235472,24.1881700137941,23.1801785438729,26.1532707536169,22.7124223590385,22.0860947486077,21.2016305411529,21.7778227702376,19.9239534387197,19.2817737118134,25.4477997260828,26.9594598846009,23.8466040922109,26.9296994296244,23.3957793876663,24.6674952294016,20.4858193610184,17.4978714452188,25.1018367310714,24.6814533317673,23.2312687970853,24.0478533034652,22.3239655442361,19.3224208442134,18.5243249384958,18.9253778661084,19.0727402323639,18.9861222272477,18.8233181577166,19.8440460860535,20.8314961971293,21.8184868056634,16.9329470368553,17.7811405597134,16.359545960381,15.4429715821214,17.5566036954884,19.9913552410182,20.3929455959516,22.9620176573235,19.5706452234349,19.0610911361967,22.2281554830481,19.185829714095,20.1147744574678,19.8632612695296,26.2610695138008,19.3185206061272,22.49474244479,25.0132976241471,25.1852139068772,25.6372198653695,26.6188198869139,15.2045348770247,23.6978616981047,21.2552860828326,24.8269186979781,20.7252976013567,20.2227755969308,24.5017357661336,19.9980495167211,25.7162996175148,25.759442151166,26.4557844825295,22.4002231722109,20.2493986449607,18.2348203541058,25.1576072219303,17.7610569029132,22.4706576329731,21.7141795796489,17.0129260939925,15.8484058424454,26.4268335451736,26.3789818001149,22.2575212141317,17.7267008742745,25.4619516202204,22.3522588651524,21.3501372930783,18.9296561822998,16.3534938878657,15.8671402395209,16.4294650942557,13.8859635856335,19.6631249296209,23.7902207092455,26.048576506162,21.7422588536238,21.0807736213416,22.2279920564438,26.7752323929438,22.0698764991459,21.9957557666258,21.7143453100142,22.9935187437145,22.5815793071601
"5x10e5_7d_1",1,23.3376620502122,22.4636029472276,20.6054902564506,19.8100691035528,21.0737537394265,18.4715834357168,24.1826121256138,21.0729192825662,24.3705848495436,24.7879166043135,22.9498843149285,18.7443445252248,21.4763456056813,18.0980042842707,22.8455344606678,25.1381122451655,22.4261139780326,21.7410396089031,17.5667407743139,20.8630280196872,19.658473226818,21.2760975624162,20.8276964321131,18.5271686608854,21.2509584633898,23.7899397358213,26.4304066091337,22.844474283941,26.1641323246337,21.713739216739,23.8793508476452,23.5514906006419,22.0721260603443,27.704394022534,23.1542759275255,24.4662693044656,22.256923608192,18.4885694314305,23.4744483919096,20.781604345921,28.4486562589307,27.7090324724526,26.424097714426,27.8861705457482,27.7579264811733,25.2922522543748,27.7173615027616,25.1800208245954,23.3533450032202,26.6926065631414,22.7686943887883,23.1385325822635,22.5840757149977,22.6031428662893,20.80022254575,20.3324518300236,25.4728311257262,27.1068914824001,24.1944396107518,27.2724098083746,24.1979325071091,25.1844266762035,18.6652242173306,15.8644284648346,25.7601471456176,25.5002572793361,22.693236595504,23.815986752722,23.1136779511411,20.092421976471,18.918487498645,18.2289023404321,19.9318810592921,20.1002605015021,18.143805598718,20.5349443605871,20.1799869711458,22.8157163226779,17.7029346418547,18.3117097947069,17.5181332547026,15.2540770879226,18.8131741680947,19.8348025929296,20.4718146075898,22.9493401442281,20.6893230085997,19.7228273304092,22.4055001327572,20.3631381790871,21.7277915851279,20.9546418430857,26.6535996431176,19.9467485338704,22.2689970881649,25.0078629066497,25.4676441047745,25.8960048164682,26.9620565906217,15.8571766987066,24.5882712042088,21.2548060369434,25.3145666495748,20.5159060072555,21.0238879946457,23.4786028789879,20.8564390170486,25.0644835913977,25.7895661802231,26.5061087547464,24.5400920827873,22.649174809224,20.8360906247794,24.6826933223149,19.1550008504669,22.0911422161294,21.3352214589098,17.3105136295771,19.6843542978779,26.4596807530817,26.461266225736,22.3817566703385,18.6263264342227,25.3465053469396,23.0391680666766,23.5031375068106,21.4344398893706,19.0399399668573,18.4766982517243,16.4845685996433,16.8761419141704,18.9442660427501,22.9106498663472,25.2788817284822,21.3459743454763,21.024620602905,21.8910789975068,26.6389082628567,21.9953786556285,21.703735372031,21.8428027299822,24.5837739551195,23.99482928765
"5x10e6_4d_2",1,24.4216183886071,23.5252281783578,20.9219960691412,19.3530921602765,18.593869561745,16.0805135712804,21.9038796397608,18.6993440108028,22.6051093904152,22.5066443851466,21.4432941555071,17.9242345941097,20.6275757406596,17.2797659974012,21.5698468027924,24.5225311276492,21.5606204133882,21.1336950580965,16.62253872231,19.5773051537025,20.4702884861811,20.4710523690563,19.9615139016657,17.1746261421325,20.3164523830881,22.9868969967763,25.8593038720313,23.4116868289247,26.4714768907154,21.5930127496391,24.1458158741844,24.2125367571396,19.5895606314718,27.0065637264328,21.0085371907998,22.5571251141922,20.7756803012129,18.1429522946282,22.0424121855655,19.9364467209335,27.8713561278423,26.31230009544,25.4730220768349,27.4047061870104,27.0602056089301,24.4101380457176,26.9884877626771,24.6696062284926,22.5452179668118,25.8926656531712,22.1304747280051,21.773504564031,20.7715568693832,19.9839266397393,21.3155893560996,19.6871226563105,25.0603487812691,26.8975596639235,23.2342192630793,26.8218402407085,23.8827209349955,24.8990970677731,16.6217758944875,14.7952332186035,25.2343528929959,24.6282009898504,22.5768006646864,24.4625251130776,22.3655879679562,19.4764017282743,18.8985071021546,17.4400111669955,19.5445440173912,19.1335553771581,17.7558650515153,20.3785029711775,20.778244705339,20.8516678454517,17.6840125358364,18.5642710404761,16.9659331781818,14.6796442807414,18.4120010911715,19.752552050332,21.3776968039852,23.6161893995204,18.5400395667926,19.2156203856931,21.8105050525537,18.8398034187904,21.6097119311559,20.4228227908702,26.4237215868054,20.3743920014174,24.078603638096,24.2790063241651,25.083711741657,25.3345665452005,26.5311166759005,15.879346920983,24.2617914965865,21.22989828247,24.5588162063782,18.4453792747481,20.7949617444554,19.8105245666501,20.0870773867587,22.5996926875971,24.7432013288224,25.6200910377517,24.4503166978198,23.838951520816,21.4779616557223,20.86414126608,19.0129400707119,20.2510538457781,19.1788717922807,18.1398328202882,19.7830332906121,25.3194463845364,24.79957046478,21.1627690096448,17.7208040069396,22.7427713816138,22.032593129097,24.1722352090922,22.6984176908685,20.3537477370984,19.7844943698412,18.3204444290399,19.0937344474067,16.2231750740328,18.5874460843435,22.0420617763468,19.3736128699189,19.81699016392,20.1240043736817,24.8113782215905,19.8593177127668,20.1527708432554,20.4113602132222,23.6523463089124,24.3032440973396
"5x10e5_4d_1",1,21.0190911538851,20.0074827882127,18.9713340131616,19.4554700832857,20.970436651977,19.3360886290576,23.8004820711966,21.2663324707844,24.6184145175843,24.6842877285961,22.536289196911,18.3611058024047,21.0921451409575,17.3182487570125,22.8836582175997,24.9290245694835,21.1870112913695,21.4840801643528,16.6750734124071,21.3125963323289,19.4647888940812,19.9355158782536,19.5242320242923,19.0719254777743,20.3401110192099,24.1553231789366,25.7160106762702,22.3481321735137,25.6972097105232,22.8910479309863,23.4333057769709,22.449727249231,21.9470279584633,27.4577022507166,22.9787291346991,24.2020581921229,21.6855684876279,17.2836035883886,22.8269033794619,20.6551460244078,28.3406387502136,27.4431497021474,26.0849685970592,27.5695988352979,27.5448946471263,24.909686295032,27.2713088519694,24.1828535006523,22.6459125716102,26.2151516981053,21.6577185950503,22.2446618705429,21.6481513921168,22.278000463237,19.6767954658145,19.2806027194685,25.4789120309544,26.6844454778255,23.810199166469,26.8900332182221,23.2055974420897,24.4814461827211,19.753548932789,17.0265680181513,25.155345416482,24.5393578682179,22.9945810672766,23.2744471168493,22.6492396191126,18.7164102583135,18.2914121455037,18.620425011786,18.7300573230055,18.7516303750383,18.9101345286372,19.3033111373472,19.6813209946033,22.0143397838048,17.1779380422982,17.9196348776442,16.3006247304086,15.6937291950808,17.8991255637561,20.084996810207,20.0040813891181,21.8032227038454,19.7748668699085,18.9763967434336,22.280518616,18.5926316541413,20.4268014327198,20.1156168076613,26.267203598641,19.3232979396931,22.5897854228911,24.7942862568817,25.1475499603471,25.7785932327551,26.6902977114537,15.1020202186192,23.9434216173454,21.0867161219335,24.8567710584597,21.6842485561683,21.2620701782535,25.2614661325352,20.4314070595873,26.0404730112025,25.990614714334,26.5189880503754,22.4137735612223,19.9910812437214,17.5116019872134,25.6187099029589,17.4365068280555,22.9322421506393,22.1542524371434,17.6367172081921,16.5749189192566,26.4864269035437,26.4234214091747,22.2023438700918,17.8654649278926,25.5493587214193,22.5142222339473,21.3592774433205,18.728969673325,15.5799029673529,15.5583187572558,16.7438483009001,16.8923265719671,20.4061608798511,24.5869755856915,26.4350055937088,22.2220326379106,21.519149708275,22.8000697515178,26.8528237901643,22.6447293222016,22.1933110345186,21.7633855281083,23.3919179746318,22.712066185536
"5x10e6_2d_1",1,21.5649271199613,21.1925634268684,19.2326178117173,19.3445828036006,20.3895624163521,19.2677403939814,23.218587771692,19.5260731685548,24.144941671568,24.2357835946492,22.134211807022,18.226570506909,20.9656647008569,17.3179543684445,23.0073412874104,24.710840373399,21.4270310658228,21.3278453548214,16.7621309812077,20.9130538364634,19.5780969240637,20.3604118990429,19.816744526967,18.6267399454649,20.6599039159826,24.1832981129115,26.1035359424025,22.6330802554351,25.7600963723408,22.8939915475722,24.2183732936398,24.2964888872924,20.3286160401224,27.3367349538446,21.628428407391,23.1056511920885,20.8020215742104,18.096012311519,22.6003786874728,20.1877379235268,28.1044378300612,26.894282303638,25.9293600071178,27.4982580755615,27.1782587830396,24.5579903001221,27.1440521532027,24.384596694936,22.7209126333407,26.1911883160869,22.9359050983886,21.9412580095836,21.1643567073933,21.0125626517535,20.1628604187571,19.134374457645,25.2791589711019,26.7774233878189,23.3060177307538,26.8477268302968,23.3366427561922,24.6041118114374,19.8296115491207,17.1483224968904,25.0678954890655,24.6598955344054,23.3825797015204,24.5484015574483,22.4882320588422,18.2949108248829,18.0431160871597,18.7802731245527,19.0897553079302,18.7270339199373,18.7722159931268,20.0293384581268,21.0652601499377,21.831310916788,17.044971865367,17.6881666276616,16.0718068493466,15.5334850384377,17.7904917842989,20.6323927699445,21.2370090322709,23.6158108990215,19.4345297348806,18.6298170570717,21.7119826142655,18.2915863888891,20.5106165367753,20.0110664946829,26.2679283751495,19.7723988506289,23.2659615028405,25.0321162029441,25.3053714114639,25.661956588585,26.6582358938649,15.2197550905825,23.9117406000947,21.3359854899704,24.8632728034035,21.0166682086534,21.5445093506432,24.2773154980247,19.8200823323249,25.6515620796203,25.9233954975523,26.5618349370496,23.2670989881677,21.5039673954719,19.4598600732361,24.7467623712725,17.9173759950559,22.3630876352089,21.6618653892782,17.5376088478488,17.5416907763781,26.528546872686,26.3801487097515,22.1697663100557,18.1178726129427,25.1249771493461,22.3157967673213,22.3214454996548,20.3221848077475,17.9550557456879,17.5989160907444,15.7440921571163,16.1989543972167,19.5653503549898,23.3054976369269,25.7412594864663,21.139348842642,21.1528529876985,22.1281488616268,26.7644250720781,21.5318950635985,21.8706597116955,21.8827408021548,23.3673295599051,22.9608475791198
"5x10e5_4d_3",1,22.8756279717779,22.2567622567599,19.2867028443297,19.2016154364758,20.2374801559606,18.6785703751958,23.0770487612038,20.5938952001348,24.0274416925871,24.1740899833004,22.4365914619801,18.4389388996675,21.3682166897763,18.0541187118356,22.8582032033208,24.9990190214861,21.722664134882,21.3084033339418,16.7600522996878,20.8687232892279,19.5041340192544,20.1081380472562,19.8659859942714,18.1347435657867,20.022464670406,23.8152762770237,25.5427676307155,22.022419459817,25.5221910668126,22.5726617199274,23.6220784145385,23.7317323129037,20.2124294424561,27.2634761043138,21.429814585303,22.7911892253418,20.5050953075799,17.4575811498548,22.7264297048177,20.3330251047698,28.1295957359575,26.8518152718292,25.9072934832335,27.4205658955905,27.2397387988201,24.5925410978002,27.1254940343304,24.3434813713876,22.7177365544646,26.1216479686437,22.2665366483641,21.6955893891227,20.7835036626852,20.9280150766538,19.7704511739756,19.4126702377746,25.3470535953205,26.7618814013507,23.5531091887187,26.8791281329183,23.4013514178629,24.7309472869459,19.7103183702883,16.9766418195854,24.9780396356031,24.4677292945522,22.9331842941946,24.1807582682934,22.2421387465477,18.1042085710494,17.5782793925364,17.9885760004765,18.3733274413904,18.0438500095837,18.3613457314646,19.3356592657703,20.415711084043,21.2524533628197,16.610237604049,17.5014345042774,15.6006033875903,15.0991609320167,17.1916211814443,20.1483063581035,20.5003760663258,22.9950964479499,19.1474782271071,18.3486970915087,21.74687818173,17.7575359974662,19.807875002116,19.5556315532195,26.2194424108837,19.7961715368989,23.0925252115482,24.9975818763337,25.1938758840611,25.6126355766407,26.406961548934,14.9321462530146,23.5540033771356,21.1141377240678,24.7949873181318,20.4716863762651,21.6443336996839,23.2796856703488,20.4585444157298,25.1828097137035,25.87802386898,26.4618541012615,24.3438505512282,22.5780549899161,20.6768820685774,24.4557562684034,18.5679254472235,22.1549764450915,21.4043851338091,17.636233186787,18.7985745366539,26.5069501283475,26.3520884295452,22.2270881036857,18.5971258628042,25.1483848778113,22.9449099592756,23.1660801597784,21.3706923283084,19.0551983503449,18.8156681518925,16.593160622247,17.2708849969844,18.5950477732207,22.6013245508096,25.2525638046044,20.8124969718794,21.4114857737714,21.9743206671252,26.5237789668851,21.1489694514723,21.9257544401528,21.7475416067045,23.8125599370196,23.4796908495496
"5x10e6_4d_1",1,23.8248273800019,22.8017446657797,19.5486885852052,18.858386959391,18.4628226303443,17.0576490435784,21.4530633567197,18.9037270516102,22.3766646178023,22.486530631697,21.0986449642067,17.6434495379649,20.5888006297052,16.8188192144744,21.5207770392029,23.7974302884367,20.4041717517738,21.0279965791628,15.7126065522142,20.2342330067709,20.6978024290414,20.4182767648785,19.9040818401564,17.3220209625298,20.1496984403264,23.5354558664532,26.2519283238944,23.231932186077,26.244341185976,22.1066531891254,24.2811249290738,24.5302137818228,18.1479515695479,26.4141934625479,19.5708666133708,21.1491299816006,19.6366192000551,18.0668198957099,21.3266583848362,18.6870618761947,27.4192607092787,25.55757413146,24.3959399033149,26.9447420825671,26.5350586640592,24.1375942339291,26.7568751180819,23.5180770509518,22.0779634442554,25.3112721429889,22.1407636304266,21.0971885640494,19.9023142935253,19.3462444027454,20.9307338189627,18.8152292644338,24.7744045320419,26.1015950367495,22.5309189780367,26.6211101717243,22.5518074008846,24.3001943177915,18.2187188669705,15.6134415851528,24.7552858354239,24.2566904272581,23.0949536204878,24.8819351700313,21.7370616260822,19.7380681319042,18.1335210427357,18.2913629600945,18.9980228230989,18.2545057649389,17.9654954349634,20.3844089567494,21.056534194961,20.2218062836863,17.0712050484507,17.9489482070632,16.2951254351636,14.6172366314414,17.256002899914,19.838335953515,21.1816968671096,23.6764476038345,18.0166503577996,18.4020981460878,21.4400822851103,19.5155094005098,21.2895244720106,19.8770192416608,26.2435451911987,20.0221718770879,24.5209652248324,24.1323001503739,24.5625786484299,24.6258370188702,25.989552236788,15.1517197242004,23.821851624062,20.5711892584675,24.1833497608526,18.4439062141505,20.0967487678312,20.9602290362767,20.1311237664928,23.050931055028,25.1874499424639,26.2273884069122,25.0969952953506,24.5277046427939,22.645321672978,22.4584497952704,19.1073206943019,21.0973139658272,20.2392580675592,16.9424012104656,19.4831368798546,26.0602377744603,25.7150415678494,21.7147540511591,17.1726681522138,24.0028215381936,22.2353675793482,24.8090835401289,23.4619659790494,21.3363251262581,21.0368272527391,20.04639764915,20.6026335158818,16.7923372406463,20.2356036476965,23.0945174914,19.8066642709945,20.2059632357137,20.7913559807035,25.8283897778338,20.1323676212928,20.7477741174627,20.8281464618022,23.7720809496641,24.2381567349728
"5x10e5_4d_4",1,23.6588714182328,22.2110248584849,19.1390702476923,18.8623730734205,19.8483875982319,17.1210370350306,22.7309898745288,20.0578167583618,22.7441256307718,23.1173274633739,21.7292434781386,17.7961464794175,20.9558326568763,17.3645430713861,21.7686623888863,24.4363333511158,20.8660001484935,20.5981750904001,15.6625007296936,19.4877648538881,18.8213236143532,19.8477977368978,19.2288812082745,18.0698320947781,20.5118339516808,23.46356104165,25.4975461083707,21.8184370693923,25.0919479681273,21.9008669921965,23.5047456570067,23.8962632886892,19.9591058963909,27.0410224077328,21.1896647239574,21.8034043342325,19.9694876164933,17.3378370561808,22.289838083491,19.8956488677726,28.0081153512165,26.516029886924,25.4506229095503,27.0546639309128,26.7288261618323,24.2308176237868,26.7042934338909,23.642961933101,22.2069337124799,25.5836246581696,22.6528414726701,20.8698520084747,19.9884234444954,20.5580781452014,19.4999525465904,18.657995252003,24.9788124737671,26.1710726246108,23.0724285175372,26.5655396720765,22.6057380084502,23.9019250154637,16.7054334850866,14.343565000795,24.3597551894056,23.9182499049106,22.4232661026818,24.2592230270329,21.473648283532,18.666637179524,17.4945278577488,17.6499554047283,18.2839405257108,18.2335434675773,17.605481326638,19.4115462872087,20.8574830372174,20.4659971504716,16.1063445632011,17.0064082666676,15.5787437536285,14.7050074297799,16.142671278957,19.2619674896773,20.5708536458594,23.0389998437217,18.4598903328773,17.954729158469,21.4764498139576,18.1388329935486,19.5275130390053,19.1863580522503,25.8443393243184,19.3826766608084,22.9701510148619,24.3570081349215,24.6352059703888,24.9640926350164,26.1437934566889,14.1546674805937,22.9191675775087,20.7817471040251,24.3410105589901,18.7339887731121,20.5746288644339,20.8711444927625,20.095627364317,23.5104504185886,25.1912899923766,25.806491507388,23.6131445568452,22.0054443161788,20.255628545713,21.4578845716203,18.2024733109768,20.2258524417576,19.3230082917875,16.62278669135,18.7657172792242,25.1853332476203,24.6911051646965,21.2491682961897,17.2221323109836,22.870535739578,22.1368056057154,22.4122062102255,20.6750001658477,18.2815687081884,17.0622364033035,15.5815072478318,16.0574401577093,16.7613287442388,19.4655219406492,23.1846081268622,18.2338175677943,19.6842082053151,20.2872638627363,25.1465178693352,19.0987450246751,20.1246780977587,20.3883334605655,23.3142489625682,23.2236295270715
"5x10e5_7d_3",1,23.8864320882069,22.9629515901621,20.5813624287276,19.7058664789797,18.0285866605988,16.3781960137994,22.6833762124998,19.4143516844632,23.3783702730493,23.225686547884,22.0447816432399,18.075845686413,20.735168219407,17.9819028278114,22.3226022469292,24.9653310818525,22.054891762165,21.5057853915017,17.1040826470761,19.9443341474301,19.2760917392964,21.7647545840196,20.1857722579393,18.1578878100585,21.1067463070673,24.2069557645712,26.8053992846108,23.8797695367876,26.6321575431927,22.0454248964712,24.8554391071488,24.8856729166058,19.5525784600392,27.1976167108981,21.3436971443524,23.1542295645618,20.9258747529034,18.9821676911066,22.7504179034376,20.5006181086208,28.1885991074497,27.0312771635571,25.8612742713303,27.57233200157,27.0810311856998,24.7933298412183,27.3167738657579,24.7358499586158,22.9529338715558,26.360515985733,23.5239283671646,22.6014135373196,22.0286598347869,21.1530800594877,21.8754102126645,20.0211090919283,25.201835261228,26.717635113958,23.3937897599611,26.9988301297743,23.9823245661566,24.9145628739193,16.4556536897309,14.2703272683796,25.4647366795814,25.3669446029706,23.0453763999406,24.8660849765548,22.8945770715767,20.4552742859154,19.0948848599958,19.0219213722505,20.6559873583283,19.754092952872,18.3731200388236,21.1665209298178,21.2150042759373,22.6006057693828,18.1266195656789,18.4295281873326,18.0243279086348,15.5445830459645,19.2346173384779,20.6714222872927,21.7150565498379,24.1284633998564,19.9521795754627,19.2059754620276,22.2587452957829,20.811013901726,23.3596041347248,20.8605023098929,26.7025589979291,20.392600953359,22.9526667849337,24.1932400367166,24.6625192010245,25.0179038008707,26.7565309746434,16.0544847534489,25.0271004553809,20.8299171205949,24.7771510501516,18.2379253132744,19.8518293751792,20.6381929409557,19.5750192470994,22.8362353167514,24.9138020255814,26.2776178705262,24.4083174298449,23.4955877877859,21.4142270184006,22.5302704674305,19.2433163758103,21.2460771698999,20.5479106205706,16.9943496383978,20.0104371027692,26.303148619186,26.1132059474391,21.9902863831324,18.1395752394935,24.4011823870201,22.3608079778029,24.2022779494274,22.6489018300395,20.4281496685551,19.2567635522492,17.6786864187149,18.8293849896656,16.6182468031805,19.9397611415735,22.8357443455252,19.8355598027377,20.2144688363796,20.9419658462799,25.9726742331207,20.5441808005808,21.1486911569291,21.2138609835674,24.2068407323886,24.4904796390283
"5x10e6_4d_3",1,23.8024156849289,22.9953001503217,20.2560632426541,18.9974080442657,18.781793920005,16.2850162205214,21.7282735663623,18.9806597936778,22.5399808980153,22.5519677691515,21.7067993047049,17.9672537922912,21.0261433117754,17.6163542120159,21.8162724663893,24.5101853866785,21.1644024391328,21.1694738012913,16.0153917409886,19.9265015929017,20.0222956737635,20.041510770299,19.6864731699942,16.813781778251,19.7974394911473,23.0897753473096,26.2408520234207,23.1148251235288,26.3881479164257,21.4787381488383,24.0857956294324,24.151016384002,18.5910983870629,26.7958515013278,20.1982581276746,21.7394855177118,19.8788942547983,18.2577577130969,22.0743180522817,19.3421798147311,27.813550664071,26.2236408681527,25.2154313884123,27.2416304498397,26.696186064164,24.2530796650854,26.8721533118573,23.9744674569192,22.659372950319,25.8159150468036,22.2654827073792,21.6135299398348,20.6987012759556,19.4949577321336,21.3724624472871,19.6214990224331,25.0435054563058,26.4210628234633,22.9240554114653,26.8222410363254,23.2023002222791,24.7180484654796,17.0398064658644,14.8546448999413,24.894694462376,24.1467122291249,22.276685860418,24.4992544343986,22.0863947776941,19.2502408700646,18.4225248642205,17.87725323666,19.3116044821678,18.8352682444862,17.5635461223026,20.0283716688759,20.3721502154914,21.1521899748872,17.4340291503275,18.3044972719916,16.8457860580511,14.2172850395243,17.6556096594335,19.3351485236248,20.8681258564754,23.7141337672013,18.8548368123976,18.7290815256012,21.1905252109494,18.5603399485819,21.023162460909,20.2609301547789,26.343865592897,20.3577192459548,24.0557453126721,24.742924302951,24.8200698634546,24.9598129017724,26.2781164835416,15.4111488951044,24.131563727675,21.1486933288892,24.4727194677161,17.4762504147938,19.8834011129276,19.5039002069305,19.6710435316048,22.2238806301465,23.8945406220566,25.8990333417097,24.6801472312078,23.8916100851565,21.8314837298718,21.138395868951,19.4880383281679,20.7571636222975,19.8287072280555,17.3015450361384,19.4116529553567,25.6575560425243,25.2579123371404,21.4830751125059,17.3913052201365,23.1912297406255,22.0839179942416,24.3029700511106,22.9104583747314,20.8168269313062,20.7654232973006,19.3107596251612,19.6428435308126,16.4767310027655,18.445808892048,21.8311911532963,19.4622996879204,20.0484700777343,20.6091404037788,25.2125703006175,20.0370642876218,20.6164622443003,20.7346732401882,23.7274194502636,24.4722857660217
"5x10e6_2d_3",1,23.1517446491664,22.3907758970257,19.3816200468584,19.4314662330859,20.2330347669126,18.6774167389473,23.0242376027488,20.7274648427706,24.2230991951554,24.2223146830839,22.4184918027086,18.7199399219022,21.071841375316,17.9403360924764,22.8894932872112,24.8856155763182,21.6430210755351,21.5673296923893,17.017901592669,21.2329946718605,20.0175643775885,20.5979063780771,20.0333278854319,18.4164587944955,19.9402514867034,23.7744800402593,25.7627325943844,22.4212312108067,25.7071777439897,22.890383874852,24.0569057415666,24.3230833556311,20.0870616814734,27.2450743440558,20.879279324623,22.6204303815912,20.5881643577043,17.7169936775131,22.3825812845815,19.3947527370651,28.0565346910816,26.5926086164173,25.8099218613201,27.4664484299693,27.1374402327462,24.8857121971109,27.2802151514486,24.7658882184548,23.0319032505848,26.1026128281398,22.2710286712665,21.7749467763094,20.3585539547213,20.5192950289057,19.9290373056161,19.4776248808577,25.2840916627996,26.7991188437892,23.6602188973632,27.0396689368863,23.5273683052015,24.7932490609812,19.3857049721417,16.2892851021703,25.1363810098141,24.7909598306939,23.4195933848752,24.5064749033627,22.2411464198418,17.9645429661327,17.7104727734035,18.7935171863238,18.7618545240653,18.6766876623172,18.6882028119547,19.8595388621251,21.2238818082397,21.7152409308031,16.7436533339765,17.5826158965234,15.9218036266403,15.569040636629,17.755414819245,20.7076166387175,21.4468276166509,23.7080273956754,19.2463752865743,18.4175019253842,21.8558228853977,18.6647695205218,20.5519885324297,20.0910196675394,26.3420670700029,19.8494932011013,23.6380562437317,25.0864069265856,25.2932624062868,25.7773056888639,26.6671688363334,15.040919265542,23.7054078557048,21.3493880115236,24.9270581534544,20.7893344376079,20.9739264402977,24.1789003545305,20.6338009980003,25.4261792567933,25.8189944076568,26.441783637361,24.4184685117087,22.4958334398063,20.7668522803002,24.95134608541,18.2760166047404,22.131441896041,21.3249379514676,17.3413553945498,18.2939923079275,26.3684898095362,26.3275100206633,22.221222169983,18.4333624528262,25.4371423506834,22.6308949852587,23.257344246118,21.6489268379154,19.305561928342,19.5647010957771,17.8181421273314,18.2317252484797,19.3415854653477,23.4856143743446,25.7744109669841,21.6635459436566,21.3565047620264,21.9852746775963,26.7066038301727,21.8436731533999,21.9683352741676,21.8589567674306,23.7085508596791,23.2456751368415
"5x10e6_2d_4",1,23.1822450611872,22.1349681804615,19.5734054201169,19.8997610900052,20.3443728524894,19.4667497438273,23.2750141996863,21.0130489822157,24.5580897095143,24.2278926405496,22.4320686698878,19.0065075710935,21.1666226740056,18.2133811920489,23.210629284779,25.2939850135443,22.0368309409917,21.5390950170791,17.1239718628772,21.5214593050272,20.2556377652979,20.9612138605168,20.5456205122858,18.4589309684557,20.8687106686405,24.0925786005416,26.2003567062018,23.2740196315919,26.0842900181607,23.0168067577706,24.2500254067537,24.6520777597448,20.6271169261038,27.5193117080417,21.8330094436292,23.3093275753493,21.107556642579,18.1238261865389,22.9380202809878,20.0715196463469,28.2426840755485,27.04965714148,26.0601844947563,27.6834285808482,27.3820418879026,25.1799716381561,27.5420354855739,24.9472374913976,23.4472682814709,26.2093706628444,23.0073065517183,22.3813570597412,21.5502048511217,21.273114042431,20.9095144520048,19.8142504486673,25.6191511321203,27.1021679532045,24.004912051927,27.1853533636554,23.8694485991089,25.1832856928962,19.63427774742,16.1662875346414,25.4398094564431,25.1940342007594,23.4114769810095,24.4660901567189,22.6560088601748,19.6846842092868,18.292883980517,19.1993801459728,19.2542975704167,19.4028632196617,18.8009579440541,20.334370681483,21.5141525107363,22.1744714720725,17.258754351727,17.8930902201415,16.566705824053,15.4061789195845,17.9833511455289,20.5309398084081,21.6029482291484,23.9198821517503,19.6379279332597,18.7675760911724,22.232480361326,20.0083997260243,21.317360856302,20.6898820879368,26.6532635295889,20.3591550322901,23.2139121420274,25.1539697498539,25.5012452116251,26.0489323192102,26.9075661687087,15.5774465772565,23.775965471367,21.3824340524663,25.1919405509991,20.865755732754,20.4357827890804,24.773709791666,20.7821704932994,25.5933825737259,25.7523993294307,26.5624924744242,24.3994606085649,22.6174448207706,20.758970269607,25.5329699805191,18.2669762183887,22.5977674006525,22.0935058988996,16.9564569866581,18.3701717532835,26.5887808469368,26.5375125196823,22.1842105400512,17.8890719319815,25.7347362845572,22.6030285102435,23.2517443128965,21.6149675844762,19.2540374292223,19.185883539365,17.7833565817163,17.9749092242094,19.6217431465469,24.209316219215,26.1820264755766,22.4205903091787,21.0946101073836,22.475239644186,26.9570616454902,22.8071143228367,22.0415958240814,21.5854709065006,23.9684923421216,23.5267166442716
"5x10e5_7d_4",1,23.7314690277093,22.8126484556796,20.3770838049024,19.5494246485422,19.9437748252097,18.1050991653365,23.5168216236113,20.3766675320035,24.0108469983356,23.8986690069831,22.3876533220959,18.6794138418775,21.1527360348772,18.1728097423535,22.8923131417283,25.0293751951402,22.1367478842828,21.5702551610235,17.41213086112,20.6481099091631,19.4780054911853,21.2403336640579,20.3280556697383,18.5412893781708,21.1926159480868,24.1012795551289,26.5743864530344,23.4730949314663,26.2728672366317,22.2561754244774,24.4323536718895,24.2178121888717,20.9144142402373,27.6534488718798,22.5414912137783,23.9982572795486,21.5960564158775,18.7241425374876,23.2898082588633,20.8876939154385,28.2707393126169,27.4601067583357,26.0224716127305,27.7739524055047,27.3892218232083,24.9046687041539,27.3875822011817,24.7976062182649,23.0813743707801,26.4721497658195,23.5137437372927,22.7543617254712,22.4261999917815,22.038230454973,21.4984908562041,20.1489888401174,25.2939454549005,26.7952228125405,23.7656746929864,27.0258433245019,23.9676334892609,24.9621579358678,19.5189668066768,16.2078709270371,25.6253751982013,25.3993217394962,22.8767468083137,24.4671704324962,22.9040708117746,20.7634782302649,18.8189141743546,18.8565673407386,20.1691715971811,19.8034219737301,18.2051299621337,20.7940742156754,20.7284659193415,22.7157204205008,17.8111574059235,18.5018217599924,17.7120317497195,15.4333024655037,18.6903456726068,20.2103433104719,21.219955926065,23.5079333687201,20.2404795396937,19.5302898781666,22.1104689724125,20.725990674342,22.3092812177215,20.8263443362593,26.6090569666437,20.1183975942771,22.6287546733711,24.7541617821879,25.0791875468431,25.4471152688334,26.85213494567,15.8422605589319,24.6805715699793,21.1219383243756,25.043796454887,19.6464184084047,20.6229449448027,22.1993214294756,20.3749164937391,24.0468553939244,25.2310841833006,26.4186851935599,24.5834204830637,22.9297152294718,21.0016962991489,24.1108682954747,19.2926610334158,22.0029040978584,21.3261850517449,17.0095323938002,19.6099421690321,26.5208418881058,26.4585182580488,22.4843133996167,18.064309083618,25.0344371273535,22.7875286751395,23.9122950244803,21.9807014516621,19.9159595924476,18.6951656212333,16.6897982878254,17.4346942674631,18.1545826582635,21.8148315020273,24.5517906239496,20.5233694422842,20.8393113536024,21.6150463012197,26.3440012318543,21.4843060232221,21.7839621952686,21.6071522733798,24.4511490945382,24.0671541656364
"5x10e5_7d_2",1,24.4528143333476,23.509843006882,20.2274966711693,19.0343185667021,19.2558990584072,16.912514505232,22.5370744001255,19.1917521902383,22.7551060946608,22.8080428851556,21.3604161859017,17.4266468735406,20.3006917526159,17.3018232596414,21.630605750264,24.3654786397931,21.5590634658502,20.8510840911234,16.6206793843531,19.9332875979342,19.6757430151451,21.2654025826698,20.3745867517277,18.6086818909503,21.6687414278114,24.0104208820986,26.5652182018216,23.5990668792751,26.4045938070282,22.1863835950287,24.5561836176359,24.8557831627178,19.8846368097372,27.035950186842,21.6438862382706,22.9608021629348,20.9612149205306,18.9432017800359,22.3433744216943,20.2067389540407,27.9649040814195,26.7347711128059,25.6479851238819,27.2526765475616,27.0359201592778,24.3869074955513,27.0338511144207,24.4822225267985,22.3176434984411,26.071050506981,23.4900316520489,22.5145721237352,21.4748131346668,21.085789633452,21.5373704446333,19.5724817777547,24.8100834247802,26.6096106058319,23.1036054122727,26.9244663112464,23.8320837756387,24.7083838307705,15.1586637682965,14.2607429820386,25.1836932256357,24.9559380752533,23.2487433856412,25.0264489778815,22.9342829696142,19.7567219380764,19.1129930262528,18.225949792578,20.0976534605515,19.4045990039834,18.5569473152212,21.0611775160893,21.209389107761,22.1110364654893,17.8741001523183,18.3295550730261,17.4148520470665,15.3458809772461,19.5017358875975,20.6552279302667,21.6812656539077,24.0713765962872,19.5286870773286,19.3183342757015,21.8630217790032,19.8841947457098,22.884828406372,20.5983972941577,26.3708208134525,20.0776673603538,23.1249063352416,24.3833815633752,24.7933100931505,25.013427466711,26.4452001666152,15.9079038824938,24.1440255385541,20.7918721243829,24.5252986828197,18.6029200334585,20.5326606672611,20.4282990823745,19.7299430577279,22.6698247260089,24.6439499654268,26.0786521704711,24.1923599455282,23.1892709418233,21.1939152769239,22.1396859268154,18.7253436848183,20.8982543836057,20.0612516931671,17.6410958846811,19.9579421297603,25.9170911317128,25.6332903844761,21.801366457363,18.4315169877308,23.9877383039349,22.2835600704096,23.6442947476632,22.1140355473113,20.1915187754823,18.9752426479211,17.5767785258446,18.4813229932933,17.1410116410923,19.5270015732767,22.7449772021695,19.2062491850476,19.9635721419365,20.4741059671527,25.603498104778,19.9515055474144,20.4978525676988,20.8630728383519,23.8138516335911,23.8458218465828
"5x10e6_2d_2",1,23.3197654095026,22.5296414420575,19.5325418933204,19.8145292700518,20.5866706526796,19.3021379754141,23.6893710021664,20.5304371768984,24.5297485422494,24.0811118277128,21.555121416571,19.0161664305099,21.4222864272594,18.3104148867453,22.9774765490575,25.1106884783856,21.9265557023254,21.4481778229199,17.1910319465644,21.211969962242,19.7234661789643,20.1175392702868,19.9432929208863,19.0891733981148,21.334826064583,24.478181437036,25.9554342317452,22.9833673254707,26.0693825669831,23.2367815130088,24.4934417384967,24.6715934345313,21.2587231587915,27.5969387127995,22.5169249922317,23.821166225017,21.274849315152,18.4078702777796,23.1756048267196,20.9101250107267,28.3093513087679,27.4562498732883,26.2795182016887,27.747724135933,27.5384322918431,24.9170581611597,27.4426356496441,24.503642824036,23.4468383415555,26.6780806332058,23.1592919347718,21.9891747134705,22.1720837933127,22.0895227338039,20.7355903159367,20.027606375635,25.5970459347577,27.0671185423226,23.8539445548171,27.0688328809633,23.6982958042159,25.2924067361947,18.8207715568305,16.8048674821963,25.2750073772517,24.91426276229,23.6616362242186,24.9623820530775,22.7979058828435,18.7153723926118,17.9865436021027,19.0252588796337,19.0743481079214,19.0473304689721,18.9076260352502,20.1781811125597,21.4545795615862,22.5954316458931,17.4336780138423,18.179389775006,16.4816964712394,15.8169154814335,17.9924095629188,21.132080455751,21.6111149890519,24.20178875688,20.4764985160752,19.3209261200655,22.0281040226484,18.704394022534,20.4799810255932,20.7212213547932,26.4564016695361,20.0116446036111,22.6668394445176,25.2844568689451,25.5451969880024,26.0751420687459,26.8970873736738,15.439145298554,24.4301634722118,21.6662606332669,25.2038622010189,20.8293467584833,20.9265233997865,23.9608930822294,20.6008033310584,25.2870638663738,25.7453624818494,26.4386880605366,24.4227900758344,22.7073934689548,21.3165041731526,25.1487394047015,18.4162971950341,22.3816179347031,21.9138371701534,17.1979645926941,19.293287528223,26.5038501166859,26.4947002134581,22.1805169976865,17.8840701607382,25.6884946013742,22.5083624113945,23.4835220663352,21.8126928108859,19.8302959470973,19.4918064997443,17.5687513686064,18.5080991723207,19.5453955673171,23.4726141220481,25.6632072525773,21.7613902286785,20.8691460151187,21.9978633399436,26.7262068275194,22.2868109771601,21.7914721415527,21.5938160045275,23.6033521936262,23.3950959505909
"5x10e6_4d_4",1,24.336211105662,23.5255300088541,20.1947126759225,19.0106107378908,19.9794732563136,18.0824289384941,23.3979738196087,20.2780946418011,24.2154608653232,24.1392856013113,22.3827670183605,18.6216977676259,21.3931491204102,18.325309984808,22.8258927737714,24.9068574828355,22.0004584329033,22.0048498330807,17.4794743818977,21.1042341705129,20.9667313587415,19.2230775357922,19.9000594409064,18.0358718454604,20.4704358335002,23.3679763016099,26.2650677276934,23.3953917497834,26.3936248155972,21.7180291233116,24.0035678363088,23.5047816561435,21.1907387456915,27.3568213379947,23.1001554117572,24.2067611581287,21.5649289800957,18.5391648471317,23.1878330488453,21.6665789973567,28.2820156040895,27.7839344277241,26.1911361947959,27.9260174132603,27.6911379732461,24.5267661856139,27.6020378755382,24.4042857240592,23.6016223223343,26.8613833277694,23.0404786968392,23.069135045666,23.1575605033326,22.3717258705316,21.4352030163275,20.8098620184097,25.6439476541284,27.1445259985207,23.6963924010891,27.2712943169741,23.5852575927686,25.606898553292,19.7551445105264,16.8284866278929,25.4142610896986,24.8226192580207,22.476619646192,24.2011210822919,23.5885046603089,19.5417110973677,18.9511957676622,17.7773826508188,18.8871174933827,19.4623001872398,18.3838591715297,19.6831095220967,20.0039543043929,23.0293312117247,17.7390212821812,18.902283099935,17.0016105781053,14.4414086735487,18.1442488684778,18.7518493594346,19.9711082995635,23.381677733906,21.1828463796819,20.1766631911567,21.2263732363262,18.4985292029681,20.6132796999406,20.8356619546649,26.4291472141863,19.9082270383303,22.7841970992961,25.1916234403174,25.3752518619381,25.7123092076387,26.7287561130777,15.9644612664622,24.8320642611682,21.4402243840688,24.9552974666617,18.7950585850163,20.9974123515571,21.0096788048609,20.4175805997778,23.1672476916835,25.3623950859795,26.3790364188426,25.1334476678062,23.7740381957417,21.6120219977119,22.6948889897846,19.8540672967473,21.8248638864186,20.7926159604472,17.9282956224398,19.8255393796897,26.259950243009,26.118319168214,22.20034907237,18.7830423857262,24.3669635398669,22.834814549425,24.5306668471763,22.8523654861141,20.6696427731823,21.1480206406512,19.2489444232938,19.5015606045965,16.9041333048234,20.2354717405038,23.1214007171554,20.3408233086214,21.1182204562202,21.4397886625514,26.1596142298737,21.2056905023417,21.7442182440167,21.7232028392721,24.573923344434,24.7671690111883
"5x10e6_7d_3",1,24.4200695677222,23.7111590313878,20.2347602855028,19.696679886209,19.488602036664,17.1331949033696,22.4299294860285,19.3348189737646,22.7415682050879,22.8242676287463,21.7679738657751,17.7990698190884,20.385447073458,17.9871012527442,21.7714067517389,24.9704454291119,22.175980739271,21.2367419598161,17.0092977976131,19.1591925985462,19.8152051222382,20.236653216604,20.3180846020994,17.9665939883674,20.9253480728141,23.3558701921293,26.2474965872932,23.2305259492025,26.336389829279,22.2829840399808,24.3280153902973,24.6028030550921,21.2357074996914,27.3563333495276,22.2976860987142,23.7471557815143,21.932255399152,18.7644630381194,22.6437917980333,20.5754619224445,28.0449461926789,27.0579656198804,25.8486722198919,27.6834863016311,27.5332914676314,24.4662227456202,27.349212781131,25.0052808534614,23.2714026134198,26.3858194912317,22.8084135535834,22.8643260623634,22.0340542051832,21.6827119654915,21.3605699685364,20.3213242406328,25.5049566694499,27.1162871606023,23.7436874340748,27.2162203916451,24.5772419869519,25.3595149956608,17.2465617231828,15.292669598141,25.5260688689951,25.1322877542108,23.0886607997875,24.581349210387,23.5438841449921,19.5664739233016,19.2998550085179,18.1607302342218,19.5474423459082,19.4592145914784,18.3188187399146,20.4169501827538,21.0610654190464,23.07254006227,18.2009581551036,18.8295281298288,17.1157606169916,15.0259656241425,18.3301690362135,20.6425212070762,21.7425565655316,23.8309369008231,20.1761961330605,19.5929813945943,21.7835212474497,18.846153183259,21.7536051393412,20.8527797947214,26.4691627128898,20.1855369662305,23.1888735819709,24.7670033778946,25.1916061221999,25.634876065504,26.8081420929819,16.295671138788,24.8079392498934,21.1955683560861,24.9981032469016,18.2145767405485,20.329107058482,19.1490457636737,19.2538855623734,21.5336354567478,23.5204984314571,24.7491107880722,22.839751817487,22.2557341352439,20.0023241922019,19.8741808461947,18.2123326594366,19.0675395635007,18.2957144330878,17.5941031391294,19.6468944121276,24.1974454382692,23.2136874761504,20.3453917101259,17.4018775265633,21.8334087895214,21.173490340629,22.8365462301607,21.3469405547376,19.0429765362458,18.2178037595475,16.0680974529494,17.4951984888225,16.5504254071159,17.9337264887983,21.1437327450104,18.1953738596087,18.8399256402129,19.1499799506913,23.5390073104788,18.8900355382735,18.9622871672129,19.6660402945858,22.8808121325626,23.4010908312306
"5x10e6_7d_2",1,24.4561998559973,23.9793932700918,20.1957782927394,19.4302777069976,18.1575006766487,15.0066344311142,20.7252070945629,18.3063539249174,21.6822179470752,21.5150786272776,20.9627914471257,17.1518299481208,19.948778928547,17.2176749474307,21.2800757884291,24.4016102649263,21.3754141473804,20.7169781924821,16.4550094593699,18.6714814622621,19.2040354010321,20.5466973819003,19.9767219584951,16.0745939199489,19.309991547342,22.6616914532833,25.9123856717024,23.0611091049592,26.1203964153109,20.4032000876824,23.5993141474344,23.0054970863508,20.2663745097072,26.875879623998,21.3109477682194,22.7834765857254,21.1616781058148,17.9696064447421,21.6151813785752,19.6480830214264,27.5563361322015,26.1834684986673,25.0672822053079,27.3280984140376,26.8859474854232,24.3870137651994,27.0165566796982,24.7197404762774,22.7758881324437,25.987236771119,20.9505299118774,22.4006444298179,21.5232667737223,20.2387615808309,20.9677012911987,19.967760648256,25.4203791822254,26.7490856160146,23.4643559176845,27.0774928102238,24.7721120681824,25.2236959521363,17.942598710062,15.4331733123565,25.3700362904971,25.2871757775505,21.0777584570297,23.4975519555807,22.7515641829141,18.8613618390017,18.614394428555,16.6775167458039,19.1972591449526,19.3619754892875,16.7124224639985,19.5353021963937,19.1220559041936,22.1522012726396,17.4749206710024,18.5241334832576,16.8861463523032,13.3217972445528,16.5013476368563,18.7929115014959,20.1996501811332,22.5299056637374,19.3878975517024,19.0148942846708,21.4386485972999,18.6318691161696,21.6956239010756,20.4400947082359,26.4100518455742,20.1331949033696,24.2541451541323,24.570171645239,24.8351856336347,25.073585742649,26.4523258362288,16.2664637311171,24.4843574113204,20.7121540561356,24.5691695422107,17.507787503846,19.6508445715526,18.9880024449986,18.9530971556531,21.6730706114406,23.4974170982701,24.4865355417206,22.8137471428366,22.4617601971355,20.6178395916947,19.8114881757753,17.8560677544163,18.9419178622548,17.8754138688141,16.9052416470694,19.891851550408,24.285490130187,23.4320911050028,20.3817507304562,17.1090239873657,21.3028590796414,20.9474741939993,23.3309913948841,22.1862356220045,20.2272185757806,18.5157853646947,16.9688586210811,18.7615976939587,16.5653634882845,17.6360217152696,21.0817296625865,17.3903816638349,18.4888553762837,18.8089216683112,23.2485732995169,17.8770696207408,18.8782958741805,19.6227758575571,22.5960345705633,23.3782283003212
"Mock_2d_3",0,20.9546670444096,19.06301845249,18.6819735543893,18.9315102291639,20.8201480843501,18.8883403497721,23.509398818612,21.4501361874626,24.1343377923425,24.3015397334644,22.4327525291636,18.2160243658136,20.8974154540513,17.798853635871,22.5064301084219,24.9907679907674,21.1119028036924,21.1748883576169,16.3617058179444,20.773143332725,18.8946728165639,18.9001682770801,18.4674636350683,18.3747899644851,19.8498916367715,23.1463029710796,25.5534316104029,21.6451030616098,25.379763589828,21.6135763632181,22.6963142852308,22.2413039983815,21.9378546530108,27.2368431029063,22.6310802251377,23.5273288081297,21.0238406295088,17.3527841921119,22.728171410587,20.3610505005959,28.2643840388056,27.1002080378077,25.8931672660221,27.2865700286418,27.2301349541355,24.4666905065848,26.9740026151031,23.8472294305195,22.8484794855901,25.5894095318414,21.2032131132628,21.4390473674227,20.1436684501141,22.0148021947418,19.829000792812,18.997886505708,25.2914655449066,26.5055844337805,23.3821774157734,26.6763793773261,22.9718375088152,23.8596359182632,19.5534023129718,16.5885072909071,24.1415293624263,23.9794913987,22.2934834362479,22.7977110931076,21.6491882978164,19.06160554775,18.221375301447,16.9519323528316,18.3718004356376,18.3828778140576,17.55025018647,18.713089960557,18.9608092316957,20.7304245281624,16.3154785218905,17.8516897650004,15.9612022886488,14.3675640572698,16.4423770991853,18.8685299184141,18.6009729720781,20.9308759094529,18.6118679432452,18.8876795076936,20.7235588780972,17.2764395229624,18.6755873263176,19.4272183272675,25.9221376613812,19.5207335252735,22.6003343331372,24.7142526459199,24.837409366702,25.2876888510303,26.3548488932051,14.5021293768451,23.2463533939144,20.8982555831776,24.4048406417294,21.4874045981092,21.6152893864463,25.1380966168899,19.5743946534187,26.1237777297187,26.1435576008527,26.5032124966364,21.6384467413043,18.5688840101223,16.8935253086868,25.2995791998265,17.6383482981456,22.6980188182562,22.1005535892426,17.6693434687057,15.0599083325015,26.4938142911301,26.3761369178911,22.2081002225005,18.1747820144901,25.5094940219558,22.4252572726013,20.7677882243397,17.4185455893268,15.2422781877863,14.506868917847,16.2384962686494,16.4115253621245,20.3478203067049,24.1768150399708,26.369058665218,21.9910713798866,21.5052279950605,22.5551204801599,26.8886393995688,22.2391343626049,22.3188158443693,21.8673340794982,22.9593003264544,22.4283542938311
"Mock_2d_4",0,21.7217547582347,20.4450033493869,17.7827618100389,18.244539644271,20.7597961642132,18.3145880843589,23.6015463833985,20.8540867061428,23.4056781358704,23.7672632893722,22.077399577786,17.8017445671209,20.908683329138,17.355332275361,21.8636479821759,24.6205688709113,20.8004076154751,20.7561953022752,16.2542727696206,20.0987729696978,18.2138927168548,18.7263492484211,17.9958200174771,17.5611287262004,19.2446894498611,22.491805643625,24.961727875821,21.0511382295119,24.8307234101486,21.1083752977369,22.0878820133527,21.5737806506904,21.3944149373298,27.1377366508487,22.2037893313508,22.9543006945317,20.3717386306091,16.4575432019916,22.3815849318741,20.047002227794,28.1631103431827,26.8706634739605,25.4104627384544,27.0498176467577,26.9491077561546,24.27891433135,26.7689849800134,23.1506222892967,22.4855476767742,25.3413217291967,20.7294510537485,20.8406377199766,19.8188088796544,21.4866830801335,18.7025718908464,18.3683905597993,24.9660244790258,25.9689507913273,23.1175391117604,26.570479042873,22.4161433107798,23.5094988544453,17.1941803238317,14.530707919655,24.0339505635937,23.5172568035329,21.5947713034166,22.274727771814,21.2031160087602,17.7499094147066,17.5857821664551,15.9185939526952,17.7227305199643,17.9964129738152,16.9113536746721,17.9837844617515,18.5235651863362,20.3980067106915,15.2925509511093,16.9699209893552,15.3723472615504,13.4584262643513,14.9705020403495,18.1080555508931,17.9920802565504,20.4074992307775,18.554527141519,18.3944705449709,20.4892180880325,16.5527659431676,17.9426589299791,18.3671983633994,25.4902875567008,18.9106155589204,22.4694501697494,24.0140092291923,24.1394593911983,24.6468841972185,25.9224481172596,13.2809259200008,22.5031805839669,20.5223970287225,24.1091231711339,20.3975259302834,21.0465711729922,23.8866027956138,19.8861561227818,25.3633261653783,25.8290765948507,26.4684050381288,22.5051881295109,20.1162655821212,18.7706127827448,24.3594817514119,18.2246294088815,21.7279881557299,21.118687337646,17.0230758056255,16.8473795096241,26.1784689739546,26.080648887731,21.8465147633628,17.7596305964707,25.1533258074112,22.5312030783796,21.6281860796205,19.1056200233114,16.8574123202806,16.0824375473538,15.5735724989584,16.1422292096929,19.0248741894394,22.8782365557814,25.5509293414423,21.1470949683306,20.7105327854032,21.6910025799046,26.5850255596483,21.8797415905714,21.3005317319385,21.180189928139,23.4515424126163,22.995847269323
"Mock_2d_2",0,21.0989419131339,19.5164538837959,18.401268467605,19.1824828604804,20.953361675757,19.4233454893446,23.6945982783877,21.3513021441165,24.173769076639,24.6749413504772,22.5880898807817,18.7671023155046,20.833693003945,18.2263560363456,22.6721861920778,25.3254390071762,21.6062440046506,21.3067875094352,16.5707614805452,19.9934804775282,19.2916720976712,18.8157715265698,18.671732820845,19.1937491279707,20.4723251875669,23.5747989554045,25.8907344462733,22.2617312495202,25.8986725124138,22.0078550384263,22.7510115440347,22.6704885564993,22.2717097891026,27.5411606755025,23.0160808846652,23.9632054003115,21.3960559653945,17.7504347715989,23.1372350807632,20.8153116576299,28.3734623300024,27.306392727558,26.2202786809948,27.4144657586675,27.5594027657466,24.7752616348057,27.310003894188,24.1449584702061,23.1723695162415,25.9179354493673,21.6733065951337,21.6146275147241,20.4919793031439,22.4252784050687,20.6046784349686,19.5105607637612,25.3301590496005,26.8403979978444,23.7114613394472,26.9632800262923,23.4222154532121,24.5178176206475,20.0735278870901,17.217061194243,24.8641928527002,24.2293574871899,22.8239965122141,23.3414299170734,21.8656126501183,20.3992459752419,19.0580820879387,18.1289088914323,18.9596581578843,18.8306652942184,18.3388317101382,19.290101132515,19.6224509176487,21.1142888307023,17.3983089602962,18.2016036218162,16.5985048621077,14.7141021064904,16.6993708072738,19.6282674163902,19.2850410630121,21.6934963159838,18.9821775289446,19.5565579746833,22.361371971285,19.1934196303291,19.9122287716479,19.8607363472315,26.1285463107198,19.6744774221419,22.3715877620545,24.9049686136841,25.1291135008856,25.6103035109303,26.6100143995798,14.9628133299776,23.5329270705355,21.1974809842609,24.7676656959867,21.1370125391877,20.2161978885223,25.091085221835,19.8024361962529,25.8029672196952,25.7169164599629,26.5599573556568,22.2747095749711,19.2975240650917,17.8855783411448,25.6284468751478,17.6588386301511,23.0776515522948,22.4247184822552,16.8038258493643,16.3286812267472,26.4874962345143,26.5966942214827,22.3994620428235,17.6993000550394,25.9810902596047,22.6115015898947,21.4572571206268,18.562808032519,16.1882341671079,16.0945381090378,16.4618026208578,14.0464855793867,20.143768705313,24.4612341211093,26.3695066925842,22.3604282426238,21.161257077317,22.6910701183761,26.9430795045127,22.8480070917138,22.3748479252797,21.8770692461817,23.3241519730684,22.9732747624555
